Date Time,Temp (°F) LGR S/N: 10568633 c:1,End Of File LGR S/N: 10568633
06/23/26 14:20:00,74.271,
06/23/26 14:25:00,70.651,
06/23/26 14:30:00,68.077,
06/23/26 14:35:00,67.050,
06/23/26 14:40:00,66.879,
06/23/26 14:45:00,66.193,
06/23/26 14:50:00,65.680,
06/23/26 14:55:00,65.167,
06/23/26 15:00:00,64.825,
06/23/26 15:05:00,64.652,
06/23/26 15:10:00,64.825,
06/23/26 15:15:00,65.851,
06/23/26 15:20:00,66.879,
06/23/26 15:25:00,67.392,
06/23/26 15:30:00,67.564,
06/23/26 15:35:00,67.735,
06/23/26 15:40:00,67.906,
06/23/26 15:45:00,67.906,
06/23/26 15:50:00,68.077,
06/23/26 15:55:00,68.248,
06/23/26 16:00:00,68.248,
06/23/26 16:05:00,68.248,
06/23/26 16:10:00,68.248,
06/23/26 16:15:00,67.735,
06/23/26 16:20:00,67.221,
06/23/26 16:25:00,67.050,
06/23/26 16:30:00,66.537,
06/23/26 16:35:00,65.851,
06/23/26 16:40:00,65.680,
06/23/26 16:45:00,65.509,
06/23/26 16:50:00,65.167,
06/23/26 16:55:00,64.652,
06/23/26 17:00:00,63.626,
06/23/26 17:05:00,57.441,
06/23/26 17:10:00,50.995,
06/23/26 17:15:00,45.828,
06/23/26 17:20:00,43.099,
06/23/26 17:25:00,43.648,
06/23/26 17:30:00,43.648,
06/23/26 17:35:00,43.648,
06/23/26 17:40:00,43.099,
06/23/26 17:45:00,42.363,
06/23/26 17:50:00,40.321,
06/23/26 17:55:00,41.067,
06/23/26 18:00:00,40.134,
06/23/26 18:05:00,40.134,
06/23/26 18:10:00,39.760,
06/23/26 18:15:00,40.134,
06/23/26 18:20:00,38.629,
06/23/26 18:25:00,38.629,
06/23/26 18:30:00,39.007,
06/23/26 18:35:00,39.007,
06/23/26 18:40:00,39.007,
06/23/26 18:45:00,38.629,
06/23/26 18:50:00,40.509,
06/23/26 18:55:00,43.648,
06/23/26 19:00:00,43.648,
06/23/26 19:05:00,41.067,
06/23/26 19:10:00,40.509,
06/23/26 19:15:00,39.947,
06/23/26 19:20:00,39.196,
06/23/26 19:25:00,39.384,
06/23/26 19:30:00,39.384,
06/23/26 19:35:00,40.134,
06/23/26 19:40:00,40.696,
06/23/26 19:45:00,39.384,
06/23/26 19:50:00,38.440,
06/23/26 19:55:00,38.629,
06/23/26 20:00:00,37.870,
06/23/26 20:05:00,37.297,
06/23/26 20:10:00,37.488,
06/23/26 20:15:00,37.679,
06/23/26 20:20:00,37.679,
06/23/26 20:25:00,38.061,
06/23/26 20:30:00,37.870,
06/23/26 20:35:00,37.870,
06/23/26 20:40:00,36.914,
06/23/26 20:45:00,37.297,
06/23/26 20:50:00,37.870,
06/23/26 20:55:00,38.250,
06/23/26 21:00:00,37.488,
06/23/26 21:05:00,37.870,
06/23/26 21:10:00,37.107,
06/23/26 21:15:00,37.297,
06/23/26 21:20:00,38.250,
06/23/26 21:25:00,37.870,
06/23/26 21:30:00,37.297,
06/23/26 21:35:00,38.061,
06/23/26 21:40:00,37.870,
06/23/26 21:45:00,38.440,
06/23/26 21:50:00,39.007,
06/23/26 21:55:00,38.629,
06/23/26 22:00:00,38.818,
06/23/26 22:05:00,40.881,
06/23/26 22:10:00,40.134,
06/23/26 22:15:00,39.573,
06/23/26 22:20:00,39.573,
06/23/26 22:25:00,38.440,
06/23/26 22:30:00,39.007,
06/23/26 22:35:00,39.196,
06/23/26 22:40:00,39.007,
06/23/26 22:45:00,39.573,
06/23/26 22:50:00,38.440,
06/23/26 22:55:00,38.061,
06/23/26 23:00:00,39.007,
06/23/26 23:05:00,39.573,
06/23/26 23:10:00,38.250,
06/23/26 23:15:00,38.061,
06/23/26 23:20:00,37.870,
06/23/26 23:25:00,38.061,
06/23/26 23:30:00,37.870,
06/23/26 23:35:00,37.297,
06/23/26 23:40:00,36.338,
06/23/26 23:45:00,36.531,
06/23/26 23:50:00,36.338,
06/23/26 23:55:00,36.914,
06/24/26 00:00:00,36.723,
06/24/26 00:05:00,37.107,
06/24/26 00:10:00,37.107,
06/24/26 00:15:00,35.758,
06/24/26 00:20:00,36.145,
06/24/26 00:25:00,36.338,
06/24/26 00:30:00,35.758,
06/24/26 00:35:00,37.107,
06/24/26 00:40:00,36.531,
06/24/26 00:45:00,35.951,
06/24/26 00:50:00,37.297,
06/24/26 00:55:00,36.531,
06/24/26 01:00:00,37.488,
06/24/26 01:05:00,36.531,
06/24/26 01:10:00,36.338,
06/24/26 01:15:00,35.951,
06/24/26 01:20:00,36.145,
06/24/26 01:25:00,36.145,
06/24/26 01:30:00,36.338,
06/24/26 01:35:00,36.145,
06/24/26 01:40:00,35.951,
06/24/26 01:45:00,36.338,
06/24/26 01:50:00,37.297,
06/24/26 01:55:00,38.250,
06/24/26 02:00:00,37.488,
06/24/26 02:05:00,36.531,
06/24/26 02:10:00,36.338,
06/24/26 02:15:00,35.951,
06/24/26 02:20:00,35.758,
06/24/26 02:25:00,35.758,
06/24/26 02:30:00,35.564,
06/24/26 02:35:00,36.145,
06/24/26 02:40:00,35.758,
06/24/26 02:45:00,36.145,
06/24/26 02:50:00,35.758,
06/24/26 02:55:00,35.175,
06/24/26 03:00:00,35.758,
06/24/26 03:05:00,35.370,
06/24/26 03:10:00,35.175,
06/24/26 03:15:00,35.175,
06/24/26 03:20:00,34.981,
06/24/26 03:25:00,35.370,
06/24/26 03:30:00,34.981,
06/24/26 03:35:00,34.590,
06/24/26 03:40:00,35.370,
06/24/26 03:45:00,35.758,
06/24/26 03:50:00,35.370,
06/24/26 03:55:00,34.786,
06/24/26 04:00:00,34.590,
06/24/26 04:05:00,35.175,
06/24/26 04:10:00,34.981,
06/24/26 04:15:00,34.786,
06/24/26 04:20:00,34.981,
06/24/26 04:25:00,34.981,
06/24/26 04:30:00,35.564,
06/24/26 04:35:00,35.175,
06/24/26 04:40:00,35.175,
06/24/26 04:45:00,35.370,
06/24/26 04:50:00,35.758,
06/24/26 04:55:00,37.297,
06/24/26 05:00:00,36.531,
06/24/26 05:05:00,36.531,
06/24/26 05:10:00,37.488,
06/24/26 05:15:00,37.488,
06/24/26 05:20:00,38.440,
06/24/26 05:25:00,39.007,
06/24/26 05:30:00,39.573,
06/24/26 05:35:00,39.947,
06/24/26 05:40:00,39.196,
06/24/26 05:45:00,39.007,
06/24/26 05:50:00,39.760,
06/24/26 05:55:00,40.134,
06/24/26 06:00:00,39.760,
06/24/26 06:05:00,41.439,
06/24/26 06:10:00,39.384,
06/24/26 06:15:00,38.818,
06/24/26 06:20:00,40.134,
06/24/26 06:25:00,40.881,
06/24/26 06:30:00,42.179,
06/24/26 06:35:00,43.282,
06/24/26 06:40:00,43.099,
06/24/26 06:45:00,41.994,
06/24/26 06:50:00,41.810,
06/24/26 06:55:00,43.282,
06/24/26 07:00:00,42.915,
06/24/26 07:05:00,42.363,
06/24/26 07:10:00,42.548,
06/24/26 07:15:00,42.179,
06/24/26 07:20:00,40.881,
06/24/26 07:25:00,40.881,
06/24/26 07:30:00,41.994,
06/24/26 07:35:00,42.179,
06/24/26 07:40:00,43.282,
06/24/26 07:45:00,43.648,
06/24/26 07:50:00,43.282,
06/24/26 07:55:00,46.908,
06/24/26 08:00:00,49.582,
06/24/26 08:05:00,46.369,
06/24/26 08:10:00,43.282,
06/24/26 08:15:00,42.732,
06/24/26 08:20:00,43.466,
06/24/26 08:25:00,46.008,
06/24/26 08:30:00,51.874,
06/24/26 08:35:00,47.802,
06/24/26 08:40:00,49.228,
06/24/26 08:45:00,48.339,
06/24/26 08:50:00,45.466,
06/24/26 08:55:00,45.286,
06/24/26 09:00:00,48.339,
06/24/26 09:05:00,49.404,
06/24/26 09:10:00,50.995,
06/24/26 09:15:00,47.982,
06/24/26 09:20:00,48.160,
06/24/26 09:25:00,48.517,
06/24/26 09:30:00,47.802,
06/24/26 09:35:00,46.728,
06/24/26 09:40:00,44.742,
06/24/26 09:45:00,44.195,
06/24/26 09:50:00,46.908,
06/24/26 09:55:00,46.369,
06/24/26 10:00:00,45.104,
06/24/26 10:05:00,45.648,
06/24/26 10:10:00,47.802,
06/24/26 10:15:00,47.088,
06/24/26 10:20:00,45.828,
06/24/26 10:25:00,45.104,
06/24/26 10:30:00,49.228,
06/24/26 10:35:00,53.100,
06/24/26 10:40:00,50.643,
06/24/26 10:45:00,46.908,
06/24/26 10:50:00,46.728,
06/24/26 10:55:00,47.266,
06/24/26 11:00:00,47.266,
06/24/26 11:05:00,50.290,
06/24/26 11:10:00,50.290,
06/24/26 11:15:00,48.695,
06/24/26 11:20:00,47.446,
06/24/26 11:25:00,47.088,
06/24/26 11:30:00,48.339,
06/24/26 11:35:00,53.449,
06/24/26 11:40:00,53.274,
06/24/26 11:45:00,52.750,
06/24/26 11:50:00,51.699,
06/24/26 11:55:00,49.937,
06/24/26 12:00:00,53.100,
06/24/26 12:05:00,55.364,
06/24/26 12:10:00,56.230,
06/24/26 12:15:00,57.614,
06/24/26 12:20:00,55.364,
06/24/26 12:25:00,57.096,
06/24/26 12:30:00,54.669,
06/24/26 12:35:00,57.958,
06/24/26 12:40:00,64.825,
06/24/26 12:45:00,64.139,
06/24/26 12:50:00,57.614,
06/24/26 12:55:00,52.750,
06/24/26 13:00:00,52.576,
06/24/26 13:05:00,56.230,
06/24/26 13:10:00,56.057,
06/24/26 13:15:00,51.346,
06/24/26 13:20:00,50.290,
06/24/26 13:25:00,49.050,
06/24/26 13:30:00,49.404,
06/24/26 13:35:00,49.582,
06/24/26 13:40:00,50.466,
06/24/26 13:45:00,49.759,
06/24/26 13:50:00,50.819,
06/24/26 13:55:00,55.884,
06/24/26 14:00:00,57.268,
06/24/26 14:05:00,56.750,
06/24/26 14:10:00,52.576,
06/24/26 14:15:00,48.695,
06/24/26 14:20:00,46.908,
06/24/26 14:25:00,47.802,
06/24/26 14:30:00,45.286,
06/24/26 14:35:00,42.363,
06/24/26 14:40:00,42.732,
06/24/26 14:45:00,43.648,
06/24/26 14:50:00,45.648,
06/24/26 14:55:00,45.648,
06/24/26 15:00:00,44.013,
06/24/26 15:05:00,44.742,
06/24/26 15:10:00,44.742,
06/24/26 15:15:00,43.099,
06/24/26 15:20:00,44.560,
06/24/26 15:25:00,46.008,
06/24/26 15:30:00,45.648,
06/24/26 15:35:00,45.104,
06/24/26 15:40:00,51.346,
06/24/26 15:45:00,53.623,
06/24/26 15:50:00,51.523,
06/24/26 15:55:00,48.517,
06/24/26 16:00:00,50.819,
06/24/26 16:05:00,48.695,
06/24/26 16:10:00,45.648,
06/24/26 16:15:00,47.802,
06/24/26 16:20:00,46.369,
06/24/26 16:25:00,44.742,
06/24/26 16:30:00,47.624,
06/24/26 16:35:00,46.728,
06/24/26 16:40:00,44.379,
06/24/26 16:45:00,43.648,
06/24/26 16:50:00,43.831,
06/24/26 16:55:00,42.915,
06/24/26 17:00:00,41.439,
06/24/26 17:05:00,43.099,
06/24/26 17:10:00,44.195,
06/24/26 17:15:00,45.466,
06/24/26 17:20:00,44.742,
06/24/26 17:25:00,45.648,
06/24/26 17:30:00,44.013,
06/24/26 17:35:00,42.915,
06/24/26 17:40:00,42.363,
06/24/26 17:45:00,41.439,
06/24/26 17:50:00,43.466,
06/24/26 17:55:00,42.732,
06/24/26 18:00:00,40.881,
06/24/26 18:05:00,41.439,
06/24/26 18:10:00,40.134,
06/24/26 18:15:00,40.321,
06/24/26 18:20:00,41.067,
06/24/26 18:25:00,40.696,
06/24/26 18:30:00,40.134,
06/24/26 18:35:00,40.321,
06/24/26 18:40:00,39.573,
06/24/26 18:45:00,39.760,
06/24/26 18:50:00,41.067,
06/24/26 18:55:00,40.134,
06/24/26 19:00:00,38.440,
06/24/26 19:05:00,38.818,
06/24/26 19:10:00,39.573,
06/24/26 19:15:00,39.196,
06/24/26 19:20:00,40.509,
06/24/26 19:25:00,40.321,
06/24/26 19:30:00,39.947,
06/24/26 19:35:00,39.947,
06/24/26 19:40:00,39.760,
06/24/26 19:45:00,40.321,
06/24/26 19:50:00,38.061,
06/24/26 19:55:00,37.297,
06/24/26 20:00:00,37.297,
06/24/26 20:05:00,36.914,
06/24/26 20:10:00,36.338,
06/24/26 20:15:00,36.145,
06/24/26 20:20:00,36.145,
06/24/26 20:25:00,35.370,
06/24/26 20:30:00,34.981,
06/24/26 20:35:00,34.786,
06/24/26 20:40:00,34.981,
06/24/26 20:45:00,34.198,
06/24/26 20:50:00,34.198,
06/24/26 20:55:00,34.198,
06/24/26 21:00:00,34.002,
06/24/26 21:05:00,34.394,
06/24/26 21:10:00,35.370,
06/24/26 21:15:00,34.981,
06/24/26 21:20:00,35.175,
06/24/26 21:25:00,34.786,
06/24/26 21:30:00,34.786,
06/24/26 21:35:00,34.590,
06/24/26 21:40:00,34.590,
06/24/26 21:45:00,33.411,
06/24/26 21:50:00,33.411,
06/24/26 21:55:00,33.411,
06/24/26 22:00:00,33.213,
06/24/26 22:05:00,33.013,
06/24/26 22:10:00,34.002,
06/24/26 22:15:00,34.786,
06/24/26 22:20:00,36.145,
06/24/26 22:25:00,34.394,
06/24/26 22:30:00,33.805,
06/24/26 22:35:00,34.198,
06/24/26 22:40:00,34.198,
06/24/26 22:45:00,33.607,
06/24/26 22:50:00,33.213,
06/24/26 22:55:00,33.013,
06/24/26 23:00:00,33.607,
06/24/26 23:05:00,34.002,
06/24/26 23:10:00,35.370,
06/24/26 23:15:00,36.145,
06/24/26 23:20:00,35.370,
06/24/26 23:25:00,34.590,
06/24/26 23:30:00,33.607,
06/24/26 23:35:00,34.002,
06/24/26 23:40:00,34.198,
06/24/26 23:45:00,34.590,
06/24/26 23:50:00,34.590,
06/24/26 23:55:00,35.370,
06/25/26 00:00:00,34.981,
06/25/26 00:05:00,34.786,
06/25/26 00:10:00,34.394,
06/25/26 00:15:00,34.394,
06/25/26 00:20:00,34.590,
06/25/26 00:25:00,35.370,
06/25/26 00:30:00,35.564,
06/25/26 00:35:00,34.786,
06/25/26 00:40:00,34.002,
06/25/26 00:45:00,34.198,
06/25/26 00:50:00,34.590,
06/25/26 00:55:00,34.590,
06/25/26 01:00:00,35.175,
06/25/26 01:05:00,35.370,
06/25/26 01:10:00,34.981,
06/25/26 01:15:00,34.786,
06/25/26 01:20:00,34.590,
06/25/26 01:25:00,34.590,
06/25/26 01:30:00,34.198,
06/25/26 01:35:00,34.002,
06/25/26 01:40:00,34.981,
06/25/26 01:45:00,35.758,
06/25/26 01:50:00,35.175,
06/25/26 01:55:00,34.981,
06/25/26 02:00:00,34.786,
06/25/26 02:05:00,34.590,
06/25/26 02:10:00,35.370,
06/25/26 02:15:00,35.758,
06/25/26 02:20:00,35.564,
06/25/26 02:25:00,35.370,
06/25/26 02:30:00,36.338,
06/25/26 02:35:00,36.145,
06/25/26 02:40:00,36.914,
06/25/26 02:45:00,36.723,
06/25/26 02:50:00,37.297,
06/25/26 02:55:00,36.531,
06/25/26 03:00:00,36.914,
06/25/26 03:05:00,36.145,
06/25/26 03:10:00,35.758,
06/25/26 03:15:00,36.338,
06/25/26 03:20:00,36.723,
06/25/26 03:25:00,36.145,
06/25/26 03:30:00,36.723,
06/25/26 03:35:00,36.145,
06/25/26 03:40:00,35.951,
06/25/26 03:45:00,36.145,
06/25/26 03:50:00,36.531,
06/25/26 03:55:00,36.338,
06/25/26 04:00:00,37.297,
06/25/26 04:05:00,36.531,
06/25/26 04:10:00,37.679,
06/25/26 04:15:00,37.488,
06/25/26 04:20:00,38.250,
06/25/26 04:25:00,38.061,
06/25/26 04:30:00,39.384,
06/25/26 04:35:00,39.947,
06/25/26 04:40:00,40.696,
06/25/26 04:45:00,39.573,
06/25/26 04:50:00,39.007,
06/25/26 04:55:00,39.384,
06/25/26 05:00:00,39.947,
06/25/26 05:05:00,39.196,
06/25/26 05:10:00,38.818,
06/25/26 05:15:00,38.061,
06/25/26 05:20:00,38.061,
06/25/26 05:25:00,38.440,
06/25/26 05:30:00,38.250,
06/25/26 05:35:00,37.488,
06/25/26 05:40:00,38.061,
06/25/26 05:45:00,38.440,
06/25/26 05:50:00,39.196,
06/25/26 05:55:00,38.629,
06/25/26 06:00:00,38.250,
06/25/26 06:05:00,38.250,
06/25/26 06:10:00,37.870,
06/25/26 06:15:00,37.870,
06/25/26 06:20:00,37.107,
06/25/26 06:25:00,37.297,
06/25/26 06:30:00,38.061,
06/25/26 06:35:00,38.818,
06/25/26 06:40:00,39.196,
06/25/26 06:45:00,38.440,
06/25/26 06:50:00,37.870,
06/25/26 06:55:00,38.440,
06/25/26 07:00:00,38.250,
06/25/26 07:05:00,38.061,
06/25/26 07:10:00,37.488,
06/25/26 07:15:00,37.488,
06/25/26 07:20:00,37.488,
06/25/26 07:25:00,37.679,
06/25/26 07:30:00,38.061,
06/25/26 07:35:00,38.818,
06/25/26 07:40:00,39.007,
06/25/26 07:45:00,39.573,
06/25/26 07:50:00,38.629,
06/25/26 07:55:00,38.440,
06/25/26 08:00:00,38.818,
06/25/26 08:05:00,38.061,
06/25/26 08:10:00,38.061,
06/25/26 08:15:00,39.384,
06/25/26 08:20:00,40.134,
06/25/26 08:25:00,39.947,
06/25/26 08:30:00,39.947,
06/25/26 08:35:00,40.134,
06/25/26 08:40:00,39.760,
06/25/26 08:45:00,40.134,
06/25/26 08:50:00,40.321,
06/25/26 08:55:00,40.321,
06/25/26 09:00:00,42.179,
06/25/26 09:05:00,43.099,
06/25/26 09:10:00,41.067,
06/25/26 09:15:00,39.947,
06/25/26 09:20:00,40.509,
06/25/26 09:25:00,42.179,
06/25/26 09:30:00,42.548,
06/25/26 09:35:00,42.363,
06/25/26 09:40:00,42.732,
06/25/26 09:45:00,41.625,
06/25/26 09:50:00,41.439,
06/25/26 09:55:00,41.439,
06/25/26 10:00:00,39.573,
06/25/26 10:05:00,39.007,
06/25/26 10:10:00,39.760,
06/25/26 10:15:00,40.696,
06/25/26 10:20:00,41.254,
06/25/26 10:25:00,42.363,
06/25/26 10:30:00,41.625,
06/25/26 10:35:00,40.321,
06/25/26 10:40:00,39.947,
06/25/26 10:45:00,40.321,
06/25/26 10:50:00,41.625,
06/25/26 10:55:00,41.810,
06/25/26 11:00:00,41.625,
06/25/26 11:05:00,41.625,
06/25/26 11:10:00,44.195,
06/25/26 11:15:00,45.648,
06/25/26 11:20:00,46.008,
06/25/26 11:25:00,46.908,
06/25/26 11:30:00,44.742,
06/25/26 11:35:00,46.548,
06/25/26 11:40:00,46.008,
06/25/26 11:45:00,44.560,
06/25/26 11:50:00,46.548,
06/25/26 11:55:00,49.050,
06/25/26 12:00:00,50.995,
06/25/26 12:05:00,50.290,
06/25/26 12:10:00,46.728,
06/25/26 12:15:00,45.828,
06/25/26 12:20:00,46.188,
06/25/26 12:25:00,45.648,
06/25/26 12:30:00,44.013,
06/25/26 12:35:00,44.922,
06/25/26 12:40:00,48.517,
06/25/26 12:45:00,51.172,
06/25/26 12:50:00,51.172,
06/25/26 12:55:00,51.523,
06/25/26 13:00:00,47.802,
06/25/26 13:05:00,45.648,
06/25/26 13:10:00,50.290,
06/25/26 13:15:00,49.404,
06/25/26 13:20:00,46.188,
06/25/26 13:25:00,45.828,
06/25/26 13:30:00,47.802,
06/25/26 13:35:00,50.466,
06/25/26 13:40:00,53.449,
06/25/26 13:45:00,56.230,
06/25/26 13:50:00,57.096,
06/25/26 13:55:00,56.404,
06/25/26 14:00:00,51.346,
06/25/26 14:05:00,46.728,
06/25/26 14:10:00,46.008,
06/25/26 14:15:00,45.104,
06/25/26 14:20:00,46.008,
06/25/26 14:25:00,50.466,
06/25/26 14:30:00,52.401,
06/25/26 14:35:00,50.113,
06/25/26 14:40:00,47.624,
06/25/26 14:45:00,46.728,
06/25/26 14:50:00,47.088,
06/25/26 14:55:00,50.995,
06/25/26 15:00:00,51.699,
06/25/26 15:05:00,53.274,
06/25/26 15:10:00,49.050,
06/25/26 15:15:00,50.819,
06/25/26 15:20:00,52.401,
06/25/26 15:25:00,48.871,
06/25/26 15:30:00,46.728,
06/25/26 15:35:00,46.008,
06/25/26 15:40:00,46.548,
06/25/26 15:45:00,49.050,
06/25/26 15:50:00,51.874,
06/25/26 15:55:00,52.576,
06/25/26 16:00:00,50.995,
06/25/26 16:05:00,51.346,
06/25/26 16:10:00,47.088,
06/25/26 16:15:00,46.369,
06/25/26 16:20:00,46.369,
06/25/26 16:25:00,43.648,
06/25/26 16:30:00,46.188,
06/25/26 16:35:00,48.160,
06/25/26 16:40:00,48.695,
06/25/26 16:45:00,47.088,
06/25/26 16:50:00,47.624,
06/25/26 16:55:00,49.937,
06/25/26 17:00:00,45.828,
06/25/26 17:05:00,44.195,
06/25/26 17:10:00,43.099,
06/25/26 17:15:00,40.881,
06/25/26 17:20:00,42.915,
06/25/26 17:25:00,44.013,
06/25/26 17:30:00,43.099,
06/25/26 17:35:00,41.994,
06/25/26 17:40:00,43.099,
06/25/26 17:45:00,42.915,
06/25/26 17:50:00,42.363,
06/25/26 17:55:00,41.994,
06/25/26 18:00:00,42.179,
06/25/26 18:05:00,41.254,
06/25/26 18:10:00,41.067,
06/25/26 18:15:00,40.696,
06/25/26 18:20:00,41.439,
06/25/26 18:25:00,42.179,
06/25/26 18:30:00,42.179,
06/25/26 18:35:00,40.134,
06/25/26 18:40:00,38.818,
06/25/26 18:45:00,38.250,
06/25/26 18:50:00,39.196,
06/25/26 18:55:00,40.509,
06/25/26 19:00:00,41.439,
06/25/26 19:05:00,39.760,
06/25/26 19:10:00,38.629,
06/25/26 19:15:00,37.679,
06/25/26 19:20:00,36.914,
06/25/26 19:25:00,37.107,
06/25/26 19:30:00,37.870,
06/25/26 19:35:00,37.679,
06/25/26 19:40:00,36.914,
06/25/26 19:45:00,36.723,
06/25/26 19:50:00,36.914,
06/25/26 19:55:00,36.338,
06/25/26 20:00:00,36.145,
06/25/26 20:05:00,36.531,
06/25/26 20:10:00,36.723,
06/25/26 20:15:00,36.338,
06/25/26 20:20:00,35.758,
06/25/26 20:25:00,35.564,
06/25/26 20:30:00,35.564,
06/25/26 20:35:00,36.338,
06/25/26 20:40:00,36.723,
06/25/26 20:45:00,36.338,
06/25/26 20:50:00,35.951,
06/25/26 20:55:00,35.564,
06/25/26 21:00:00,34.981,
06/25/26 21:05:00,34.394,
06/25/26 21:10:00,34.198,
06/25/26 21:15:00,34.394,
06/25/26 21:20:00,34.590,
06/25/26 21:25:00,34.590,
06/25/26 21:30:00,34.786,
06/25/26 21:35:00,34.981,
06/25/26 21:40:00,34.981,
06/25/26 21:45:00,34.981,
06/25/26 21:50:00,35.175,
06/25/26 21:55:00,34.394,
06/25/26 22:00:00,34.002,
06/25/26 22:05:00,33.805,
06/25/26 22:10:00,34.002,
06/25/26 22:15:00,34.590,
06/25/26 22:20:00,34.002,
06/25/26 22:25:00,33.411,
06/25/26 22:30:00,33.411,
06/25/26 22:35:00,33.411,
06/25/26 22:40:00,33.805,
06/25/26 22:45:00,33.607,
06/25/26 22:50:00,33.013,
06/25/26 22:55:00,33.213,
06/25/26 23:00:00,33.213,
06/25/26 23:05:00,33.013,
06/25/26 23:10:00,33.213,
06/25/26 23:15:00,33.607,
06/25/26 23:20:00,34.394,
06/25/26 23:25:00,34.002,
06/25/26 23:30:00,33.411,
06/25/26 23:35:00,33.013,
06/25/26 23:40:00,32.815,
06/25/26 23:45:00,32.815,
06/25/26 23:50:00,33.013,
06/25/26 23:55:00,33.411,
06/26/26 00:00:00,33.013,
06/26/26 00:05:00,32.218,
06/26/26 00:10:00,31.617,
06/26/26 00:15:00,32.418,
06/26/26 00:20:00,32.815,
06/26/26 00:25:00,32.018,
06/26/26 00:30:00,31.415,
06/26/26 00:35:00,31.415,
06/26/26 00:40:00,31.213,
06/26/26 00:45:00,31.415,
06/26/26 00:50:00,32.218,
06/26/26 00:55:00,32.617,
06/26/26 01:00:00,32.218,
06/26/26 01:05:00,31.816,
06/26/26 01:10:00,32.018,
06/26/26 01:15:00,31.617,
06/26/26 01:20:00,31.415,
06/26/26 01:25:00,31.617,
06/26/26 01:30:00,31.816,
06/26/26 01:35:00,31.415,
06/26/26 01:40:00,31.213,
06/26/26 01:45:00,32.218,
06/26/26 01:50:00,31.816,
06/26/26 01:55:00,31.415,
06/26/26 02:00:00,31.617,
06/26/26 02:05:00,32.018,
06/26/26 02:10:00,32.018,
06/26/26 02:15:00,32.617,
06/26/26 02:20:00,32.418,
06/26/26 02:25:00,32.018,
06/26/26 02:30:00,31.415,
06/26/26 02:35:00,31.012,
06/26/26 02:40:00,31.012,
06/26/26 02:45:00,31.213,
06/26/26 02:50:00,32.018,
06/26/26 02:55:00,32.418,
06/26/26 03:00:00,31.415,
06/26/26 03:05:00,31.213,
06/26/26 03:10:00,32.815,
06/26/26 03:15:00,31.816,
06/26/26 03:20:00,31.213,
06/26/26 03:25:00,31.012,
06/26/26 03:30:00,31.415,
06/26/26 03:35:00,32.018,
06/26/26 03:40:00,32.018,
06/26/26 03:45:00,32.815,
06/26/26 03:50:00,31.816,
06/26/26 03:55:00,31.213,
06/26/26 04:00:00,31.213,
06/26/26 04:05:00,31.415,
06/26/26 04:10:00,31.617,
06/26/26 04:15:00,32.018,
06/26/26 04:20:00,32.418,
06/26/26 04:25:00,32.018,
06/26/26 04:30:00,31.816,
06/26/26 04:35:00,32.617,
06/26/26 04:40:00,31.816,
06/26/26 04:45:00,31.415,
06/26/26 04:50:00,31.213,
06/26/26 04:55:00,31.415,
06/26/26 05:00:00,32.617,
06/26/26 05:05:00,31.213,
06/26/26 05:10:00,31.415,
06/26/26 05:15:00,32.018,
06/26/26 05:20:00,32.218,
06/26/26 05:25:00,32.018,
06/26/26 05:30:00,31.415,
06/26/26 05:35:00,32.018,
06/26/26 05:40:00,33.013,
06/26/26 05:45:00,33.013,
06/26/26 05:50:00,32.218,
06/26/26 05:55:00,31.213,
06/26/26 06:00:00,31.213,
06/26/26 06:05:00,31.617,
06/26/26 06:10:00,31.617,
06/26/26 06:15:00,32.018,
06/26/26 06:20:00,32.018,
06/26/26 06:25:00,31.415,
06/26/26 06:30:00,31.415,
06/26/26 06:35:00,33.607,
06/26/26 06:40:00,37.488,
06/26/26 06:45:00,39.573,
06/26/26 06:50:00,41.067,
06/26/26 06:55:00,40.696,
06/26/26 07:00:00,40.509,
06/26/26 07:05:00,43.466,
06/26/26 07:10:00,44.742,
06/26/26 07:15:00,45.466,
06/26/26 07:20:00,45.828,
06/26/26 07:25:00,48.339,
06/26/26 07:30:00,49.050,
06/26/26 07:35:00,48.160,
06/26/26 07:40:00,49.404,
06/26/26 07:45:00,49.050,
06/26/26 07:50:00,44.379,
06/26/26 07:55:00,44.742,
06/26/26 08:00:00,43.831,
06/26/26 08:05:00,42.548,
06/26/26 08:10:00,42.548,
06/26/26 08:15:00,39.573,
06/26/26 08:20:00,38.818,
06/26/26 08:25:00,40.881,
06/26/26 08:30:00,39.947,
06/26/26 08:35:00,40.321,
06/26/26 08:40:00,41.810,
06/26/26 08:45:00,41.439,
06/26/26 08:50:00,43.282,
06/26/26 08:55:00,42.363,
06/26/26 09:00:00,41.994,
06/26/26 09:05:00,44.195,
06/26/26 09:10:00,43.466,
06/26/26 09:15:00,46.008,
06/26/26 09:20:00,44.742,
06/26/26 09:25:00,44.922,
06/26/26 09:30:00,46.008,
06/26/26 09:35:00,45.828,
06/26/26 09:40:00,43.466,
06/26/26 09:45:00,41.067,
06/26/26 09:50:00,39.947,
06/26/26 09:55:00,40.881,
06/26/26 10:00:00,40.321,
06/26/26 10:05:00,39.947,
06/26/26 10:10:00,43.831,
06/26/26 10:15:00,44.013,
06/26/26 10:20:00,44.379,
06/26/26 10:25:00,42.732,
06/26/26 10:30:00,42.179,
06/26/26 10:35:00,43.648,
06/26/26 10:40:00,43.099,
06/26/26 10:45:00,46.188,
06/26/26 10:50:00,48.160,
06/26/26 10:55:00,48.695,
06/26/26 11:00:00,45.466,
06/26/26 11:05:00,46.548,
06/26/26 11:10:00,49.937,
06/26/26 11:15:00,47.266,
06/26/26 11:20:00,45.104,
06/26/26 11:25:00,46.728,
06/26/26 11:30:00,52.576,
06/26/26 11:35:00,53.100,
06/26/26 11:40:00,46.188,
06/26/26 11:45:00,46.728,
06/26/26 11:50:00,46.728,
06/26/26 11:55:00,47.266,
06/26/26 12:00:00,50.113,
06/26/26 12:05:00,49.404,
06/26/26 12:10:00,50.819,
06/26/26 12:15:00,48.871,
06/26/26 12:20:00,47.446,
06/26/26 12:25:00,48.517,
06/26/26 12:30:00,48.160,
06/26/26 12:35:00,48.695,
06/26/26 12:40:00,49.937,
06/26/26 12:45:00,49.582,
06/26/26 12:50:00,51.346,
06/26/26 12:55:00,53.973,
06/26/26 13:00:00,50.819,
06/26/26 13:05:00,47.982,
06/26/26 13:10:00,48.160,
06/26/26 13:15:00,44.379,
06/26/26 13:20:00,45.104,
06/26/26 13:25:00,45.828,
06/26/26 13:30:00,46.188,
06/26/26 13:35:00,46.008,
06/26/26 13:40:00,47.446,
06/26/26 13:45:00,46.908,
06/26/26 13:50:00,46.908,
06/26/26 13:55:00,45.466,
06/26/26 14:00:00,43.648,
06/26/26 14:05:00,43.282,
06/26/26 14:10:00,42.915,
06/26/26 14:15:00,44.560,
06/26/26 14:20:00,47.088,
06/26/26 14:25:00,45.104,
06/26/26 14:30:00,43.831,
06/26/26 14:35:00,43.831,
06/26/26 14:40:00,42.915,
06/26/26 14:45:00,41.067,
06/26/26 14:50:00,43.648,
06/26/26 14:55:00,43.831,
06/26/26 15:00:00,43.282,
06/26/26 15:05:00,43.282,
06/26/26 15:10:00,42.179,
06/26/26 15:15:00,41.067,
06/26/26 15:20:00,41.994,
06/26/26 15:25:00,44.013,
06/26/26 15:30:00,44.013,
06/26/26 15:35:00,43.648,
06/26/26 15:40:00,43.282,
06/26/26 15:45:00,43.282,
06/26/26 15:50:00,44.560,
06/26/26 15:55:00,44.922,
06/26/26 16:00:00,43.466,
06/26/26 16:05:00,42.732,
06/26/26 16:10:00,43.466,
06/26/26 16:15:00,42.732,
06/26/26 16:20:00,44.922,
06/26/26 16:25:00,44.379,
06/26/26 16:30:00,45.466,
06/26/26 16:35:00,46.188,
06/26/26 16:40:00,45.828,
06/26/26 16:45:00,45.648,
06/26/26 16:50:00,43.466,
06/26/26 16:55:00,44.013,
06/26/26 17:00:00,44.922,
06/26/26 17:05:00,43.099,
06/26/26 17:10:00,43.099,
06/26/26 17:15:00,46.008,
06/26/26 17:20:00,47.088,
06/26/26 17:25:00,46.008,
06/26/26 17:30:00,43.831,
06/26/26 17:35:00,45.466,
06/26/26 17:40:00,45.648,
06/26/26 17:45:00,46.188,
06/26/26 17:50:00,43.099,
06/26/26 17:55:00,42.179,
06/26/26 18:00:00,41.625,
06/26/26 18:05:00,41.439,
06/26/26 18:10:00,42.548,
06/26/26 18:15:00,42.548,
06/26/26 18:20:00,40.881,
06/26/26 18:25:00,40.321,
06/26/26 18:30:00,39.384,
06/26/26 18:35:00,39.947,
06/26/26 18:40:00,40.134,
06/26/26 18:45:00,40.509,
06/26/26 18:50:00,40.696,
06/26/26 18:55:00,39.007,
06/26/26 19:00:00,39.573,
06/26/26 19:05:00,41.067,
06/26/26 19:10:00,38.818,
06/26/26 19:15:00,39.384,
06/26/26 19:20:00,39.384,
06/26/26 19:25:00,38.629,
06/26/26 19:30:00,37.679,
06/26/26 19:35:00,38.250,
06/26/26 19:40:00,38.818,
06/26/26 19:45:00,38.250,
06/26/26 19:50:00,38.629,
06/26/26 19:55:00,37.870,
06/26/26 20:00:00,37.488,
06/26/26 20:05:00,37.679,
06/26/26 20:10:00,37.679,
06/26/26 20:15:00,37.297,
06/26/26 20:20:00,37.107,
06/26/26 20:25:00,37.107,
06/26/26 20:30:00,37.297,
06/26/26 20:35:00,36.914,
06/26/26 20:40:00,36.723,
06/26/26 20:45:00,37.679,
06/26/26 20:50:00,37.297,
06/26/26 20:55:00,36.723,
06/26/26 21:00:00,35.564,
06/26/26 21:05:00,35.564,
06/26/26 21:10:00,35.758,
06/26/26 21:15:00,35.370,
06/26/26 21:20:00,35.175,
06/26/26 21:25:00,35.370,
06/26/26 21:30:00,35.758,
06/26/26 21:35:00,36.338,
06/26/26 21:40:00,36.145,
06/26/26 21:45:00,35.951,
06/26/26 21:50:00,35.951,
06/26/26 21:55:00,36.145,
06/26/26 22:00:00,35.175,
06/26/26 22:05:00,34.981,
06/26/26 22:10:00,36.145,
06/26/26 22:15:00,36.914,
06/26/26 22:20:00,36.338,
06/26/26 22:25:00,36.145,
06/26/26 22:30:00,35.175,
06/26/26 22:35:00,35.564,
06/26/26 22:40:00,35.758,
06/26/26 22:45:00,35.758,
06/26/26 22:50:00,35.564,
06/26/26 22:55:00,35.175,
06/26/26 23:00:00,36.723,
06/26/26 23:05:00,37.488,
06/26/26 23:10:00,37.107,
06/26/26 23:15:00,36.531,
06/26/26 23:20:00,35.951,
06/26/26 23:25:00,37.107,
06/26/26 23:30:00,37.488,
06/26/26 23:35:00,36.723,
06/26/26 23:40:00,36.914,
06/26/26 23:45:00,38.250,
06/26/26 23:50:00,38.061,
06/26/26 23:55:00,36.723,
06/27/26 00:00:00,37.107,
06/27/26 00:05:00,37.107,
06/27/26 00:10:00,37.488,
06/27/26 00:15:00,36.531,
06/27/26 00:20:00,36.338,
06/27/26 00:25:00,35.951,
06/27/26 00:30:00,36.145,
06/27/26 00:35:00,37.107,
06/27/26 00:40:00,36.914,
06/27/26 00:45:00,36.145,
06/27/26 00:50:00,36.531,
06/27/26 00:55:00,38.061,
06/27/26 01:00:00,38.061,
06/27/26 01:05:00,36.531,
06/27/26 01:10:00,36.723,
06/27/26 01:15:00,38.250,
06/27/26 01:20:00,38.440,
06/27/26 01:25:00,37.870,
06/27/26 01:30:00,39.384,
06/27/26 01:35:00,39.196,
06/27/26 01:40:00,38.818,
06/27/26 01:45:00,38.440,
06/27/26 01:50:00,38.629,
06/27/26 01:55:00,38.250,
06/27/26 02:00:00,38.250,
06/27/26 02:05:00,38.440,
06/27/26 02:10:00,38.818,
06/27/26 02:15:00,39.384,
06/27/26 02:20:00,39.573,
06/27/26 02:25:00,39.384,
06/27/26 02:30:00,39.760,
06/27/26 02:35:00,39.007,
06/27/26 02:40:00,38.440,
06/27/26 02:45:00,37.488,
06/27/26 02:50:00,37.107,
06/27/26 02:55:00,36.723,
06/27/26 03:00:00,36.338,
06/27/26 03:05:00,36.338,
06/27/26 03:10:00,36.338,
06/27/26 03:15:00,36.531,
06/27/26 03:20:00,37.488,
06/27/26 03:25:00,36.723,
06/27/26 03:30:00,36.338,
06/27/26 03:35:00,35.951,
06/27/26 03:40:00,35.951,
06/27/26 03:45:00,36.338,
06/27/26 03:50:00,36.723,
06/27/26 03:55:00,36.145,
06/27/26 04:00:00,35.758,
06/27/26 04:05:00,36.145,
06/27/26 04:10:00,35.564,
06/27/26 04:15:00,36.723,
06/27/26 04:20:00,38.818,
06/27/26 04:25:00,38.629,
06/27/26 04:30:00,36.914,
06/27/26 04:35:00,37.679,
06/27/26 04:40:00,36.914,
06/27/26 04:45:00,36.914,
06/27/26 04:50:00,36.531,
06/27/26 04:55:00,36.914,
06/27/26 05:00:00,36.914,
06/27/26 05:05:00,36.531,
06/27/26 05:10:00,36.338,
06/27/26 05:15:00,36.145,
06/27/26 05:20:00,35.951,
06/27/26 05:25:00,36.531,
06/27/26 05:30:00,37.107,
06/27/26 05:35:00,36.914,
06/27/26 05:40:00,36.145,
06/27/26 05:45:00,35.564,
06/27/26 05:50:00,35.564,
06/27/26 05:55:00,35.951,
06/27/26 06:00:00,35.758,
06/27/26 06:05:00,35.370,
06/27/26 06:10:00,36.145,
06/27/26 06:15:00,37.107,
06/27/26 06:20:00,36.338,
06/27/26 06:25:00,37.870,
06/27/26 06:30:00,38.440,
06/27/26 06:35:00,39.196,
06/27/26 06:40:00,39.196,
06/27/26 06:45:00,39.573,
06/27/26 06:50:00,39.196,
06/27/26 06:55:00,39.007,
06/27/26 07:00:00,39.007,
06/27/26 07:05:00,38.250,
06/27/26 07:10:00,38.818,
06/27/26 07:15:00,38.818,
06/27/26 07:20:00,39.573,
06/27/26 07:25:00,38.629,
06/27/26 07:30:00,38.250,
06/27/26 07:35:00,38.440,
06/27/26 07:40:00,39.760,
06/27/26 07:45:00,40.134,
06/27/26 07:50:00,39.196,
06/27/26 07:55:00,39.007,
06/27/26 08:00:00,39.384,
06/27/26 08:05:00,39.573,
06/27/26 08:10:00,39.196,
06/27/26 08:15:00,39.007,
06/27/26 08:20:00,38.818,
06/27/26 08:25:00,38.629,
06/27/26 08:30:00,38.440,
06/27/26 08:35:00,39.007,
06/27/26 08:40:00,38.818,
06/27/26 08:45:00,37.870,
06/27/26 08:50:00,37.297,
06/27/26 08:55:00,37.488,
06/27/26 09:00:00,38.629,
06/27/26 09:05:00,39.007,
06/27/26 09:10:00,38.440,
06/27/26 09:15:00,38.629,
06/27/26 09:20:00,39.007,
06/27/26 09:25:00,37.679,
06/27/26 09:30:00,37.488,
06/27/26 09:35:00,38.061,
06/27/26 09:40:00,37.870,
06/27/26 09:45:00,36.723,
06/27/26 09:50:00,37.488,
06/27/26 09:55:00,37.870,
06/27/26 10:00:00,37.488,
06/27/26 10:05:00,38.440,
06/27/26 10:10:00,38.440,
06/27/26 10:15:00,38.250,
06/27/26 10:20:00,39.196,
06/27/26 10:25:00,39.007,
06/27/26 10:30:00,38.818,
06/27/26 10:35:00,39.007,
06/27/26 10:40:00,38.629,
06/27/26 10:45:00,38.629,
06/27/26 10:50:00,40.134,
06/27/26 10:55:00,42.179,
06/27/26 11:00:00,41.439,
06/27/26 11:05:00,41.439,
06/27/26 11:10:00,40.696,
06/27/26 11:15:00,39.760,
06/27/26 11:20:00,39.196,
06/27/26 11:25:00,38.629,
06/27/26 11:30:00,38.061,
06/27/26 11:35:00,38.818,
06/27/26 11:40:00,41.254,
06/27/26 11:45:00,41.994,
06/27/26 11:50:00,41.810,
06/27/26 11:55:00,42.548,
06/27/26 12:00:00,43.831,
06/27/26 12:05:00,43.099,
06/27/26 12:10:00,42.179,
06/27/26 12:15:00,42.363,
06/27/26 12:20:00,43.466,
06/27/26 12:25:00,42.732,
06/27/26 12:30:00,40.509,
06/27/26 12:35:00,39.947,
06/27/26 12:40:00,41.625,
06/27/26 12:45:00,43.282,
06/27/26 12:50:00,41.994,
06/27/26 12:55:00,40.881,
06/27/26 13:00:00,40.881,
06/27/26 13:05:00,40.134,
06/27/26 13:10:00,40.321,
06/27/26 13:15:00,41.067,
06/27/26 13:20:00,42.363,
06/27/26 13:25:00,41.439,
06/27/26 13:30:00,40.881,
06/27/26 13:35:00,41.439,
06/27/26 13:40:00,41.625,
06/27/26 13:45:00,44.013,
06/27/26 13:50:00,45.828,
06/27/26 13:55:00,44.742,
06/27/26 14:00:00,45.466,
06/27/26 14:05:00,45.104,
06/27/26 14:10:00,46.008,
06/27/26 14:15:00,44.013,
06/27/26 14:20:00,42.179,
06/27/26 14:25:00,42.548,
06/27/26 14:30:00,41.810,
06/27/26 14:35:00,44.379,
06/27/26 14:40:00,43.466,
06/27/26 14:45:00,41.625,
06/27/26 14:50:00,41.625,
06/27/26 14:55:00,42.548,
06/27/26 15:00:00,41.625,
06/27/26 15:05:00,42.179,
06/27/26 15:10:00,42.179,
06/27/26 15:15:00,41.625,
06/27/26 15:20:00,41.810,
06/27/26 15:25:00,41.994,
06/27/26 15:30:00,40.321,
06/27/26 15:35:00,41.254,
06/27/26 15:40:00,41.439,
06/27/26 15:45:00,43.466,
06/27/26 15:50:00,41.439,
06/27/26 15:55:00,40.881,
06/27/26 16:00:00,41.439,
06/27/26 16:05:00,43.282,
06/27/26 16:10:00,43.282,
06/27/26 16:15:00,44.013,
06/27/26 16:20:00,41.254,
06/27/26 16:25:00,40.696,
06/27/26 16:30:00,40.696,
06/27/26 16:35:00,41.067,
06/27/26 16:40:00,41.994,
06/27/26 16:45:00,42.732,
06/27/26 16:50:00,41.439,
06/27/26 16:55:00,40.881,
06/27/26 17:00:00,42.548,
06/27/26 17:05:00,43.466,
06/27/26 17:10:00,41.439,
06/27/26 17:15:00,41.254,
06/27/26 17:20:00,40.321,
06/27/26 17:25:00,40.134,
06/27/26 17:30:00,39.947,
06/27/26 17:35:00,38.818,
06/27/26 17:40:00,39.760,
06/27/26 17:45:00,40.509,
06/27/26 17:50:00,40.881,
06/27/26 17:55:00,39.384,
06/27/26 18:00:00,39.196,
06/27/26 18:05:00,39.384,
06/27/26 18:10:00,38.250,
06/27/26 18:15:00,38.629,
06/27/26 18:20:00,38.440,
06/27/26 18:25:00,39.384,
06/27/26 18:30:00,38.440,
06/27/26 18:35:00,38.629,
06/27/26 18:40:00,38.629,
06/27/26 18:45:00,37.870,
06/27/26 18:50:00,38.440,
06/27/26 18:55:00,38.440,
06/27/26 19:00:00,38.629,
06/27/26 19:05:00,38.629,
06/27/26 19:10:00,38.629,
06/27/26 19:15:00,37.488,
06/27/26 19:20:00,37.297,
06/27/26 19:25:00,37.870,
06/27/26 19:30:00,37.870,
06/27/26 19:35:00,38.250,
06/27/26 19:40:00,37.679,
06/27/26 19:45:00,37.488,
06/27/26 19:50:00,36.914,
06/27/26 19:55:00,36.531,
06/27/26 20:00:00,36.531,
06/27/26 20:05:00,36.723,
06/27/26 20:10:00,36.338,
06/27/26 20:15:00,36.145,
06/27/26 20:20:00,36.531,
06/27/26 20:25:00,36.145,
06/27/26 20:30:00,36.145,
06/27/26 20:35:00,35.758,
06/27/26 20:40:00,35.951,
06/27/26 20:45:00,35.951,
06/27/26 20:50:00,36.531,
06/27/26 20:55:00,36.145,
06/27/26 21:00:00,36.338,
06/27/26 21:05:00,37.488,
06/27/26 21:10:00,36.338,
06/27/26 21:15:00,35.951,
06/27/26 21:20:00,35.951,
06/27/26 21:25:00,35.758,
06/27/26 21:30:00,35.951,
06/27/26 21:35:00,35.758,
06/27/26 21:40:00,36.338,
06/27/26 21:45:00,36.338,
06/27/26 21:50:00,35.564,
06/27/26 21:55:00,35.175,
06/27/26 22:00:00,35.175,
06/27/26 22:05:00,34.981,
06/27/26 22:10:00,34.981,
06/27/26 22:15:00,34.590,
06/27/26 22:20:00,35.370,
06/27/26 22:25:00,35.370,
06/27/26 22:30:00,34.981,
06/27/26 22:35:00,34.590,
06/27/26 22:40:00,34.786,
06/27/26 22:45:00,34.786,
06/27/26 22:50:00,35.175,
06/27/26 22:55:00,34.981,
06/27/26 23:00:00,34.786,
06/27/26 23:05:00,34.590,
06/27/26 23:10:00,34.590,
06/27/26 23:15:00,34.590,
06/27/26 23:20:00,34.981,
06/27/26 23:25:00,34.981,
06/27/26 23:30:00,34.394,
06/27/26 23:35:00,34.198,
06/27/26 23:40:00,34.002,
06/27/26 23:45:00,34.002,
06/27/26 23:50:00,34.198,
06/27/26 23:55:00,34.002,
06/28/26 00:00:00,34.198,
06/28/26 00:05:00,34.002,
06/28/26 00:10:00,34.198,
06/28/26 00:15:00,34.198,
06/28/26 00:20:00,34.394,
06/28/26 00:25:00,34.394,
06/28/26 00:30:00,35.758,
06/28/26 00:35:00,36.914,
06/28/26 00:40:00,35.564,
06/28/26 00:45:00,35.370,
06/28/26 00:50:00,35.370,
06/28/26 00:55:00,35.951,
06/28/26 01:00:00,36.531,
06/28/26 01:05:00,36.914,
06/28/26 01:10:00,36.531,
06/28/26 01:15:00,35.951,
06/28/26 01:20:00,35.758,
06/28/26 01:25:00,35.564,
06/28/26 01:30:00,35.564,
06/28/26 01:35:00,36.145,
06/28/26 01:40:00,35.758,
06/28/26 01:45:00,35.758,
06/28/26 01:50:00,34.981,
06/28/26 01:55:00,35.370,
06/28/26 02:00:00,35.758,
06/28/26 02:05:00,35.370,
06/28/26 02:10:00,36.145,
06/28/26 02:15:00,36.531,
06/28/26 02:20:00,36.531,
06/28/26 02:25:00,36.531,
06/28/26 02:30:00,36.531,
06/28/26 02:35:00,36.531,
06/28/26 02:40:00,36.338,
06/28/26 02:45:00,37.107,
06/28/26 02:50:00,36.531,
06/28/26 02:55:00,35.758,
06/28/26 03:00:00,35.370,
06/28/26 03:05:00,35.951,
06/28/26 03:10:00,35.758,
06/28/26 03:15:00,34.786,
06/28/26 03:20:00,34.981,
06/28/26 03:25:00,35.370,
06/28/26 03:30:00,35.370,
06/28/26 03:35:00,35.370,
06/28/26 03:40:00,35.175,
06/28/26 03:45:00,35.175,
06/28/26 03:50:00,34.981,
06/28/26 03:55:00,34.786,
06/28/26 04:00:00,34.786,
06/28/26 04:05:00,34.786,
06/28/26 04:10:00,34.590,
06/28/26 04:15:00,34.590,
06/28/26 04:20:00,34.786,
06/28/26 04:25:00,34.590,
06/28/26 04:30:00,34.394,
06/28/26 04:35:00,34.394,
06/28/26 04:40:00,34.786,
06/28/26 04:45:00,34.981,
06/28/26 04:50:00,35.175,
06/28/26 04:55:00,34.590,
06/28/26 05:00:00,34.590,
06/28/26 05:05:00,35.175,
06/28/26 05:10:00,36.145,
06/28/26 05:15:00,35.951,
06/28/26 05:20:00,36.145,
06/28/26 05:25:00,35.758,
06/28/26 05:30:00,35.564,
06/28/26 05:35:00,35.370,
06/28/26 05:40:00,35.564,
06/28/26 05:45:00,35.758,
06/28/26 05:50:00,35.951,
06/28/26 05:55:00,36.145,
06/28/26 06:00:00,36.338,
06/28/26 06:05:00,35.758,
06/28/26 06:10:00,35.370,
06/28/26 06:15:00,35.758,
06/28/26 06:20:00,36.145,
06/28/26 06:25:00,35.758,
06/28/26 06:30:00,35.758,
06/28/26 06:35:00,35.758,
06/28/26 06:40:00,36.338,
06/28/26 06:45:00,36.531,
06/28/26 06:50:00,36.531,
06/28/26 06:55:00,37.107,
06/28/26 07:00:00,37.488,
06/28/26 07:05:00,36.914,
06/28/26 07:10:00,36.145,
06/28/26 07:15:00,36.145,
06/28/26 07:20:00,36.531,
06/28/26 07:25:00,37.297,
06/28/26 07:30:00,37.107,
06/28/26 07:35:00,37.870,
06/28/26 07:40:00,37.679,
06/28/26 07:45:00,37.488,
06/28/26 07:50:00,38.061,
06/28/26 07:55:00,38.061,
06/28/26 08:00:00,38.250,
06/28/26 08:05:00,37.297,
06/28/26 08:10:00,37.679,
06/28/26 08:15:00,38.629,
06/28/26 08:20:00,39.007,
06/28/26 08:25:00,38.250,
06/28/26 08:30:00,38.440,
06/28/26 08:35:00,39.384,
06/28/26 08:40:00,40.881,
06/28/26 08:45:00,40.321,
06/28/26 08:50:00,40.509,
06/28/26 08:55:00,41.067,
06/28/26 09:00:00,40.134,
06/28/26 09:05:00,41.254,
06/28/26 09:10:00,42.363,
06/28/26 09:15:00,42.732,
06/28/26 09:20:00,42.548,
06/28/26 09:25:00,44.195,
06/28/26 09:30:00,42.363,
06/28/26 09:35:00,43.831,
06/28/26 09:40:00,44.742,
06/28/26 09:45:00,43.282,
06/28/26 09:50:00,42.915,
06/28/26 09:55:00,44.379,
06/28/26 10:00:00,46.188,
06/28/26 10:05:00,46.369,
06/28/26 10:10:00,43.466,
06/28/26 10:15:00,43.282,
06/28/26 10:20:00,46.728,
06/28/26 10:25:00,47.266,
06/28/26 10:30:00,49.050,
06/28/26 10:35:00,50.819,
06/28/26 10:40:00,50.995,
06/28/26 10:45:00,47.266,
06/28/26 10:50:00,47.266,
06/28/26 10:55:00,48.517,
06/28/26 11:00:00,49.404,
06/28/26 11:05:00,51.874,
06/28/26 11:10:00,54.495,
06/28/26 11:15:00,55.884,
06/28/26 11:20:00,55.364,
06/28/26 11:25:00,51.523,
06/28/26 11:30:00,49.937,
06/28/26 11:35:00,48.695,
06/28/26 11:40:00,49.582,
06/28/26 11:45:00,53.274,
06/28/26 11:50:00,53.798,
06/28/26 11:55:00,55.711,
06/28/26 12:00:00,52.576,
06/28/26 12:05:00,47.982,
06/28/26 12:10:00,46.908,
06/28/26 12:15:00,52.050,
06/28/26 12:20:00,53.798,
06/28/26 12:25:00,55.537,
06/28/26 12:30:00,56.750,
06/28/26 12:35:00,55.189,
06/28/26 12:40:00,52.576,
06/28/26 12:45:00,48.517,
06/28/26 12:50:00,48.517,
06/28/26 12:55:00,51.699,
06/28/26 13:00:00,56.057,
06/28/26 13:05:00,57.441,
06/28/26 13:10:00,56.230,
06/28/26 13:15:00,54.842,
06/28/26 13:20:00,55.189,
06/28/26 13:25:00,52.225,
06/28/26 13:30:00,56.230,
06/28/26 13:35:00,59.680,
06/28/26 13:40:00,55.364,
06/28/26 13:45:00,52.225,
06/28/26 13:50:00,54.842,
06/28/26 13:55:00,55.537,
06/28/26 14:00:00,55.189,
06/28/26 14:05:00,59.337,
06/28/26 14:10:00,54.147,
06/28/26 14:15:00,57.614,
06/28/26 14:20:00,61.569,
06/28/26 14:25:00,60.368,
06/28/26 14:30:00,61.227,
06/28/26 14:35:00,55.711,
06/28/26 14:40:00,51.172,
06/28/26 14:45:00,54.322,
06/28/26 14:50:00,51.874,
06/28/26 14:55:00,53.274,
06/28/26 15:00:00,54.669,
06/28/26 15:05:00,56.057,
06/28/26 15:10:00,54.495,
06/28/26 15:15:00,51.346,
06/28/26 15:20:00,49.404,
06/28/26 15:25:00,54.842,
06/28/26 15:30:00,56.923,
06/28/26 15:35:00,53.798,
06/28/26 15:40:00,53.798,
06/28/26 15:45:00,53.100,
06/28/26 15:50:00,50.995,
06/28/26 15:55:00,48.160,
06/28/26 16:00:00,44.742,
06/28/26 16:05:00,44.922,
06/28/26 16:10:00,47.982,
06/28/26 16:15:00,46.008,
06/28/26 16:20:00,47.446,
06/28/26 16:25:00,51.172,
06/28/26 16:30:00,48.339,
06/28/26 16:35:00,46.548,
06/28/26 16:40:00,46.369,
06/28/26 16:45:00,45.466,
06/28/26 16:50:00,43.099,
06/28/26 16:55:00,42.732,
06/28/26 17:00:00,43.282,
06/28/26 17:05:00,44.922,
06/28/26 17:10:00,46.908,
06/28/26 17:15:00,47.088,
06/28/26 17:20:00,46.188,
06/28/26 17:25:00,43.099,
06/28/26 17:30:00,43.282,
06/28/26 17:35:00,44.195,
06/28/26 17:40:00,42.915,
06/28/26 17:45:00,44.195,
06/28/26 17:50:00,42.915,
06/28/26 17:55:00,42.915,
06/28/26 18:00:00,43.282,
06/28/26 18:05:00,43.648,
06/28/26 18:10:00,43.099,
06/28/26 18:15:00,41.625,
06/28/26 18:20:00,39.760,
06/28/26 18:25:00,38.818,
06/28/26 18:30:00,39.384,
06/28/26 18:35:00,38.818,
06/28/26 18:40:00,39.007,
06/28/26 18:45:00,38.818,
06/28/26 18:50:00,39.573,
06/28/26 18:55:00,38.818,
06/28/26 19:00:00,37.488,
06/28/26 19:05:00,37.679,
06/28/26 19:10:00,38.440,
06/28/26 19:15:00,38.250,
06/28/26 19:20:00,38.061,
06/28/26 19:25:00,37.870,
06/28/26 19:30:00,36.723,
06/28/26 19:35:00,36.723,
06/28/26 19:40:00,36.531,
06/28/26 19:45:00,36.914,
06/28/26 19:50:00,36.338,
06/28/26 19:55:00,36.531,
06/28/26 20:00:00,36.338,
06/28/26 20:05:00,36.723,
06/28/26 20:10:00,36.914,
06/28/26 20:15:00,36.531,
06/28/26 20:20:00,36.145,
06/28/26 20:25:00,35.564,
06/28/26 20:30:00,35.370,
06/28/26 20:35:00,35.175,
06/28/26 20:40:00,34.786,
06/28/26 20:45:00,34.981,
06/28/26 20:50:00,35.564,
06/28/26 20:55:00,35.175,
06/28/26 21:00:00,35.370,
06/28/26 21:05:00,35.175,
06/28/26 21:10:00,34.590,
06/28/26 21:15:00,34.198,
06/28/26 21:20:00,34.002,
06/28/26 21:25:00,34.002,
06/28/26 21:30:00,34.198,
06/28/26 21:35:00,33.805,
06/28/26 21:40:00,33.607,
06/28/26 21:45:00,33.607,
06/28/26 21:50:00,33.805,
06/28/26 21:55:00,33.607,
06/28/26 22:00:00,33.411,
06/28/26 22:05:00,33.805,
06/28/26 22:10:00,34.002,
06/28/26 22:15:00,34.002,
06/28/26 22:20:00,33.805,
06/28/26 22:25:00,34.002,
06/28/26 22:30:00,34.590,
06/28/26 22:35:00,34.394,
06/28/26 22:40:00,33.805,
06/28/26 22:45:00,33.805,
06/28/26 22:50:00,33.805,
06/28/26 22:55:00,33.805,
06/28/26 23:00:00,33.805,
06/28/26 23:05:00,33.805,
06/28/26 23:10:00,33.805,
06/28/26 23:15:00,33.607,
06/28/26 23:20:00,34.198,
06/28/26 23:25:00,34.198,
06/28/26 23:30:00,34.002,
06/28/26 23:35:00,33.805,
06/28/26 23:40:00,33.805,
06/28/26 23:45:00,34.002,
06/28/26 23:50:00,34.002,
06/28/26 23:55:00,33.607,
06/29/26 00:00:00,33.607,
06/29/26 00:05:00,33.411,
06/29/26 00:10:00,33.411,
06/29/26 00:15:00,33.213,
06/29/26 00:20:00,33.411,
06/29/26 00:25:00,33.607,
06/29/26 00:30:00,34.002,
06/29/26 00:35:00,34.002,
06/29/26 00:40:00,33.607,
06/29/26 00:45:00,33.411,
06/29/26 00:50:00,33.607,
06/29/26 00:55:00,33.607,
06/29/26 01:00:00,33.805,
06/29/26 01:05:00,34.198,
06/29/26 01:10:00,33.805,
06/29/26 01:15:00,33.805,
06/29/26 01:20:00,34.002,
06/29/26 01:25:00,34.786,
06/29/26 01:30:00,34.002,
06/29/26 01:35:00,33.805,
06/29/26 01:40:00,34.394,
06/29/26 01:45:00,34.981,
06/29/26 01:50:00,35.370,
06/29/26 01:55:00,34.590,
06/29/26 02:00:00,35.175,
06/29/26 02:05:00,35.951,
06/29/26 02:10:00,34.981,
06/29/26 02:15:00,34.786,
06/29/26 02:20:00,34.981,
06/29/26 02:25:00,35.370,
06/29/26 02:30:00,36.145,
06/29/26 02:35:00,35.951,
06/29/26 02:40:00,35.758,
06/29/26 02:45:00,35.370,
06/29/26 02:50:00,35.564,
06/29/26 02:55:00,35.564,
06/29/26 03:00:00,35.951,
06/29/26 03:05:00,35.758,
06/29/26 03:10:00,35.951,
06/29/26 03:15:00,35.758,
06/29/26 03:20:00,35.564,
06/29/26 03:25:00,35.951,
06/29/26 03:30:00,35.370,
06/29/26 03:35:00,35.370,
06/29/26 03:40:00,35.175,
06/29/26 03:45:00,35.758,
06/29/26 03:50:00,35.370,
06/29/26 03:55:00,35.370,
06/29/26 04:00:00,36.145,
06/29/26 04:05:00,36.531,
06/29/26 04:10:00,35.564,
06/29/26 04:15:00,34.981,
06/29/26 04:20:00,35.370,
06/29/26 04:25:00,35.370,
06/29/26 04:30:00,35.564,
06/29/26 04:35:00,35.370,
06/29/26 04:40:00,35.175,
06/29/26 04:45:00,35.564,
06/29/26 04:50:00,35.758,
06/29/26 04:55:00,35.758,
06/29/26 05:00:00,35.758,
06/29/26 05:05:00,36.145,
06/29/26 05:10:00,36.338,
06/29/26 05:15:00,35.951,
06/29/26 05:20:00,35.758,
06/29/26 05:25:00,35.951,
06/29/26 05:30:00,36.914,
06/29/26 05:35:00,36.531,
06/29/26 05:40:00,36.723,
06/29/26 05:45:00,36.145,
06/29/26 05:50:00,36.531,
06/29/26 05:55:00,36.531,
06/29/26 06:00:00,36.723,
06/29/26 06:05:00,36.723,
06/29/26 06:10:00,36.914,
06/29/26 06:15:00,37.107,
06/29/26 06:20:00,37.488,
06/29/26 06:25:00,36.914,
06/29/26 06:30:00,37.297,
06/29/26 06:35:00,37.679,
06/29/26 06:40:00,37.297,
06/29/26 06:45:00,37.488,
06/29/26 06:50:00,38.629,
06/29/26 06:55:00,38.440,
06/29/26 07:00:00,38.629,
06/29/26 07:05:00,39.384,
06/29/26 07:10:00,39.760,
06/29/26 07:15:00,39.196,
06/29/26 07:20:00,39.573,
06/29/26 07:25:00,40.321,
06/29/26 07:30:00,41.067,
06/29/26 07:35:00,39.007,
06/29/26 07:40:00,39.384,
06/29/26 07:45:00,39.384,
06/29/26 07:50:00,39.196,
06/29/26 07:55:00,39.007,
06/29/26 08:00:00,39.384,
06/29/26 08:05:00,40.134,
06/29/26 08:10:00,40.509,
06/29/26 08:15:00,40.881,
06/29/26 08:20:00,41.067,
06/29/26 08:25:00,41.067,
06/29/26 08:30:00,42.363,
06/29/26 08:35:00,43.099,
06/29/26 08:40:00,42.179,
06/29/26 08:45:00,41.254,
06/29/26 08:50:00,43.466,
06/29/26 08:55:00,46.188,
06/29/26 09:00:00,52.401,
06/29/26 09:05:00,55.189,
06/29/26 09:10:00,50.643,
06/29/26 09:15:00,47.624,
06/29/26 09:20:00,44.195,
06/29/26 09:25:00,41.994,
06/29/26 09:30:00,42.548,
06/29/26 09:35:00,47.446,
06/29/26 09:40:00,51.699,
06/29/26 09:45:00,49.050,
06/29/26 09:50:00,54.322,
06/29/26 09:55:00,59.508,
06/29/26 10:00:00,55.189,
06/29/26 10:05:00,57.096,
06/29/26 10:10:00,58.820,
06/29/26 10:15:00,58.131,
06/29/26 10:20:00,52.750,
06/29/26 10:25:00,50.995,
06/29/26 10:30:00,53.623,
06/29/26 10:35:00,56.577,
06/29/26 10:40:00,53.623,
06/29/26 10:45:00,52.050,
06/29/26 10:50:00,56.404,
06/29/26 10:55:00,57.614,
06/29/26 11:00:00,57.268,
06/29/26 11:05:00,55.884,
06/29/26 11:10:00,52.401,
06/29/26 11:15:00,52.576,
06/29/26 11:20:00,60.195,
06/29/26 11:25:00,57.441,
06/29/26 11:30:00,56.750,
06/29/26 11:35:00,56.750,
06/29/26 11:40:00,55.884,
06/29/26 11:45:00,49.582,
06/29/26 11:50:00,49.404,
06/29/26 11:55:00,48.871,
06/29/26 12:00:00,46.908,
06/29/26 12:05:00,49.404,
06/29/26 12:10:00,51.172,
06/29/26 12:15:00,53.100,
06/29/26 12:20:00,53.623,
06/29/26 12:25:00,49.759,
06/29/26 12:30:00,48.695,
06/29/26 12:35:00,51.874,
06/29/26 12:40:00,53.798,
06/29/26 12:45:00,52.225,
06/29/26 12:50:00,49.228,
06/29/26 12:55:00,46.728,
06/29/26 13:00:00,45.286,
06/29/26 13:05:00,46.548,
06/29/26 13:10:00,50.819,
06/29/26 13:15:00,51.172,
06/29/26 13:20:00,54.495,
06/29/26 13:25:00,49.582,
06/29/26 13:30:00,48.695,
06/29/26 13:35:00,48.339,
06/29/26 13:40:00,51.874,
06/29/26 13:45:00,52.750,
06/29/26 13:50:00,53.623,
06/29/26 13:55:00,49.404,
06/29/26 14:00:00,48.871,
06/29/26 14:05:00,50.113,
06/29/26 14:10:00,47.624,
06/29/26 14:15:00,45.466,
06/29/26 14:20:00,50.113,
06/29/26 14:25:00,54.495,
06/29/26 14:30:00,55.711,
06/29/26 14:35:00,55.884,
06/29/26 14:40:00,53.623,
06/29/26 14:45:00,48.339,
06/29/26 14:50:00,45.648,
06/29/26 14:55:00,47.446,
06/29/26 15:00:00,51.523,
06/29/26 15:05:00,53.274,
06/29/26 15:10:00,53.973,
06/29/26 15:15:00,51.346,
06/29/26 15:20:00,47.446,
06/29/26 15:25:00,47.802,
06/29/26 15:30:00,49.228,
06/29/26 15:35:00,48.160,
06/29/26 15:40:00,49.050,
06/29/26 15:45:00,50.466,
06/29/26 15:50:00,47.446,
06/29/26 15:55:00,45.104,
06/29/26 16:00:00,45.286,
06/29/26 16:05:00,45.828,
06/29/26 16:10:00,45.648,
06/29/26 16:15:00,46.728,
06/29/26 16:20:00,43.466,
06/29/26 16:25:00,41.067,
06/29/26 16:30:00,43.282,
06/29/26 16:35:00,45.828,
06/29/26 16:40:00,46.008,
06/29/26 16:45:00,45.286,
06/29/26 16:50:00,42.548,
06/29/26 16:55:00,43.831,
06/29/26 17:00:00,45.648,
06/29/26 17:05:00,43.831,
06/29/26 17:10:00,41.625,
06/29/26 17:15:00,40.881,
06/29/26 17:20:00,42.732,
06/29/26 17:25:00,43.466,
06/29/26 17:30:00,41.810,
06/29/26 17:35:00,41.994,
06/29/26 17:40:00,41.067,
06/29/26 17:45:00,40.696,
06/29/26 17:50:00,40.321,
06/29/26 17:55:00,40.134,
06/29/26 18:00:00,39.573,
06/29/26 18:05:00,39.196,
06/29/26 18:10:00,39.196,
06/29/26 18:15:00,38.440,
06/29/26 18:20:00,38.250,
06/29/26 18:25:00,40.134,
06/29/26 18:30:00,41.810,
06/29/26 18:35:00,40.134,
06/29/26 18:40:00,39.384,
06/29/26 18:45:00,37.870,
06/29/26 18:50:00,38.061,
06/29/26 18:55:00,38.440,
06/29/26 19:00:00,37.870,
06/29/26 19:05:00,37.679,
06/29/26 19:10:00,36.914,
06/29/26 19:15:00,36.914,
06/29/26 19:20:00,36.914,
06/29/26 19:25:00,37.679,
06/29/26 19:30:00,37.297,
06/29/26 19:35:00,37.297,
06/29/26 19:40:00,36.914,
06/29/26 19:45:00,37.107,
06/29/26 19:50:00,36.914,
06/29/26 19:55:00,37.297,
06/29/26 20:00:00,37.107,
06/29/26 20:05:00,37.297,
06/29/26 20:10:00,37.488,
06/29/26 20:15:00,37.107,
06/29/26 20:20:00,36.914,
06/29/26 20:25:00,36.914,
06/29/26 20:30:00,36.723,
06/29/26 20:35:00,36.531,
06/29/26 20:40:00,36.914,
06/29/26 20:45:00,36.531,
06/29/26 20:50:00,36.531,
06/29/26 20:55:00,36.338,
06/29/26 21:00:00,36.145,
06/29/26 21:05:00,35.758,
06/29/26 21:10:00,34.981,
06/29/26 21:15:00,35.175,
06/29/26 21:20:00,35.370,
06/29/26 21:25:00,34.981,
06/29/26 21:30:00,34.981,
06/29/26 21:35:00,35.175,
06/29/26 21:40:00,35.175,
06/29/26 21:45:00,34.786,
06/29/26 21:50:00,34.786,
06/29/26 21:55:00,34.981,
06/29/26 22:00:00,34.981,
06/29/26 22:05:00,35.175,
06/29/26 22:10:00,34.786,
06/29/26 22:15:00,34.590,
06/29/26 22:20:00,34.786,
06/29/26 22:25:00,34.786,
06/29/26 22:30:00,35.758,
06/29/26 22:35:00,35.175,
06/29/26 22:40:00,35.564,
06/29/26 22:45:00,37.297,
06/29/26 22:50:00,36.723,
06/29/26 22:55:00,36.914,
06/29/26 23:00:00,36.723,
06/29/26 23:05:00,36.914,
06/29/26 23:10:00,37.107,
06/29/26 23:15:00,37.297,
06/29/26 23:20:00,36.338,
06/29/26 23:25:00,35.951,
06/29/26 23:30:00,35.951,
06/29/26 23:35:00,35.564,
06/29/26 23:40:00,35.370,
06/29/26 23:45:00,35.370,
06/29/26 23:50:00,35.564,
06/29/26 23:55:00,35.758,
06/30/26 00:00:00,35.564,
06/30/26 00:05:00,35.951,
06/30/26 00:10:00,36.338,
06/30/26 00:15:00,36.145,
06/30/26 00:20:00,35.758,
06/30/26 00:25:00,35.951,
06/30/26 00:30:00,36.338,
06/30/26 00:35:00,36.531,
06/30/26 00:40:00,36.723,
06/30/26 00:45:00,37.107,
06/30/26 00:50:00,36.723,
06/30/26 00:55:00,36.145,
06/30/26 01:00:00,35.951,
06/30/26 01:05:00,36.145,
06/30/26 01:10:00,35.758,
06/30/26 01:15:00,35.758,
06/30/26 01:20:00,36.145,
06/30/26 01:25:00,35.951,
06/30/26 01:30:00,35.758,
06/30/26 01:35:00,36.338,
06/30/26 01:40:00,36.531,
06/30/26 01:45:00,36.145,
06/30/26 01:50:00,36.145,
06/30/26 01:55:00,36.145,
06/30/26 02:00:00,35.758,
06/30/26 02:05:00,35.370,
06/30/26 02:10:00,35.175,
06/30/26 02:15:00,35.370,
06/30/26 02:20:00,35.370,
06/30/26 02:25:00,34.981,
06/30/26 02:30:00,35.175,
06/30/26 02:35:00,35.175,
06/30/26 02:40:00,34.786,
06/30/26 02:45:00,34.786,
06/30/26 02:50:00,34.590,
06/30/26 02:55:00,35.175,
06/30/26 03:00:00,35.370,
06/30/26 03:05:00,35.175,
06/30/26 03:10:00,34.981,
06/30/26 03:15:00,34.590,
06/30/26 03:20:00,34.786,
06/30/26 03:25:00,34.981,
06/30/26 03:30:00,35.370,
06/30/26 03:35:00,35.175,
06/30/26 03:40:00,34.786,
06/30/26 03:45:00,34.590,
06/30/26 03:50:00,34.394,
06/30/26 03:55:00,34.198,
06/30/26 04:00:00,34.198,
06/30/26 04:05:00,34.394,
06/30/26 04:10:00,34.590,
06/30/26 04:15:00,34.590,
06/30/26 04:20:00,34.198,
06/30/26 04:25:00,34.198,
06/30/26 04:30:00,34.394,
06/30/26 04:35:00,34.981,
06/30/26 04:40:00,35.175,
06/30/26 04:45:00,34.786,
06/30/26 04:50:00,35.175,
06/30/26 04:55:00,35.175,
06/30/26 05:00:00,35.175,
06/30/26 05:05:00,35.370,
06/30/26 05:10:00,35.758,
06/30/26 05:15:00,35.370,
06/30/26 05:20:00,34.981,
06/30/26 05:25:00,35.175,
06/30/26 05:30:00,35.370,
06/30/26 05:35:00,34.981,
06/30/26 05:40:00,34.786,
06/30/26 05:45:00,34.981,
06/30/26 05:50:00,35.370,
06/30/26 05:55:00,35.370,
06/30/26 06:00:00,35.564,
06/30/26 06:05:00,35.564,
06/30/26 06:10:00,35.564,
06/30/26 06:15:00,35.564,
06/30/26 06:20:00,35.370,
06/30/26 06:25:00,35.564,
06/30/26 06:30:00,35.758,
06/30/26 06:35:00,36.338,
06/30/26 06:40:00,35.951,
06/30/26 06:45:00,36.338,
06/30/26 06:50:00,35.951,
06/30/26 06:55:00,35.758,
06/30/26 07:00:00,36.338,
06/30/26 07:05:00,36.531,
06/30/26 07:10:00,37.297,
06/30/26 07:15:00,37.488,
06/30/26 07:20:00,37.297,
06/30/26 07:25:00,37.107,
06/30/26 07:30:00,37.107,
06/30/26 07:35:00,37.488,
06/30/26 07:40:00,37.679,
06/30/26 07:45:00,38.250,
06/30/26 07:50:00,38.061,
06/30/26 07:55:00,37.870,
06/30/26 08:00:00,38.061,
06/30/26 08:05:00,37.297,
06/30/26 08:10:00,37.488,
06/30/26 08:15:00,37.870,
06/30/26 08:20:00,38.061,
06/30/26 08:25:00,39.384,
06/30/26 08:30:00,40.321,
06/30/26 08:35:00,40.509,
06/30/26 08:40:00,38.818,
06/30/26 08:45:00,39.196,
06/30/26 08:50:00,39.573,
06/30/26 08:55:00,40.881,
06/30/26 09:00:00,39.573,
06/30/26 09:05:00,40.134,
06/30/26 09:10:00,40.134,
06/30/26 09:15:00,41.254,
06/30/26 09:20:00,40.321,
06/30/26 09:25:00,41.254,
06/30/26 09:30:00,42.363,
06/30/26 09:35:00,41.254,
06/30/26 09:40:00,41.994,
06/30/26 09:45:00,43.099,
06/30/26 09:50:00,41.254,
06/30/26 09:55:00,40.321,
06/30/26 10:00:00,40.696,
06/30/26 10:05:00,41.625,
06/30/26 10:10:00,42.915,
06/30/26 10:15:00,44.560,
06/30/26 10:20:00,44.013,
06/30/26 10:25:00,42.179,
06/30/26 10:30:00,42.179,
06/30/26 10:35:00,42.732,
06/30/26 10:40:00,44.195,
06/30/26 10:45:00,48.160,
06/30/26 10:50:00,46.908,
06/30/26 10:55:00,49.937,
06/30/26 11:00:00,47.266,
06/30/26 11:05:00,44.013,
06/30/26 11:10:00,44.742,
06/30/26 11:15:00,48.517,
06/30/26 11:20:00,53.449,
06/30/26 11:25:00,52.925,
06/30/26 11:30:00,49.228,
06/30/26 11:35:00,45.104,
06/30/26 11:40:00,45.286,
06/30/26 11:45:00,44.379,
06/30/26 11:50:00,46.728,
06/30/26 11:55:00,46.369,
06/30/26 12:00:00,46.369,
06/30/26 12:05:00,47.802,
06/30/26 12:10:00,47.266,
06/30/26 12:15:00,45.648,
06/30/26 12:20:00,48.517,
06/30/26 12:25:00,51.699,
06/30/26 12:30:00,53.798,
06/30/26 12:35:00,49.228,
06/30/26 12:40:00,48.517,
06/30/26 12:45:00,47.802,
06/30/26 12:50:00,49.050,
06/30/26 12:55:00,49.582,
06/30/26 13:00:00,48.517,
06/30/26 13:05:00,51.172,
06/30/26 13:10:00,52.050,
06/30/26 13:15:00,50.995,
06/30/26 13:20:00,51.172,
06/30/26 13:25:00,47.982,
06/30/26 13:30:00,48.517,
06/30/26 13:35:00,49.050,
06/30/26 13:40:00,46.188,
06/30/26 13:45:00,46.908,
06/30/26 13:50:00,49.050,
06/30/26 13:55:00,47.446,
06/30/26 14:00:00,45.648,
06/30/26 14:05:00,46.008,
06/30/26 14:10:00,46.369,
06/30/26 14:15:00,48.517,
06/30/26 14:20:00,48.695,
06/30/26 14:25:00,49.759,
06/30/26 14:30:00,45.648,
06/30/26 14:35:00,43.831,
06/30/26 14:40:00,46.369,
06/30/26 14:45:00,49.582,
06/30/26 14:50:00,52.576,
06/30/26 14:55:00,54.495,
06/30/26 15:00:00,54.495,
06/30/26 15:05:00,48.160,
06/30/26 15:10:00,45.828,
06/30/26 15:15:00,48.339,
06/30/26 15:20:00,48.517,
06/30/26 15:25:00,49.228,
06/30/26 15:30:00,50.113,
06/30/26 15:35:00,51.523,
06/30/26 15:40:00,48.871,
06/30/26 15:45:00,46.369,
06/30/26 15:50:00,46.008,
06/30/26 15:55:00,46.548,
06/30/26 16:00:00,44.013,
06/30/26 16:05:00,43.099,
06/30/26 16:10:00,42.179,
06/30/26 16:15:00,44.742,
06/30/26 16:20:00,42.548,
06/30/26 16:25:00,40.321,
06/30/26 16:30:00,39.384,
06/30/26 16:35:00,41.439,
06/30/26 16:40:00,42.548,
06/30/26 16:45:00,43.099,
06/30/26 16:50:00,44.742,
06/30/26 16:55:00,45.828,
06/30/26 17:00:00,43.099,
06/30/26 17:05:00,42.363,
06/30/26 17:10:00,43.648,
06/30/26 17:15:00,43.282,
06/30/26 17:20:00,42.179,
06/30/26 17:25:00,41.439,
06/30/26 17:30:00,40.134,
06/30/26 17:35:00,39.573,
06/30/26 17:40:00,39.573,
06/30/26 17:45:00,41.625,
06/30/26 17:50:00,42.363,
06/30/26 17:55:00,40.321,
06/30/26 18:00:00,41.067,
06/30/26 18:05:00,41.994,
06/30/26 18:10:00,41.067,
06/30/26 18:15:00,40.134,
06/30/26 18:20:00,40.321,
06/30/26 18:25:00,39.384,
06/30/26 18:30:00,39.384,
06/30/26 18:35:00,37.870,
06/30/26 18:40:00,37.297,
06/30/26 18:45:00,37.107,
06/30/26 18:50:00,38.061,
06/30/26 18:55:00,38.440,
06/30/26 19:00:00,38.250,
06/30/26 19:05:00,37.679,
06/30/26 19:10:00,37.297,
06/30/26 19:15:00,36.723,
06/30/26 19:20:00,36.531,
06/30/26 19:25:00,36.531,
06/30/26 19:30:00,36.531,
06/30/26 19:35:00,35.951,
06/30/26 19:40:00,35.758,
06/30/26 19:45:00,35.564,
06/30/26 19:50:00,35.951,
06/30/26 19:55:00,35.758,
06/30/26 20:00:00,35.564,
06/30/26 20:05:00,35.564,
06/30/26 20:10:00,35.175,
06/30/26 20:15:00,35.175,
06/30/26 20:20:00,35.175,
06/30/26 20:25:00,34.981,
06/30/26 20:30:00,34.786,
06/30/26 20:35:00,34.786,
06/30/26 20:40:00,34.590,
06/30/26 20:45:00,34.981,
06/30/26 20:50:00,34.981,
06/30/26 20:55:00,35.175,
06/30/26 21:00:00,35.175,
06/30/26 21:05:00,35.564,
06/30/26 21:10:00,35.564,
06/30/26 21:15:00,35.951,
06/30/26 21:20:00,35.370,
06/30/26 21:25:00,35.370,
06/30/26 21:30:00,35.370,
06/30/26 21:35:00,34.981,
06/30/26 21:40:00,35.175,
06/30/26 21:45:00,34.981,
06/30/26 21:50:00,34.786,
06/30/26 21:55:00,35.175,
06/30/26 22:00:00,35.175,
06/30/26 22:05:00,34.981,
06/30/26 22:10:00,34.786,
06/30/26 22:15:00,34.590,
06/30/26 22:20:00,34.590,
06/30/26 22:25:00,34.394,
06/30/26 22:30:00,34.394,
06/30/26 22:35:00,34.981,
06/30/26 22:40:00,34.981,
06/30/26 22:45:00,34.981,
06/30/26 22:50:00,34.590,
06/30/26 22:55:00,34.590,
06/30/26 23:00:00,34.590,
06/30/26 23:05:00,34.394,
06/30/26 23:10:00,34.590,
06/30/26 23:15:00,34.590,
06/30/26 23:20:00,34.786,
06/30/26 23:25:00,34.590,
06/30/26 23:30:00,34.786,
06/30/26 23:35:00,34.786,
06/30/26 23:40:00,34.981,
06/30/26 23:45:00,35.564,
06/30/26 23:50:00,35.758,
06/30/26 23:55:00,35.951,
07/01/26 00:00:00,35.951,
07/01/26 00:05:00,34.981,
07/01/26 00:10:00,34.394,
07/01/26 00:15:00,34.981,
07/01/26 00:20:00,34.981,
07/01/26 00:25:00,35.175,
07/01/26 00:30:00,34.981,
07/01/26 00:35:00,35.175,
07/01/26 00:40:00,35.175,
07/01/26 00:45:00,34.981,
07/01/26 00:50:00,35.370,
07/01/26 00:55:00,35.175,
07/01/26 01:00:00,35.175,
07/01/26 01:05:00,35.175,
07/01/26 01:10:00,35.175,
07/01/26 01:15:00,35.758,
07/01/26 01:20:00,35.564,
07/01/26 01:25:00,35.175,
07/01/26 01:30:00,34.981,
07/01/26 01:35:00,35.370,
07/01/26 01:40:00,35.564,
07/01/26 01:45:00,35.758,
07/01/26 01:50:00,35.175,
07/01/26 01:55:00,34.981,
07/01/26 02:00:00,35.175,
07/01/26 02:05:00,35.370,
07/01/26 02:10:00,35.564,
07/01/26 02:15:00,35.175,
07/01/26 02:20:00,34.786,
07/01/26 02:25:00,34.981,
07/01/26 02:30:00,34.786,
07/01/26 02:35:00,34.590,
07/01/26 02:40:00,34.394,
07/01/26 02:45:00,34.981,
07/01/26 02:50:00,34.786,
07/01/26 02:55:00,35.175,
07/01/26 03:00:00,34.981,
07/01/26 03:05:00,35.175,
07/01/26 03:10:00,34.786,
07/01/26 03:15:00,34.786,
07/01/26 03:20:00,34.394,
07/01/26 03:25:00,34.590,
07/01/26 03:30:00,34.590,
07/01/26 03:35:00,34.394,
07/01/26 03:40:00,34.786,
07/01/26 03:45:00,34.590,
07/01/26 03:50:00,34.786,
07/01/26 03:55:00,35.370,
07/01/26 04:00:00,35.758,
07/01/26 04:05:00,36.723,
07/01/26 04:10:00,37.107,
07/01/26 04:15:00,37.679,
07/01/26 04:20:00,38.061,
07/01/26 04:25:00,38.061,
07/01/26 04:30:00,37.488,
07/01/26 04:35:00,38.061,
07/01/26 04:40:00,37.107,
07/01/26 04:45:00,37.488,
07/01/26 04:50:00,38.061,
07/01/26 04:55:00,37.107,
07/01/26 05:00:00,36.145,
07/01/26 05:05:00,36.723,
07/01/26 05:10:00,37.107,
07/01/26 05:15:00,36.338,
07/01/26 05:20:00,36.531,
07/01/26 05:25:00,36.723,
07/01/26 05:30:00,36.723,
07/01/26 05:35:00,36.338,
07/01/26 05:40:00,36.531,
07/01/26 05:45:00,36.723,
07/01/26 05:50:00,37.297,
07/01/26 05:55:00,37.107,
07/01/26 06:00:00,37.297,
07/01/26 06:05:00,36.531,
07/01/26 06:10:00,37.107,
07/01/26 06:15:00,37.488,
07/01/26 06:20:00,37.297,
07/01/26 06:25:00,37.488,
07/01/26 06:30:00,37.870,
07/01/26 06:35:00,37.870,
07/01/26 06:40:00,38.061,
07/01/26 06:45:00,38.250,
07/01/26 06:50:00,38.818,
07/01/26 06:55:00,39.196,
07/01/26 07:00:00,38.629,
07/01/26 07:05:00,38.061,
07/01/26 07:10:00,37.870,
07/01/26 07:15:00,38.061,
07/01/26 07:20:00,38.250,
07/01/26 07:25:00,40.696,
07/01/26 07:30:00,42.179,
07/01/26 07:35:00,46.369,
07/01/26 07:40:00,44.922,
07/01/26 07:45:00,40.696,
07/01/26 07:50:00,38.629,
07/01/26 07:55:00,37.679,
07/01/26 08:00:00,37.107,
07/01/26 08:05:00,37.107,
07/01/26 08:10:00,38.061,
07/01/26 08:15:00,39.384,
07/01/26 08:20:00,40.509,
07/01/26 08:25:00,40.509,
07/01/26 08:30:00,40.696,
07/01/26 08:35:00,40.134,
07/01/26 08:40:00,40.881,
07/01/26 08:45:00,39.007,
07/01/26 08:50:00,38.250,
07/01/26 08:55:00,39.573,
07/01/26 09:00:00,40.881,
07/01/26 09:05:00,41.067,
07/01/26 09:10:00,42.363,
07/01/26 09:15:00,40.696,
07/01/26 09:20:00,42.548,
07/01/26 09:25:00,46.908,
07/01/26 09:30:00,49.050,
07/01/26 09:35:00,46.728,
07/01/26 09:40:00,44.560,
07/01/26 09:45:00,43.466,
07/01/26 09:50:00,42.915,
07/01/26 09:55:00,42.915,
07/01/26 10:00:00,42.548,
07/01/26 10:05:00,44.195,
07/01/26 10:10:00,42.915,
07/01/26 10:15:00,42.915,
07/01/26 10:20:00,46.908,
07/01/26 10:25:00,47.266,
07/01/26 10:30:00,45.828,
07/01/26 10:35:00,44.379,
07/01/26 10:40:00,45.648,
07/01/26 10:45:00,47.266,Logged
