Plot Title: 10573753,,,,,
#,"Date Time, GMT-08:00","Temp, °F (LGR S/N: 10573753, SEN S/N: 10567019, LBL: T1) (Uncovered 2m)","Temp, °F (LGR S/N: 10573753, SEN S/N: 10993622, LBL: T2) (Uncovered Surface)","Temp, °F (LGR S/N: 10573753, SEN S/N: 21247484, LBL: Tair) (Expensive, RH, 2m)","RH, % (LGR S/N: 10573753, SEN S/N: 21247484, LBL: RH)"
1,6/11/2022 13:00,72.997,72.136,72.639,50.155
2,6/11/2022 13:15,75.81,74.077,74.892,46.149
3,6/11/2022 13:30,76.419,75.204,75.047,45.867
4,6/11/2022 13:45,70.502,69.985,67.518,52.985
5,6/11/2022 14:00,68.443,68.484,66.625,56.979
6,6/11/2022 14:15,67.928,67.971,66.601,57.386
7,6/11/2022 14:30,67.671,67.627,66.553,57.76
8,6/11/2022 14:45,67.5,67.372,66.452,57.743
9,6/11/2022 15:00,67.329,67.199,66.335,57.607
10,6/11/2022 15:15,67.199,67.028,66.312,57.871
11,6/11/2022 15:30,67.114,66.9,66.283,57.781
12,6/11/2022 15:45,66.985,66.772,66.182,57.827
13,6/11/2022 16:00,66.857,66.686,66.051,57.624
14,6/11/2022 16:15,66.729,66.558,65.959,57.017
15,6/11/2022 16:30,66.515,66.429,65.611,56.023
16,6/11/2022 16:45,66.472,66.344,65.743,57.189
17,6/11/2022 17:00,66.558,66.344,66.004,57.696
18,6/11/2022 17:15,66.686,66.385,66.205,57.949
19,6/11/2022 17:30,66.772,66.472,66.297,57.922
20,6/11/2022 17:45,66.857,66.558,66.389,57.661
21,6/11/2022 18:00,66.814,66.6,66.168,55.891
22,6/11/2022 18:15,66.9,66.643,66.427,57.487
23,6/11/2022 18:30,67.028,66.729,66.519,57.095
24,6/11/2022 18:45,67.114,66.814,66.693,57.958
25,6/11/2022 19:00,67.242,66.943,66.76,58.961
26,6/11/2022 19:15,67.329,67.071,66.742,59.287
27,6/11/2022 19:30,67.329,67.158,66.423,57.259
28,6/11/2022 19:45,67.158,67.071,66.274,57.183
29,6/11/2022 20:00,66.985,66.9,65.964,56.381
30,6/11/2022 20:15,67.028,66.857,66.274,57.208
31,6/11/2022 20:30,66.985,66.814,66.225,55.795
32,6/11/2022 20:45,66.9,66.772,66.182,57.406
33,6/11/2022 21:00,66.943,66.729,66.306,55.65
34,6/11/2022 21:15,66.9,66.686,66.303,56.818
35,6/11/2022 21:30,66.857,66.643,66.259,56.623
36,6/11/2022 21:45,66.9,66.643,66.36,58.277
37,6/11/2022 22:00,67.028,66.729,66.475,57.707
38,6/11/2022 22:15,67.158,66.857,66.475,57.081
39,6/11/2022 22:30,67.199,66.943,66.544,57.433
40,6/11/2022 22:45,67.329,67.028,66.693,57.993
41,6/11/2022 23:00,67.456,67.158,66.848,58.633
42,6/11/2022 23:15,67.456,67.242,66.625,58.271
43,6/11/2022 23:30,67.586,67.329,66.871,57.78
44,6/11/2022 23:45,67.627,67.372,66.88,58.326
45,6/12/2022 0:00,67.714,67.413,67.084,58.791
46,6/12/2022 0:15,67.798,67.456,67.248,59.875
47,6/12/2022 0:30,67.842,67.5,67.21,59.463
48,6/12/2022 0:45,67.757,67.5,67.001,59.088
49,6/12/2022 1:00,67.627,67.413,66.745,59.051
50,6/12/2022 1:15,67.5,67.329,66.564,58.773
51,6/12/2022 1:30,67.329,67.199,66.409,58.479
52,6/12/2022 1:45,67.199,67.071,66.277,57.986
53,6/12/2022 2:00,67.071,66.943,66.168,57.835
54,6/12/2022 2:15,66.985,66.814,66.085,57.71
55,6/12/2022 2:30,66.857,66.729,66.013,57.758
56,6/12/2022 2:45,66.772,66.643,65.858,57.682
57,6/12/2022 3:00,66.643,66.515,65.746,57.719
58,6/12/2022 3:15,66.515,66.429,65.68,57.633
59,6/12/2022 3:30,66.429,66.301,65.579,57.754
60,6/12/2022 3:45,66.344,66.214,65.473,57.806
61,6/12/2022 4:00,66.258,66.13,65.404,57.742
62,6/12/2022 4:15,66.173,66.043,65.381,57.707
63,6/12/2022 4:30,66.087,66,65.278,57.682
64,6/12/2022 4:45,66,65.916,65.197,57.702
65,6/12/2022 5:00,65.959,65.829,65.163,57.719
66,6/12/2022 5:15,65.872,65.788,65.077,57.871
67,6/12/2022 5:30,65.829,65.701,65.037,57.928
68,6/12/2022 5:45,65.788,65.658,64.994,57.708
69,6/12/2022 6:00,65.701,65.615,64.908,57.766
70,6/12/2022 6:15,65.615,65.53,64.839,57.798
71,6/12/2022 6:30,65.574,65.487,64.801,57.668
72,6/12/2022 6:45,65.53,65.403,64.782,57.816
73,6/12/2022 7:00,65.487,65.359,64.729,57.865
74,6/12/2022 7:15,65.444,65.316,64.744,58.044
75,6/12/2022 7:30,65.487,65.316,64.864,58.145
76,6/12/2022 7:45,65.487,65.316,64.836,58.48
77,6/12/2022 8:00,65.574,65.359,65.066,58.402
78,6/12/2022 8:15,65.658,65.444,65.125,58.959
79,6/12/2022 8:30,66,65.615,65.8,59.08
80,6/12/2022 8:45,66,65.188,65.685,59.416
81,6/12/2022 9:00,65.273,64.589,65.352,59.405
82,6/12/2022 9:15,65.017,64.418,65.284,59.808
83,6/12/2022 9:30,64.76,64.074,65.12,60.607
84,6/12/2022 9:45,64.632,64.117,65.028,61.048
85,6/12/2022 10:00,64.632,64.074,64.971,60.583
86,6/12/2022 10:15,64.589,64.033,64.908,60.957
87,6/12/2022 10:30,64.503,63.946,64.821,60.862
88,6/12/2022 10:45,64.033,62.875,64.15,61.526
89,6/12/2022 11:00,63.862,63.39,64.098,61.808
90,6/12/2022 11:15,64.117,63.689,64.299,61.219
91,6/12/2022 11:30,64.161,63.732,64.342,60.748
92,6/12/2022 11:45,64.204,63.775,64.405,60.05
93,6/12/2022 12:00,64.247,63.819,64.474,59.919
94,6/12/2022 12:15,64.288,63.819,64.555,61.236
95,6/12/2022 12:30,64.288,63.819,64.598,64.396
96,6/12/2022 12:45,64.332,63.819,64.594,65.55
97,6/12/2022 13:00,64.288,63.862,64.468,63.925
98,6/12/2022 13:15,64.247,63.732,64.425,63.264
99,6/12/2022 13:30,64.204,63.775,64.468,62.951
100,6/12/2022 13:45,64.204,63.775,64.411,62.362
101,6/12/2022 14:00,64.204,63.732,64.44,62.792
102,6/12/2022 14:15,64.204,63.775,64.434,62.49
103,6/12/2022 14:30,64.247,63.775,64.517,62.197
104,6/12/2022 14:45,64.033,63.304,64.222,62.284
105,6/12/2022 15:00,63.946,63.475,64.121,61.688
106,6/12/2022 15:15,64.033,63.604,64.233,61.308
107,6/12/2022 15:30,63.903,63.347,64.081,60.78
108,6/12/2022 15:45,63.819,63.39,64.135,60.452
109,6/12/2022 16:00,63.862,63.433,64.256,59.832
110,6/12/2022 16:15,63.862,63.433,64.299,59.467
111,6/12/2022 16:30,63.903,63.433,64.294,59.139
112,6/12/2022 16:45,63.903,63.433,64.308,58.92
113,6/12/2022 17:00,63.903,63.433,64.328,58.857
114,6/12/2022 17:15,63.903,63.433,64.314,58.666
115,6/12/2022 17:30,63.903,63.433,64.279,58.637
116,6/12/2022 17:45,63.819,63.347,64.159,58.888
117,6/12/2022 18:00,63.819,63.347,64.198,58.889
118,6/12/2022 18:15,63.819,63.347,64.198,58.99
119,6/12/2022 18:30,63.819,63.347,64.207,59.055
120,6/12/2022 18:45,63.819,63.39,64.184,59.5
121,6/12/2022 19:00,63.819,63.39,64.204,59.399
122,6/12/2022 19:15,63.862,63.39,64.247,59.829
123,6/12/2022 19:30,63.862,63.39,64.276,60.473
124,6/12/2022 19:45,63.862,63.39,64.242,60.586
125,6/12/2022 20:00,63.862,63.39,64.193,60.562
126,6/12/2022 20:15,63.819,63.39,64.159,63.23
127,6/12/2022 20:30,63.862,63.39,64.261,63.771
128,6/12/2022 20:45,63.903,63.433,64.382,62.385
129,6/12/2022 21:00,63.946,63.433,64.425,63.261
130,6/12/2022 21:15,63.99,63.475,64.449,63.972
131,6/12/2022 21:30,63.946,63.433,64.324,64.051
132,6/12/2022 21:45,63.903,63.433,64.339,63.793
133,6/12/2022 22:00,63.946,63.433,64.368,64.717
134,6/12/2022 22:15,63.946,63.433,64.333,64.97
135,6/12/2022 22:30,63.946,63.433,64.333,65.327
136,6/12/2022 22:45,63.903,63.433,64.294,65.203
137,6/12/2022 23:00,63.903,63.433,64.299,65.235
138,6/12/2022 23:15,63.99,63.518,64.44,64.813
139,6/12/2022 23:30,63.99,63.518,64.454,64.147
140,6/12/2022 23:45,63.99,63.518,64.434,63.963
141,6/13/2022 0:00,63.99,63.518,64.411,63.938
142,6/13/2022 0:15,63.99,63.518,64.391,63.186
143,6/13/2022 0:30,63.99,63.475,64.342,62.383
144,6/13/2022 0:45,63.946,63.475,64.319,62.184
145,6/13/2022 1:00,63.946,63.475,64.276,61.946
146,6/13/2022 1:15,63.903,63.433,64.233,61.703
147,6/13/2022 1:30,63.862,63.433,64.188,61.421
148,6/13/2022 1:45,63.862,63.433,64.135,61.285
149,6/13/2022 2:00,63.819,63.39,64.087,61.166
150,6/13/2022 2:15,63.819,63.39,64.058,61.161
151,6/13/2022 2:30,63.775,63.347,64.015,61.164
152,6/13/2022 2:45,63.732,63.347,63.975,61.088
153,6/13/2022 3:00,63.689,63.304,63.937,60.967
154,6/13/2022 3:15,63.689,63.262,63.889,60.891
155,6/13/2022 3:30,63.648,63.262,63.855,60.945
156,6/13/2022 3:45,63.648,63.219,63.817,60.929
157,6/13/2022 4:00,63.604,63.219,63.774,60.954
158,6/13/2022 4:15,63.561,63.176,63.739,61.184
159,6/13/2022 4:30,63.561,63.176,63.716,61.076
160,6/13/2022 4:45,63.518,63.133,63.676,61.068
161,6/13/2022 5:00,63.518,63.133,63.644,61.085
162,6/13/2022 5:15,63.475,63.09,63.61,61.172
163,6/13/2022 5:30,63.475,63.09,63.581,61.183
164,6/13/2022 5:45,63.433,63.09,63.561,61.358
165,6/13/2022 6:00,63.433,63.048,63.541,61.657
166,6/13/2022 6:15,63.39,63.048,63.518,61.659
167,6/13/2022 6:30,63.39,63.048,63.498,61.712
168,6/13/2022 6:45,63.347,63.005,63.478,61.973
169,6/13/2022 7:00,63.347,63.005,63.46,61.849
170,6/13/2022 7:15,63.347,63.005,63.432,62.052
171,6/13/2022 7:30,63.347,63.005,63.435,62.171
172,6/13/2022 7:45,63.262,62.875,63.383,61.643
173,6/13/2022 8:00,63.219,62.875,63.32,62.271
174,6/13/2022 8:15,63.262,62.875,63.383,62.702
175,6/13/2022 8:30,63.304,62.875,63.45,63.204
176,6/13/2022 8:45,63.347,62.919,63.532,63.478
177,6/13/2022 9:00,63.304,62.919,63.507,63.192
178,6/13/2022 9:15,63.304,62.875,63.498,62.942
179,6/13/2022 9:30,63.304,62.875,63.493,64.044
180,6/13/2022 9:45,63.347,62.919,63.538,64.395
181,6/13/2022 10:00,63.39,62.919,63.648,64.781
182,6/13/2022 10:15,63.433,62.962,63.754,65.446
183,6/13/2022 10:30,63.475,62.962,63.774,65.8
184,6/13/2022 10:45,63.433,63.09,63.653,64.088
185,6/13/2022 11:00,64.503,65.059,64.425,64.591
186,6/13/2022 11:15,65.444,65.273,65.385,62.368
187,6/13/2022 11:30,65.059,64.803,64.825,63.333
188,6/13/2022 11:45,64.931,64.632,64.854,63.699
189,6/13/2022 12:00,65.145,64.632,65.019,63.011
190,6/13/2022 12:15,64.76,64.546,64.42,63.456
191,6/13/2022 12:30,64.589,64.418,64.242,63.305
192,6/13/2022 12:45,64.459,64.332,64.116,63.169
193,6/13/2022 13:00,64.375,64.288,63.995,63.046
194,6/13/2022 13:15,64.247,64.204,63.88,62.934
195,6/13/2022 13:30,64.117,64.117,63.748,62.855
196,6/13/2022 13:45,64.033,64.033,63.604,62.829
197,6/13/2022 14:00,63.946,63.946,63.567,62.722
198,6/13/2022 14:15,63.946,63.903,63.662,63.159
199,6/13/2022 14:30,64.033,63.903,63.793,62.072
200,6/13/2022 14:45,63.99,63.862,63.676,61.746
201,6/13/2022 15:00,63.946,63.819,63.61,61.604
202,6/13/2022 15:15,63.903,63.775,63.581,61.488
203,6/13/2022 15:30,63.862,63.732,63.552,61.41
204,6/13/2022 15:45,63.819,63.689,63.541,61.321
205,6/13/2022 16:00,63.819,63.648,63.513,61.238
206,6/13/2022 16:15,63.775,63.604,63.484,61.173
207,6/13/2022 16:30,63.775,63.604,63.498,61.471
208,6/13/2022 16:45,64.332,65.316,64.121,64.141
209,6/13/2022 17:00,64.288,64.074,64.087,62.795
210,6/13/2022 17:15,64.204,63.946,63.957,62.806
211,6/13/2022 17:30,64.288,64.247,64.081,65
212,6/13/2022 17:45,64.418,64.247,64.15,63.772
213,6/13/2022 18:00,64.459,64.288,64.179,63.381
214,6/13/2022 18:15,64.546,64.375,64.497,63.082
215,6/13/2022 18:30,64.717,64.503,65.043,62.42
216,6/13/2022 18:45,64.845,64.589,65.154,62.226
217,6/13/2022 19:00,64.931,64.674,65.169,62.185
218,6/13/2022 19:15,65.017,64.76,65.14,62.202
219,6/13/2022 19:30,65.059,64.803,65.106,62.242
220,6/13/2022 19:45,65.102,64.845,65.077,62.281
221,6/13/2022 20:00,65.102,64.888,65.062,62.319
222,6/13/2022 20:15,65.145,64.931,65.043,62.351
223,6/13/2022 20:30,65.188,64.931,65.048,62.391
224,6/13/2022 20:45,65.188,64.974,65.062,62.428
225,6/13/2022 21:00,65.23,65.017,65.091,62.457
226,6/13/2022 21:15,65.273,65.059,65.115,62.478
227,6/13/2022 21:30,65.316,65.102,65.143,62.48
228,6/13/2022 21:45,65.316,65.102,65.169,62.489
229,6/13/2022 22:00,65.359,65.145,65.197,62.475
230,6/13/2022 22:15,65.403,65.188,65.206,62.446
231,6/13/2022 22:30,65.403,65.188,65.212,62.432
232,6/13/2022 22:45,65.403,65.23,65.217,62.425
233,6/13/2022 23:00,65.403,65.23,65.217,62.419
234,6/13/2022 23:15,65.444,65.23,65.221,62.402
235,6/13/2022 23:30,65.444,65.273,65.212,62.382
236,6/13/2022 23:45,65.444,65.273,65.192,62.367
237,6/14/2022 0:00,65.444,65.273,65.187,62.353
238,6/14/2022 0:15,65.403,65.273,65.172,62.345
239,6/14/2022 0:30,65.403,65.273,65.163,62.353
240,6/14/2022 0:45,65.403,65.273,65.154,62.353
241,6/14/2022 1:00,65.403,65.273,65.143,62.351
242,6/14/2022 1:15,65.403,65.273,65.14,62.351
243,6/14/2022 1:30,65.359,65.273,65.125,62.35
244,6/14/2022 1:45,65.359,65.273,65.115,62.347
245,6/14/2022 2:00,65.359,65.273,65.095,62.335
246,6/14/2022 2:15,65.316,65.23,65.08,62.325
247,6/14/2022 2:30,65.316,65.23,65.057,62.309
248,6/14/2022 2:45,65.273,65.23,65.023,62.286
249,6/14/2022 3:00,65.23,65.188,64.99,62.272
250,6/14/2022 3:15,65.23,65.145,64.945,62.261
251,6/14/2022 3:30,65.188,65.102,64.902,62.248
252,6/14/2022 3:45,65.145,65.102,64.859,62.228
253,6/14/2022 4:00,65.102,65.059,64.81,62.223
254,6/14/2022 4:15,65.059,64.974,64.762,62.211
255,6/14/2022 4:30,65.017,64.931,64.71,62.2
256,6/14/2022 4:45,64.931,64.888,64.666,62.194
257,6/14/2022 5:00,64.888,64.845,64.612,62.182
258,6/14/2022 5:15,64.845,64.803,64.551,62.17
259,6/14/2022 5:30,64.803,64.717,64.503,62.135
260,6/14/2022 5:45,64.717,64.674,64.431,62.118
261,6/14/2022 6:00,64.674,64.589,64.357,62.119
262,6/14/2022 6:15,64.632,64.546,64.299,62.116
263,6/14/2022 6:30,64.546,64.503,64.242,62.103
264,6/14/2022 6:45,64.503,64.418,64.193,62.113
265,6/14/2022 7:00,64.459,64.375,64.155,62.109
266,6/14/2022 7:15,64.418,64.332,64.107,61.964
267,6/14/2022 7:30,64.332,64.288,63.957,61.596
268,6/14/2022 7:45,64.161,64.117,63.739,61.59
269,6/14/2022 8:00,64.033,63.99,63.567,61.721
270,6/14/2022 8:15,63.903,63.862,63.426,61.616
271,6/14/2022 8:30,63.689,63.732,63.18,61.28
272,6/14/2022 8:45,63.433,63.518,62.784,60.797
273,6/14/2022 9:00,63.133,63.304,62.355,60.722
274,6/14/2022 9:15,62.748,63.005,61.858,60.226
275,6/14/2022 9:30,62.362,62.704,61.317,60.102
276,6/14/2022 9:45,61.977,62.406,60.786,60.166
277,6/14/2022 10:00,61.547,62.062,60.197,59.683
278,6/14/2022 10:15,61.119,61.72,59.634,59.98
279,6/14/2022 10:30,60.647,61.333,59.088,59.785
280,6/14/2022 10:45,60.217,60.904,58.503,59.663
281,6/14/2022 11:00,59.788,60.517,57.963,60.175
282,6/14/2022 11:15,59.401,60.132,57.456,60.294
283,6/14/2022 11:30,59.014,59.745,56.993,60.432
284,6/14/2022 11:45,58.626,59.401,56.473,60.197
285,6/14/2022 12:00,58.152,59.014,55.825,59.783
286,6/14/2022 12:15,57.592,58.582,55.078,59.771
287,6/14/2022 12:30,57.031,58.109,54.406,60.047
288,6/14/2022 12:45,56.469,57.636,53.721,59.879
289,6/14/2022 13:00,55.863,57.074,53.046,60.165
290,6/14/2022 13:15,55.256,56.556,52.437,60.32
291,6/14/2022 13:30,54.734,55.992,51.892,60.572
292,6/14/2022 13:45,54.212,55.515,51.424,60.722
293,6/14/2022 14:00,53.733,55.038,50.995,60.861
294,6/14/2022 14:15,53.384,54.648,50.715,61.048
295,6/14/2022 14:30,53.035,54.255,50.464,60.94
296,6/14/2022 14:45,52.641,53.865,50.074,60.609
297,6/14/2022 15:00,52.16,53.472,49.523,60.589
298,6/14/2022 15:15,51.721,53.035,48.972,60.816
299,6/14/2022 15:30,51.325,52.641,48.519,60.995
300,6/14/2022 15:45,50.974,52.291,48.133,61.074
301,6/14/2022 16:00,50.709,51.94,47.8,61.529
302,6/14/2022 16:15,50.223,50.488,47.683,69.485
303,6/14/2022 16:30,48.85,48.538,47.336,76.944
304,6/14/2022 16:45,48.094,47.781,47.077,81.318
305,6/14/2022 17:00,47.647,47.377,46.902,82.634
306,6/14/2022 17:15,47.377,47.064,46.724,82.728
307,6/14/2022 17:30,47.109,46.841,46.526,83.401
308,6/14/2022 17:45,46.931,46.706,46.434,84.059
309,6/14/2022 18:00,46.796,46.571,46.371,83.862
310,6/14/2022 18:15,46.526,46.346,45.918,80.961
311,6/14/2022 18:30,46.211,46.031,45.648,82.702
312,6/14/2022 18:45,46.031,45.851,45.639,84.648
313,6/14/2022 19:00,45.896,45.714,45.475,82.573
314,6/14/2022 19:15,45.579,45.444,45.117,81.459
315,6/14/2022 19:30,45.354,45.217,44.933,81.953
316,6/14/2022 19:45,45.172,44.991,44.798,82.812
317,6/14/2022 20:00,44.991,44.856,44.668,82.811
318,6/14/2022 20:15,44.856,44.719,44.523,81.868
319,6/14/2022 20:30,44.627,44.492,44.181,80.298
320,6/14/2022 20:45,44.4,44.263,44.026,82.109
321,6/14/2022 21:00,44.173,44.082,43.824,81.544
322,6/14/2022 21:15,43.99,43.9,43.704,81.201
323,6/14/2022 21:30,43.763,43.534,43.38,77.881
324,6/14/2022 21:45,42.939,42.386,42.274,77.075
325,6/14/2022 22:00,42.525,42.109,41.932,77.107
326,6/14/2022 22:15,42.341,42.017,42.01,77.25
327,6/14/2022 22:30,42.386,42.017,42.096,77.348
328,6/14/2022 22:45,42.386,42.017,41.913,77.601
329,6/14/2022 23:00,42.202,41.787,41.614,77.435
330,6/14/2022 23:15,41.925,41.416,41.126,77.45
331,6/14/2022 23:30,41.508,41.043,40.609,77.557
332,6/14/2022 23:45,41.184,40.719,40.219,77.475
333,6/15/2022 0:00,40.905,40.438,40.05,77.159
334,6/15/2022 0:15,40.672,40.204,39.843,77.542
335,6/15/2022 0:30,40.438,39.97,39.591,77.995
336,6/15/2022 0:45,40.204,39.783,39.378,77.71
337,6/15/2022 1:00,39.97,39.596,39.123,77.894
338,6/15/2022 1:15,39.783,39.36,38.984,77.499
339,6/15/2022 1:30,39.549,39.22,38.815,77.362
340,6/15/2022 1:45,39.36,38.984,38.646,77.215
341,6/15/2022 2:00,39.22,38.795,38.545,76.997
342,6/15/2022 2:15,39.031,38.653,38.453,76.779
343,6/15/2022 2:30,38.889,38.464,38.322,76.761
344,6/15/2022 2:45,38.7,38.322,38.109,76.91
345,6/15/2022 3:00,38.511,38.131,37.956,76.844
346,6/15/2022 3:15,38.368,37.893,37.796,77.359
347,6/15/2022 3:30,38.179,37.702,37.632,77.899
348,6/15/2022 3:45,38.037,37.609,37.474,78.302
349,6/15/2022 4:00,37.942,37.465,37.44,78.506
350,6/15/2022 4:15,37.846,37.465,37.371,78.512
351,6/15/2022 4:30,37.846,37.416,37.371,78.761
352,6/15/2022 4:45,37.846,37.513,37.474,79.339
353,6/15/2022 5:00,37.989,37.702,37.67,79.852
354,6/15/2022 5:15,38.226,37.989,38.12,79.605
355,6/15/2022 5:30,38.464,38.322,38.487,80.098
356,6/15/2022 5:45,38.795,38.748,38.944,80.963
357,6/15/2022 6:00,39.22,39.173,39.447,82.348
358,6/15/2022 6:15,39.69,39.69,40.001,83.441
359,6/15/2022 6:30,40.158,40.111,40.543,83.671
360,6/15/2022 6:45,40.672,40.626,41.068,83.928
361,6/15/2022 7:00,41.184,41.23,41.623,84.019
362,6/15/2022 7:15,41.74,41.74,42.174,84.45
363,6/15/2022 7:30,42.202,42.156,42.613,83.767
364,6/15/2022 7:45,42.663,42.663,43.047,83.23
365,6/15/2022 8:00,43.351,43.306,43.799,83.598
366,6/15/2022 8:15,43.853,43.763,44.19,81.701
367,6/15/2022 8:30,44.037,43.853,44.278,81.752
368,6/15/2022 8:45,44.127,43.9,44.235,79.254
369,6/15/2022 9:00,44.127,43.853,44.166,78.866
370,6/15/2022 9:15,44.218,43.853,44.089,76.727
371,6/15/2022 9:30,44.173,43.9,44.123,76.808
372,6/15/2022 9:45,44.31,44.037,44.267,77.182
373,6/15/2022 10:00,44.492,44.31,44.605,77.704
374,6/15/2022 10:15,44.674,44.31,44.528,74.899
375,6/15/2022 10:30,44.674,44.218,44.422,73.866
376,6/15/2022 10:45,44.719,44.263,44.316,72.425
377,6/15/2022 11:00,44.764,44.355,44.398,72.587
378,6/15/2022 11:15,44.901,44.537,44.577,72.033
379,6/15/2022 11:30,45.082,44.719,44.789,72.172
380,6/15/2022 11:45,45.489,45.262,45.475,73.959
381,6/15/2022 12:00,45.806,45.399,45.532,71.563
382,6/15/2022 12:15,46.346,46.076,46.247,72.711
383,6/15/2022 12:30,47.064,46.616,46.96,72.195
384,6/15/2022 12:45,47.602,47.109,47.399,72.52
385,6/15/2022 13:00,48.315,47.826,48.036,73.462
386,6/15/2022 13:15,48.983,48.405,48.538,74.051
387,6/15/2022 13:30,49.516,48.538,48.978,70.124
388,6/15/2022 13:45,50.356,48.628,49.557,65.937
389,6/15/2022 14:00,50.268,48.895,49.726,64.352
390,6/15/2022 14:15,50.047,48.983,49.75,63.633
391,6/15/2022 14:30,49.959,49.604,49.532,65.545
392,6/15/2022 14:45,50.797,50.621,51.183,66.651
393,6/15/2022 15:00,52.203,52.378,53.132,65.774
394,6/15/2022 15:15,56.079,55.906,54.349,66.976
395,6/15/2022 15:30,58.885,60.517,59.155,63.041
396,6/15/2022 15:45,58.669,60.217,59.034,62.814
397,6/15/2022 16:00,64.375,67.199,66.659,49.895
398,6/15/2022 16:15,68.828,59.916,59.338,37.914
399,6/15/2022 16:30,62.105,39.83,59.272,38.053
400,6/15/2022 16:45,50.18,39.031,52.558,43.691
401,6/15/2022 17:00,51.895,54.909,51.39,46.224
402,6/15/2022 17:15,51.764,54.473,50.436,48.209
403,6/15/2022 17:30,53.559,55.733,51.975,44.863
404,6/15/2022 17:45,53.035,55.125,51.633,45.609
405,6/15/2022 18:00,50.621,50.797,49.566,49.194
406,6/15/2022 18:15,50.709,50.223,49.489,50.062
407,6/15/2022 18:30,51.501,50.576,49.933,49.638
408,6/15/2022 18:45,50.752,48.983,49.03,51.807
409,6/15/2022 19:00,54.387,53.427,51.289,49.107
410,6/15/2022 19:15,53.427,51.984,51.55,48.075
411,6/15/2022 19:30,49.959,46.121,48.403,52.88
412,6/15/2022 19:45,48.672,44.537,47.26,55.041
413,6/15/2022 20:00,48.45,43.808,47.149,55.538
414,6/15/2022 20:15,48.45,43.396,47.23,55.506
415,6/15/2022 20:30,47.871,41.832,47.043,56.294
416,6/15/2022 20:45,46.076,39.124,45.99,59.178
417,6/15/2022 21:00,45.172,38.7,45.131,61.283
418,6/15/2022 21:15,45.172,38.748,45.16,61.617
419,6/15/2022 21:30,45.399,38.795,45.415,61.376
420,6/15/2022 21:45,44.263,38.084,44.398,63.438
421,6/15/2022 22:00,44.173,37.751,44.307,63.92
422,6/15/2022 22:15,44.582,38.084,44.659,63.284
423,6/15/2022 22:30,44.173,37.751,44.359,63.7
424,6/15/2022 22:45,44.31,37.846,44.413,63.857
425,6/15/2022 23:00,44.764,38.226,44.803,63.301
426,6/15/2022 23:15,44.856,38.179,45.021,62.812
427,6/15/2022 23:30,45.036,38.273,45.136,62.832
428,6/15/2022 23:45,45.082,38.464,45.237,62.702
429,6/16/2022 0:00,44.856,38.511,45.007,63.108
430,6/16/2022 0:15,44.719,38.273,44.794,63.502
431,6/16/2022 0:30,44.674,38.368,44.809,63.357
432,6/16/2022 0:45,44.492,38.179,44.659,63.629
433,6/16/2022 1:00,44.764,38.464,44.852,63.246
434,6/16/2022 1:15,44.492,38.415,44.591,63.664
435,6/16/2022 1:30,44.263,38.273,44.451,63.804
436,6/16/2022 1:45,44.173,38.322,44.292,64.004
437,6/16/2022 2:00,44.582,38.557,44.562,63.485
438,6/16/2022 2:15,44.355,38.464,44.494,63.401
439,6/16/2022 2:30,44.127,38.273,44.253,63.871
440,6/16/2022 2:45,43.945,38.226,44.055,64.233
441,6/16/2022 3:00,43.945,38.131,44.074,64.114
442,6/16/2022 3:15,43.9,38.131,43.945,64.385
443,6/16/2022 3:30,44.31,38.368,44.33,63.626
444,6/16/2022 3:45,44.127,38.131,44.215,63.677
445,6/16/2022 4:00,45.127,39.078,45.214,61.575
446,6/16/2022 4:15,44.809,38.842,44.91,62.074
447,6/16/2022 4:30,45.444,39.267,45.464,60.998
448,6/16/2022 4:45,45.489,39.407,45.369,61.085
449,6/16/2022 5:00,46.346,40.858,45.811,60.175
450,6/16/2022 5:15,46.796,41.416,46.067,59.536
451,6/16/2022 5:30,47.109,41.878,46.193,59.229
452,6/16/2022 5:45,47.019,42.202,46.035,59.463
453,6/16/2022 6:00,47.199,42.478,46.247,59.034
454,6/16/2022 6:15,47.826,43.122,46.845,57.92
455,6/16/2022 6:30,48.272,43.624,47.14,57.267
456,6/16/2022 6:45,48.762,43.9,47.473,56.692
457,6/16/2022 7:00,48.762,44.037,47.577,56.486
458,6/16/2022 7:15,48.762,44.127,47.577,56.355
459,6/16/2022 7:30,48.36,43.853,46.917,57.687
460,6/16/2022 7:45,48.983,44.31,47.545,56.478
461,6/16/2022 8:00,49.383,44.492,47.824,55.998
462,6/16/2022 8:15,49.383,44.582,48.047,55.55
463,6/16/2022 8:30,49.561,44.627,48.056,55.637
464,6/16/2022 8:45,50.135,44.991,48.538,54.752
465,6/16/2022 9:00,49.959,44.946,48.331,54.968
466,6/16/2022 9:15,49.87,45.082,48.349,55.076
467,6/16/2022 9:30,50.533,45.624,48.866,54.296
468,6/16/2022 9:45,50.886,45.986,49.075,53.933
469,6/16/2022 10:00,50.752,46.346,49.167,53.736
470,6/16/2022 10:15,51.721,46.974,49.968,52.477
471,6/16/2022 10:30,52.203,48.094,50.806,51.138
472,6/16/2022 10:45,52.335,49.116,51.159,50.596
473,6/16/2022 11:00,52.029,48.983,50.893,50.965
474,6/16/2022 11:15,51.984,48.983,50.801,51.2
475,6/16/2022 11:30,52.86,51.062,51.656,49.842
476,6/16/2022 11:45,53.166,52.817,52.268,48.754
477,6/16/2022 12:00,53.341,54.037,52.279,48.672
478,6/16/2022 12:15,53.908,53.733,52.741,48.003
479,6/16/2022 12:30,54.082,53.559,52.92,47.759
480,6/16/2022 12:45,53.69,52.947,52.713,48.292
481,6/16/2022 13:00,54.082,51.984,53.046,47.947
482,6/16/2022 13:15,53.253,48.628,52.317,49.192
483,6/16/2022 13:30,52.772,42.984,51.98,50.085
484,6/16/2022 13:45,53.298,42.294,52.342,49.677
485,6/16/2022 14:00,53.908,42.8,52.939,48.939
486,6/16/2022 14:15,54.952,44.355,53.292,48.367
487,6/16/2022 14:30,55.776,45.761,54.349,46.783
488,6/16/2022 14:45,55.299,47.422,53.726,47.866
489,6/16/2022 15:00,55.602,47.512,54.315,47.346
490,6/16/2022 15:15,55.213,49.249,54.504,47.126
491,6/16/2022 15:30,55.863,53.645,55.411,46.076
492,6/16/2022 15:45,57.549,56.426,57.567,42.89
493,6/16/2022 16:00,61.977,55.081,61.713,37.447
494,6/16/2022 16:15,63.732,51.678,63.768,35.149
495,6/16/2022 16:30,65.188,48.983,64.85,34.035
496,6/16/2022 16:45,64.931,46.931,64.767,33.754
497,6/16/2022 17:00,64.76,43.9,63.079,35.889
498,6/16/2022 17:15,62.533,41.23,61.293,37.812
499,6/16/2022 17:30,59.014,39.313,57.954,41.92
500,6/16/2022 17:45,57.592,37.893,56.428,44.527
501,6/16/2022 18:00,56.728,37.081,55.339,46.131
502,6/16/2022 18:15,58.755,36.554,56.781,44.14
503,6/16/2022 18:30,60.818,36.41,59.077,40.612
504,6/16/2022 18:45,60.346,35.83,58.759,41.646
505,6/16/2022 19:00,58.455,35.638,56.809,44.051
506,6/16/2022 19:15,59.702,35.249,58.334,42.441
507,6/16/2022 19:30,56.512,35.298,55.155,46.175
508,6/16/2022 19:45,57.893,35.152,56.743,44.109
509,6/16/2022 20:00,57.376,34.907,56.212,44.591
510,6/16/2022 20:15,54.82,34.664,53.915,47.309
511,6/16/2022 20:30,53.776,34.174,53.085,48.516
512,6/16/2022 20:45,51.105,33.188,50.889,53.001
513,6/16/2022 21:00,49.073,33.089,49.44,55.836
514,6/16/2022 21:15,47.422,32.841,47.651,58.994
515,6/16/2022 21:30,47.691,32.592,47.752,57.949
516,6/16/2022 21:45,50.092,32.293,50.121,52.885
517,6/16/2022 22:00,50.047,32.043,50.31,51.997
518,6/16/2022 22:15,50.533,31.892,50.97,50.059
519,6/16/2022 22:30,47.736,31.892,47.955,54.957
520,6/16/2022 22:45,49.204,31.842,49.446,52.508
521,6/16/2022 23:00,47.736,31.642,48.524,54.005
522,6/16/2022 23:15,47.647,32.043,48.016,54.777
523,6/16/2022 23:30,50.002,32.092,50.14,51.304
524,6/16/2022 23:45,51.282,31.642,51.496,48.602
525,6/17/2022 0:00,49.692,31.39,50.464,48.847
526,6/17/2022 0:15,47.647,31.642,47.892,55.175
527,6/17/2022 0:30,47.959,31.39,48.326,55.557
528,6/17/2022 0:45,47.377,31.692,47.853,55.172
529,6/17/2022 1:00,48.137,31.591,48.335,56.628
530,6/17/2022 1:15,48.938,31.239,49.242,55.113
531,6/17/2022 1:30,49.028,30.936,49.609,53.185
532,6/17/2022 1:45,45.036,30.834,45.561,58.7
533,6/17/2022 2:00,47.019,30.529,47.26,55.785
534,6/17/2022 2:15,48.137,30.429,48.49,53.658
535,6/17/2022 2:30,46.796,30.123,47.52,54.369
536,6/17/2022 2:45,46.706,30.225,46.535,56.678
537,6/17/2022 3:00,47.871,30.072,48.142,53.523
538,6/17/2022 3:15,48.762,29.97,49.03,51.908
539,6/17/2022 3:30,46.616,30.072,47.462,53.872
540,6/17/2022 3:45,47.467,30.02,47.241,54.611
541,6/17/2022 4:00,50.533,30.173,50.468,47.214
542,6/17/2022 4:15,46.121,30.326,46.744,53.828
543,6/17/2022 4:30,45.579,31.037,45.883,56.255
544,6/17/2022 4:45,44.856,31.591,44.841,59.04
545,6/17/2022 5:00,48.315,32.79,47.467,56.103
546,6/17/2022 5:15,50.664,33.831,49.667,52.28
547,6/17/2022 5:30,51.017,35.298,49.996,52.108
548,6/17/2022 5:45,53.994,38.179,52.543,48.481
549,6/17/2022 6:00,55.733,40.764,54.469,44.805
550,6/17/2022 6:15,49.737,42.939,48.142,55.508
551,6/17/2022 6:30,54.648,45.444,52.578,49.162
552,6/17/2022 6:45,57.333,47.647,55.256,45.164
553,6/17/2022 7:00,57.549,50.356,55.391,44.378
554,6/17/2022 7:15,58.971,52.423,56.25,43.833
555,6/17/2022 7:30,63.819,54.561,59.695,39.211
556,6/17/2022 7:45,64.375,56.295,59.961,38.518
557,6/17/2022 8:00,61.419,57.807,57.61,41.558
558,6/17/2022 8:15,62.362,58.411,58.962,39.799
559,6/17/2022 8:30,58.195,58.712,54.774,45.148
560,6/17/2022 8:45,60.046,59.572,55.782,43.639
561,6/17/2022 9:00,57.549,57.979,54.846,44.724
562,6/17/2022 9:15,57.85,58.368,55.058,44.637
563,6/17/2022 9:30,59.185,61.162,56.844,42.19
564,6/17/2022 9:45,63.09,62.533,59.599,40.398
565,6/17/2022 10:00,62.233,63.775,59.425,40.655
566,6/17/2022 10:15,67.842,65.745,64.474,35.184
567,6/17/2022 10:30,69.814,67.885,65.043,34.096
568,6/17/2022 10:45,65.916,67.456,62.947,37.298
569,6/17/2022 11:00,64.803,69.6,61.061,38.239
570,6/17/2022 11:15,62.447,67.329,60.337,39.197
571,6/17/2022 11:30,60.132,67.757,58.953,40.23
572,6/17/2022 11:45,58.066,67.199,57.157,43.554
573,6/17/2022 12:00,60.904,67.028,59.43,40.574
574,6/17/2022 12:15,57.893,65.273,56.617,44.903
575,6/17/2022 12:30,59.873,62.062,58.716,43.587
576,6/17/2022 12:45,62.105,59.916,60.309,44.192
577,6/17/2022 13:00,60.132,55.602,59.151,47.271
578,6/17/2022 13:15,59.702,54.343,58.354,48.872
579,6/17/2022 13:30,61.29,50.752,60.208,47.317
580,6/17/2022 13:45,60.132,47.064,58.726,50.443
581,6/17/2022 14:00,59.745,46.931,58.311,51.983
582,6/17/2022 14:15,59.873,41.832,58.422,54.078
583,6/17/2022 14:30,59.445,33.681,58.242,52.322
584,6/17/2022 14:45,59.272,37.416,57.94,51.376
585,6/17/2022 15:00,59.788,39.596,58.523,51.908
586,6/17/2022 15:15,59.659,40.345,58.446,50.089
587,6/17/2022 15:30,59.529,41.09,58.518,46.683
588,6/17/2022 15:45,59.272,41.369,58.161,46.619
589,6/17/2022 16:00,59.358,41.23,58.311,46.925
590,6/17/2022 16:15,59.315,40.858,58.195,43.778
591,6/17/2022 16:30,59.185,40.764,58.035,44.956
592,6/17/2022 16:45,58.195,40.392,56.853,47.466
593,6/17/2022 17:00,58.541,40.204,57.225,47.8
594,6/17/2022 17:15,58.712,39.736,57.191,48.428
595,6/17/2022 17:30,58.928,39.078,57.38,48.33
596,6/17/2022 17:45,58.411,38.937,57.105,48.74
597,6/17/2022 18:00,58.541,38.273,56.912,49.609
598,6/17/2022 18:15,58.282,38.084,56.766,49.572
599,6/17/2022 18:30,57.893,37.893,56.534,50.474
600,6/17/2022 18:45,56.988,37.369,55.546,52.341
601,6/17/2022 19:00,57.592,36.603,56.255,50.968
602,6/17/2022 19:15,56.772,36.12,55.618,51.887
603,6/17/2022 19:30,54.995,35.492,54.243,53.477
604,6/17/2022 19:45,55.256,35.346,54.383,53.162
605,6/17/2022 20:00,53.994,34.713,53.37,54.443
606,6/17/2022 20:15,52.335,34.371,52.095,58.579
607,6/17/2022 20:30,51.458,33.681,51.265,62.614
608,6/17/2022 20:45,50.752,33.435,50.7,62.8
609,6/17/2022 21:00,50.356,33.386,50.439,61.508
610,6/17/2022 21:15,45.851,33.386,46.029,71.179
611,6/17/2022 21:30,49.161,33.039,49.239,68.26
612,6/17/2022 21:45,49.161,32.691,49.239,69.038
613,6/17/2022 22:00,48.805,32.443,48.969,69.56
614,6/17/2022 22:15,49.028,32.243,49.152,67.463
615,6/17/2022 22:30,45.354,32.243,46.072,72.453
616,6/17/2022 22:45,42.847,31.993,43.245,78.456
617,6/17/2022 23:00,47.826,31.942,47.761,72.374
618,6/17/2022 23:15,48.004,31.993,48.205,71.229
619,6/17/2022 23:30,46.391,31.692,47.057,72.117
620,6/17/2022 23:45,43.03,31.692,43.597,79.008
621,6/18/2022 0:00,42.755,31.339,43.534,77.763
622,6/18/2022 0:15,45.534,31.037,45.378,76.757
623,6/18/2022 0:30,44.991,30.936,45.32,74.629
624,6/18/2022 0:45,46.436,30.733,46.603,72.905
625,6/18/2022 1:00,44.674,30.632,45.455,71.832
626,6/18/2022 1:15,42.616,30.529,43.038,76.063
627,6/18/2022 1:30,44.674,30.429,44.886,73.437
628,6/18/2022 1:45,45.399,30.173,45.851,70.335
629,6/18/2022 2:00,44.537,30.173,44.703,71.293
630,6/18/2022 2:15,42.202,30.173,42.661,74.003
631,6/18/2022 2:30,45.851,30.429,46.144,70.463
632,6/18/2022 2:45,41.74,30.429,41.985,77.407
633,6/18/2022 3:00,43.579,29.867,44.08,74.879
634,6/18/2022 3:15,42.064,30.276,42.24,78.555
635,6/18/2022 3:30,41.648,30.632,42.105,78.628
636,6/18/2022 3:45,42.755,31.087,42.888,77.74
637,6/18/2022 4:00,42.708,31.087,42.955,77.168
638,6/18/2022 4:15,42.386,30.783,42.748,76.568
639,6/18/2022 4:30,43.396,30.682,43.543,76.632
640,6/18/2022 4:45,42.663,30.783,42.757,77.49
641,6/18/2022 5:00,46.616,31.942,45.9,70.962
642,6/18/2022 5:15,46.751,33.287,46.053,69.27
643,6/18/2022 5:30,48.405,38.368,47.246,66.709
644,6/18/2022 5:45,47.736,44.946,46.202,67.578
645,6/18/2022 6:00,48.762,45.262,47.304,68.409
646,6/18/2022 6:15,51.282,49.914,49.816,65.577
647,6/18/2022 6:30,50.092,52.772,48.137,68.498
648,6/18/2022 6:45,52.466,54.516,50.715,61.453
649,6/18/2022 7:00,54.212,55.168,51.627,60.226
650,6/18/2022 7:15,54.82,55.472,52.428,59.655
651,6/18/2022 7:30,54.037,53.515,51.94,59.486
652,6/18/2022 7:45,49.914,53.645,48.056,66.007
653,6/18/2022 8:00,56.599,56.295,51.588,60.305
654,6/18/2022 8:15,63.133,60.217,56.516,50.269
655,6/18/2022 8:30,57.592,59.486,54.763,53.692
656,6/18/2022 8:45,52.817,54.037,51.463,60.162
657,6/18/2022 9:00,51.544,53.427,49.248,64.907
658,6/18/2022 9:15,53.951,57.85,51.148,61.552
659,6/18/2022 9:30,54.995,58.626,52.466,60.481
660,6/18/2022 9:45,56.295,59.702,53.901,59.525
661,6/18/2022 10:00,57.807,59.401,55.371,59.191
662,6/18/2022 10:15,61.333,61.547,58.624,51.188
663,6/18/2022 10:30,61.075,62.105,57.654,50.584
664,6/18/2022 10:45,60.517,60.003,57.447,52.592
665,6/18/2022 11:00,54.995,62.406,53.726,63.864
666,6/18/2022 11:15,58.325,63.561,55.589,56.03
667,6/18/2022 11:30,55.515,60.346,52.747,60.098
668,6/18/2022 11:45,50.974,59.83,49.816,66.795
669,6/18/2022 12:00,52.903,64.161,50.763,67.762
670,6/18/2022 12:15,57.85,66.857,54.628,63.073
671,6/18/2022 12:30,51.678,62.533,50.666,71.756
672,6/18/2022 12:45,52.686,63.518,50.787,71.853
673,6/18/2022 13:00,59.873,64.033,56.275,56.005
674,6/18/2022 13:15,64.161,61.248,59.146,52.793
675,6/18/2022 13:30,66.087,60.561,61.264,49.221
676,6/18/2022 13:45,61.462,59.572,60.274,50.204
677,6/18/2022 14:00,64.247,57.506,59.092,52.734
678,6/18/2022 14:15,56.512,56.556,55.024,59.403
679,6/18/2022 14:30,65.188,58.066,60.4,50.787
680,6/18/2022 14:45,55.863,54.777,54.464,62.985
681,6/18/2022 15:00,56.426,54.909,55.801,60.476
682,6/18/2022 15:15,55.081,52.554,54.156,64.405
683,6/18/2022 15:30,55.125,57.074,54.243,63.61
684,6/18/2022 15:45,53.602,56.34,52.457,67.057
685,6/18/2022 16:00,52.992,54.43,51.935,67.61
686,6/18/2022 16:15,52.772,52.029,51.843,69.624
687,6/18/2022 16:30,50.576,46.436,49.75,74.284
688,6/18/2022 16:45,48.137,41.416,47.53,79.202
689,6/18/2022 17:00,48.493,41.508,47.502,80.208
690,6/18/2022 17:15,48.85,42.202,47.786,80.09
691,6/18/2022 17:30,49.073,43.075,47.935,79.139
692,6/18/2022 17:45,48.895,43.534,47.941,78.848
693,6/18/2022 18:00,48.137,43.9,46.897,80.36
694,6/18/2022 18:15,47.602,43.396,46.744,80.925
695,6/18/2022 18:30,46.616,42.064,45.676,83.925
696,6/18/2022 18:45,48.895,46.481,47.347,78.463
697,6/18/2022 19:00,47.691,44.627,46.555,79.396
698,6/18/2022 19:15,47.377,43.671,46.13,80.766
699,6/18/2022 19:30,45.896,41.463,45.16,82.347
700,6/18/2022 19:45,44.492,38.037,44.166,87.663
701,6/18/2022 20:00,47.691,42.939,46.627,80.484
702,6/18/2022 20:15,47.199,40.858,46.488,81.106
703,6/18/2022 20:30,44.037,35.589,43.997,88.495
704,6/18/2022 20:45,41.97,34.516,42.255,89.897
705,6/18/2022 21:00,42.478,34.272,42.303,90.983
706,6/18/2022 21:15,42.294,34.272,42.231,90.918
707,6/18/2022 21:30,42.156,33.336,42.559,90.594
708,6/18/2022 21:45,41.601,34.223,41.95,90.227
709,6/18/2022 22:00,42.109,33.534,42.361,91.693
710,6/18/2022 22:15,40.251,32.841,40.644,93.338
711,6/18/2022 22:30,41.648,33.928,41.821,93.57
712,6/18/2022 22:45,41.09,34.174,41.439,93.082
713,6/18/2022 23:00,40.998,33.681,40.982,95.926
714,6/18/2022 23:15,40.998,33.928,40.996,95.779
715,6/18/2022 23:30,40.579,33.78,40.6,96.783
716,6/18/2022 23:45,41.787,34.174,41.778,95.929
717,6/19/2022 0:00,40.204,33.879,40.271,97.562
718,6/19/2022 0:15,40.719,34.174,40.6,99.28
719,6/19/2022 0:30,41.416,35.103,41.329,97.862
720,6/19/2022 0:45,42.341,36.603,42.318,95.645
721,6/19/2022 1:00,42.109,36.554,42.139,95.38
722,6/19/2022 1:15,41.648,36.217,41.715,96.597
723,6/19/2022 1:30,41.787,36.459,41.754,97.133
724,6/19/2022 1:45,41.832,36.747,41.821,96.126
725,6/19/2022 2:00,41.693,36.891,41.608,96.556
726,6/19/2022 2:15,40.579,36.41,40.624,99.178
727,6/19/2022 2:30,40.345,35.976,40.296,99.997
728,6/19/2022 2:45,39.877,35.782,39.866,99.997
729,6/19/2022 3:00,39.877,35.733,39.765,99.997
730,6/19/2022 3:15,39.736,36.169,39.664,99.997
731,6/19/2022 3:30,39.736,36.313,39.682,99.997
732,6/19/2022 3:45,39.877,36.842,39.843,99.997
733,6/19/2022 4:00,39.69,36.842,39.625,99.997
734,6/19/2022 4:15,39.36,36.505,39.306,99.997
735,6/19/2022 4:30,39.173,36.313,39.168,99.997
736,6/19/2022 4:45,39.078,36.12,39.013,99.997
737,6/19/2022 5:00,39.124,36.313,39.027,99.997
738,6/19/2022 5:15,39.313,36.603,39.2,99.997
739,6/19/2022 5:30,39.267,36.505,39.151,99.997
740,6/19/2022 5:45,39.124,36.698,38.979,99.997
741,6/19/2022 6:00,39.407,37.081,39.186,99.997
742,6/19/2022 6:15,39.407,37.081,39.191,99.997
743,6/19/2022 6:30,39.36,37.225,39.085,99.997
744,6/19/2022 6:45,39.549,37.035,39.229,99.997
745,6/19/2022 7:00,39.596,37.56,39.274,99.997
746,6/19/2022 7:15,39.549,37.702,39.317,99.997
747,6/19/2022 7:30,39.267,37.513,39.007,99.997
748,6/19/2022 7:45,39.454,37.56,39.254,99.991
749,6/19/2022 8:00,39.783,38.131,39.708,98.972
750,6/19/2022 8:15,39.36,37.846,39.504,97.705
751,6/19/2022 8:30,39.267,37.846,39.283,99.484
752,6/19/2022 8:45,39.22,37.942,39.051,99.867
753,6/19/2022 9:00,38.937,37.893,38.761,99.977
754,6/19/2022 9:15,38.606,37.846,38.39,99.918
755,6/19/2022 9:30,38.937,38.795,38.651,98.705
756,6/19/2022 9:45,38.889,38.653,38.714,97.479
757,6/19/2022 10:00,38.415,37.893,38.043,99.62
758,6/19/2022 10:15,38.937,39.078,38.487,97.916
759,6/19/2022 10:30,38.795,38.653,38.41,98.239
760,6/19/2022 10:45,38.795,38.511,38.298,98.55
761,6/19/2022 11:00,38.842,38.748,38.399,98.279
762,6/19/2022 11:15,38.464,38.131,38.143,98.871
763,6/19/2022 11:30,38.795,38.889,38.453,98.355
764,6/19/2022 11:45,39.124,39.313,38.545,99.811
765,6/19/2022 12:00,39.173,39.36,38.381,99.973
766,6/19/2022 12:15,38.557,38.842,38.008,99.997
767,6/19/2022 12:30,38.748,39.124,38.08,99.997
768,6/19/2022 12:45,39.313,39.549,38.37,99.953
769,6/19/2022 13:00,39.549,39.97,38.491,99.609
770,6/19/2022 13:15,38.273,38.226,37.882,99.854
771,6/19/2022 13:30,38.937,39.173,38.476,99.823
772,6/19/2022 13:45,39.502,40.111,38.964,99.895
773,6/19/2022 14:00,39.407,39.877,38.973,99.875
774,6/19/2022 14:15,39.502,39.924,39.225,99.844
775,6/19/2022 14:30,38.889,39.031,38.592,99.997
776,6/19/2022 14:45,38.984,39.22,38.476,99.997
777,6/19/2022 15:00,39.549,40.438,39.137,99.997
778,6/19/2022 15:15,39.267,39.643,38.82,99.997
779,6/19/2022 15:30,39.124,39.031,38.583,99.997
780,6/19/2022 15:45,38.606,38.084,38.244,99.997
781,6/19/2022 16:00,38.511,37.702,38.109,99.997
782,6/19/2022 16:15,38.795,38.037,38.539,99.997
783,6/19/2022 16:30,38.606,37.702,38.424,99.997
784,6/19/2022 16:45,38.557,37.702,38.413,99.512
785,6/19/2022 17:00,38.653,37.751,38.505,98.918
786,6/19/2022 17:15,38.937,37.942,38.79,97.862
787,6/19/2022 17:30,38.179,37.035,38.043,99.564
788,6/19/2022 17:45,37.893,36.698,37.893,99.567
789,6/19/2022 18:00,37.942,36.891,37.83,99.937
790,6/19/2022 18:15,37.846,36.891,37.647,99.997
791,6/19/2022 18:30,37.893,36.747,37.67,99.997
792,6/19/2022 18:45,37.751,36.361,37.584,99.997
793,6/19/2022 19:00,37.609,35.976,37.449,99.997
794,6/19/2022 19:15,37.56,35.733,37.474,99.997
795,6/19/2022 19:30,37.465,35.443,37.368,99.997
796,6/19/2022 19:45,37.369,35.2,37.29,99.997
797,6/19/2022 20:00,37.274,35.055,37.207,99.997
798,6/19/2022 20:15,37.274,35.055,37.17,99.997
799,6/19/2022 20:30,37.321,35.103,37.265,99.997
800,6/19/2022 20:45,37.179,34.858,37.159,99.997
801,6/19/2022 21:00,37.225,34.858,37.227,99.997
802,6/19/2022 21:15,37.081,34.761,37.092,99.997
803,6/19/2022 21:30,36.891,34.664,36.909,99.997
804,6/19/2022 21:45,37.13,34.81,37.159,99.997
805,6/19/2022 22:00,37.13,34.713,37.17,99.997
806,6/19/2022 22:15,36.939,34.615,36.981,99.997
807,6/19/2022 22:30,37.13,34.761,37.15,99.997
808,6/19/2022 22:45,37.13,34.761,37.179,99.997
809,6/19/2022 23:00,36.986,34.565,37.029,99.997
810,6/19/2022 23:15,37.035,34.713,37.072,99.997
811,6/19/2022 23:30,36.795,34.468,36.918,99.997
812,6/19/2022 23:45,36.554,34.32,36.657,99.997
813,6/20/2022 0:00,36.603,34.371,36.662,99.997
814,6/20/2022 0:15,36.603,34.32,36.671,99.997
815,6/20/2022 0:30,36.651,34.371,36.777,99.997
816,6/20/2022 0:45,36.747,34.371,36.869,99.997
817,6/20/2022 1:00,36.41,34.027,36.522,99.997
818,6/20/2022 1:15,36.459,34.174,36.536,99.997
819,6/20/2022 1:30,36.313,33.928,36.401,99.997
820,6/20/2022 1:45,36.266,33.978,36.369,99.997
821,6/20/2022 2:00,36.072,33.831,36.306,99.997
822,6/20/2022 2:15,36.072,33.879,36.3,99.997
823,6/20/2022 2:30,35.928,33.879,36.145,99.997
824,6/20/2022 2:45,35.83,33.78,36.108,99.997
825,6/20/2022 3:00,35.83,33.831,36.117,99.997
826,6/20/2022 3:15,35.928,33.831,36.064,99.997
827,6/20/2022 3:30,36.025,33.831,36.117,99.997
828,6/20/2022 3:45,36.217,33.978,36.32,99.997
829,6/20/2022 4:00,35.976,33.732,36.079,99.997
830,6/20/2022 4:15,35.443,33.534,35.422,99.997
831,6/20/2022 4:30,36.12,33.928,36.151,99.997
832,6/20/2022 4:45,36.025,33.879,36.039,99.997
833,6/20/2022 5:00,36.025,34.124,36.208,99.997
834,6/20/2022 5:15,36.217,34.371,36.329,99.997
835,6/20/2022 5:30,36.169,34.371,36.286,99.997
836,6/20/2022 5:45,36.459,34.565,36.561,99.997
837,6/20/2022 6:00,36.361,34.713,36.455,99.997
838,6/20/2022 6:15,36.603,35.006,36.705,99.997
839,6/20/2022 6:30,36.986,35.443,37.116,99.997
840,6/20/2022 6:45,37.274,35.733,37.454,99.997
841,6/20/2022 7:00,37.416,35.879,37.578,99.997
842,6/20/2022 7:15,37.465,36.12,37.656,99.997
843,6/20/2022 7:30,37.369,36.266,37.627,99.974
844,6/20/2022 7:45,37.513,36.603,37.893,99.786
845,6/20/2022 8:00,37.416,36.939,37.719,99.556
846,6/20/2022 8:15,37.751,37.225,37.859,99.843
847,6/20/2022 8:30,38.415,37.702,38.583,99.19
848,6/20/2022 8:45,37.989,37.656,38.278,98.428
849,6/20/2022 9:00,37.942,37.702,38.106,98.778
850,6/20/2022 9:15,38.322,38.464,38.424,98.23
851,6/20/2022 9:30,38.937,39.267,39.243,96.635
852,6/20/2022 9:45,39.596,40.345,39.852,95.676
853,6/20/2022 10:00,39.596,40.532,40.093,94.992
854,6/20/2022 10:15,39.549,40.298,39.803,95.868
855,6/20/2022 10:30,39.83,40.204,40.035,95.737
856,6/20/2022 10:45,40.345,41.043,40.672,94.452
857,6/20/2022 11:00,41.043,41.97,41.155,93.48
858,6/20/2022 11:15,41.97,43.716,42.168,91.037
859,6/20/2022 11:30,42.017,44.809,42.51,88.959
860,6/20/2022 11:45,41.508,43.214,42.116,90.434
861,6/20/2022 12:00,41.322,42.064,41.695,91.711
862,6/20/2022 12:15,41.322,41.554,41.666,92.078
863,6/20/2022 12:30,40.951,40.532,41.479,92.549
864,6/20/2022 12:45,41.322,41.416,42.082,91.91
865,6/20/2022 13:00,40.764,41.648,41.86,91.203
866,6/20/2022 13:15,41.137,42.892,42.613,89.097
867,6/20/2022 13:30,41.184,41.648,42.226,91.255
868,6/20/2022 13:45,42.341,43.488,43.698,88.585
869,6/20/2022 14:00,42.755,43.671,43.902,88.199
870,6/20/2022 14:15,42.156,41.508,43.486,89.407
871,6/20/2022 14:30,41.322,39.407,42.102,93.571
872,6/20/2022 14:45,41.277,38.7,41.875,94.917
873,6/20/2022 15:00,41.416,38.7,42.105,94.777
874,6/20/2022 15:15,41.878,39.031,42.535,94.56
875,6/20/2022 15:30,42.156,39.736,42.975,92.815
876,6/20/2022 15:45,42.616,40.158,43.664,91.164
877,6/20/2022 16:00,42.525,40.345,43.732,91.293
878,6/20/2022 16:15,41.787,38.084,42.53,94.301
879,6/20/2022 16:30,42.294,38.179,42.651,93.419
880,6/20/2022 16:45,42.294,40.392,42.714,93.706
881,6/20/2022 17:00,42.386,41.369,42.964,92.41
882,6/20/2022 17:15,42.109,41.832,42.472,94.56
883,6/20/2022 17:30,41.648,40.626,41.821,96.284
884,6/20/2022 17:45,41.693,40.345,41.927,95.573
885,6/20/2022 18:00,40.951,39.407,41.27,96.62
886,6/20/2022 18:15,40.858,39.596,41.189,96.597
887,6/20/2022 18:30,40.672,40.204,40.793,97.667
888,6/20/2022 18:45,40.811,40.626,41.212,96.602
889,6/20/2022 19:00,40.626,40.905,40.667,98.863
890,6/20/2022 19:15,40.204,38.464,40.176,99.911
891,6/20/2022 19:30,40.158,39.078,40.17,99.974
892,6/20/2022 19:45,39.924,37.751,39.915,99.997
893,6/20/2022 20:00,39.83,37.225,39.78,99.997
894,6/20/2022 20:15,39.69,37.179,39.596,99.997
895,6/20/2022 20:30,39.783,36.842,39.717,99.997
896,6/20/2022 20:45,39.83,37.035,39.785,99.997
897,6/20/2022 21:00,39.69,36.554,39.582,99.997
898,6/20/2022 21:15,39.643,36.554,39.582,99.997
899,6/20/2022 21:30,39.407,36.266,39.36,99.997
900,6/20/2022 21:45,39.313,36.361,39.283,99.997
901,6/20/2022 22:00,38.984,36.025,38.964,99.997
902,6/20/2022 22:15,38.937,35.879,38.881,99.997
903,6/20/2022 22:30,39.267,36.217,39.214,99.997
904,6/20/2022 22:45,39.313,36.361,39.24,99.997
905,6/20/2022 23:00,39.124,36.025,39.105,99.997
906,6/20/2022 23:15,38.937,36.025,38.892,99.997
907,6/20/2022 23:30,38.606,35.879,38.583,99.997
908,6/20/2022 23:45,38.415,35.782,38.365,99.997
909,6/21/2022 0:00,37.942,35.541,37.888,99.997
910,6/21/2022 0:15,37.513,35.2,37.483,99.997
911,6/21/2022 0:30,37.179,35.006,37.159,99.997
912,6/21/2022 0:45,36.795,34.713,36.826,99.997
913,6/21/2022 1:00,36.554,34.615,36.711,99.997
914,6/21/2022 1:15,36.217,34.419,36.257,99.997
915,6/21/2022 1:30,36.025,34.32,36.151,99.997
916,6/21/2022 1:45,35.782,34.027,35.973,99.997
917,6/21/2022 2:00,35.541,33.732,35.784,99.997
918,6/21/2022 2:15,35.152,33.237,35.384,99.997
919,6/21/2022 2:30,34.957,33.138,35.172,99.971
920,6/21/2022 2:45,35.006,33.237,35.161,99.997
921,6/21/2022 3:00,35.006,33.188,35.143,99.997
922,6/21/2022 3:15,34.957,33.237,35.065,99.997
923,6/21/2022 3:30,34.761,33.039,34.833,99.997
924,6/21/2022 3:45,34.858,33.237,34.896,99.997
925,6/21/2022 4:00,34.81,33.188,34.833,99.997
926,6/21/2022 4:15,34.761,33.089,34.842,99.997
927,6/21/2022 4:30,34.858,33.435,34.871,99.997
928,6/21/2022 4:45,34.907,33.584,34.885,99.997
929,6/21/2022 5:00,34.858,33.584,34.828,99.997
930,6/21/2022 5:15,34.761,33.732,34.675,99.997
931,6/21/2022 5:30,34.81,34.027,34.939,99.997
932,6/21/2022 5:45,34.907,34.075,34.988,99.997
933,6/21/2022 6:00,35.152,34.371,35.19,99.997
934,6/21/2022 6:15,35.2,35.006,35.209,99.997
935,6/21/2022 6:30,35.928,35.589,35.938,99.228
936,6/21/2022 6:45,35.638,35.879,35.677,99.881
937,6/21/2022 7:00,36.169,36.41,36.073,99.055
938,6/21/2022 7:15,36.459,37.225,36.527,98.08
939,6/21/2022 7:30,37.274,39.124,36.774,98.151
940,6/21/2022 7:45,38.322,42.156,37.719,95.201
941,6/21/2022 8:00,41.554,46.436,40.393,87.321
942,6/21/2022 8:15,43.534,48.227,41.695,85.711
943,6/21/2022 8:30,42.755,50.356,42.395,79.477
944,6/21/2022 8:45,44.173,50.223,42.496,79.615
945,6/21/2022 9:00,41.832,47.647,41.088,81.851
946,6/21/2022 9:15,47.109,52.203,44.809,75.75
947,6/21/2022 9:30,43.624,48.628,42.917,75.868
948,6/21/2022 9:45,41.463,46.211,41.034,79.771
949,6/21/2022 10:00,38.606,40.532,38.453,85.84
950,6/21/2022 10:15,37.702,38.464,37.652,87.962
951,6/21/2022 10:30,36.072,36.41,36.363,92.201
952,6/21/2022 10:45,35.733,36.41,36.291,92.355
953,6/21/2022 11:00,35.492,35.976,36.232,92.197
954,6/21/2022 11:15,36.795,39.313,37.632,89.05
955,6/21/2022 11:30,37.609,41.416,39.123,85.255
956,6/21/2022 11:45,38.368,42.708,39.997,82.454
957,6/21/2022 12:00,40.392,46.211,42.042,77.987
958,6/21/2022 12:15,38.273,45.851,40.615,79.284
959,6/21/2022 12:30,39.596,46.526,40.543,80.925
960,6/21/2022 12:45,44.4,54.648,45.748,69.4
961,6/21/2022 13:00,41.601,55.602,43.495,72.287
962,6/21/2022 13:15,43.488,57.893,45.435,69.157
963,6/21/2022 13:30,49.471,62.105,49.494,62.081
964,6/21/2022 13:45,45.806,61.419,46.42,65.069
965,6/21/2022 14:00,43.624,56.901,42.733,75.145
966,6/21/2022 14:15,45.941,63.99,44.186,72.348
967,6/21/2022 14:30,45.036,63.732,43.655,73.677
968,6/21/2022 14:45,44.719,62.919,43.11,75.874
969,6/21/2022 15:00,45.354,63.219,43.867,75.37
970,6/21/2022 15:15,47.602,67.199,45.883,71.87
971,6/21/2022 15:30,47.914,66.857,47.935,66.12
972,6/21/2022 15:45,49.692,60.433,47.37,67.864
973,6/21/2022 16:00,44.719,55.472,44.152,75.973
974,6/21/2022 16:15,45.761,55.776,43.75,74.611
975,6/21/2022 16:30,45.534,55.299,43.93,75.277
976,6/21/2022 16:45,41.369,51.984,41.358,79.734
977,6/21/2022 17:00,39.36,46.841,38.714,87.364
978,6/21/2022 17:15,39.173,44.946,38.318,88.998
979,6/21/2022 17:30,38.984,45.082,38.25,90.878
980,6/21/2022 17:45,42.109,50.047,40.257,84.991
981,6/21/2022 18:00,48.137,56.426,43.968,76.967
982,6/21/2022 18:15,38.7,47.334,38.39,88.232
983,6/21/2022 18:30,38.084,44.082,37.42,92.457
984,6/21/2022 18:45,36.698,41.648,36.662,94.569
985,6/21/2022 19:00,36.025,39.596,35.904,96.876
986,6/21/2022 19:15,35.685,38.037,35.485,98.956
987,6/21/2022 19:30,35.2,36.459,35.083,99.91
988,6/21/2022 19:45,35.541,37.369,35.379,98.795
989,6/21/2022 20:00,36.698,41.832,36.507,94.545
990,6/21/2022 20:15,35.782,38.273,35.74,96.597
991,6/21/2022 20:30,35.395,36.459,35.325,97.494
992,6/21/2022 20:45,35.103,35.638,35.002,97.684
993,6/21/2022 21:00,34.858,35.541,34.765,98.152
994,6/21/2022 21:15,34.615,34.468,34.612,99.638
995,6/21/2022 21:30,34.32,33.978,34.331,99.997
996,6/21/2022 21:45,34.174,33.681,34.124,99.997
997,6/21/2022 22:00,34.124,33.386,34.133,99.997
998,6/21/2022 22:15,34.174,33.039,34.138,99.997
999,6/21/2022 22:30,34.371,33.287,34.331,99.997
1000,6/21/2022 22:45,34.419,33.336,34.356,99.997
1001,6/21/2022 23:00,34.419,33.386,34.36,99.997
1002,6/21/2022 23:15,34.371,33.336,34.336,99.997
1003,6/21/2022 23:30,34.468,33.386,34.437,99.997
1004,6/21/2022 23:45,34.272,33.287,34.23,99.997
1005,6/22/2022 0:00,34.468,33.336,34.38,99.997
1006,6/22/2022 0:15,34.516,33.386,34.466,99.997
1007,6/22/2022 0:30,34.565,33.435,34.529,99.997
1008,6/22/2022 0:45,34.516,33.435,34.471,99.997
1009,6/22/2022 1:00,34.516,33.435,34.462,99.997
1010,6/22/2022 1:15,34.516,33.435,34.491,99.997
1011,6/22/2022 1:30,34.32,33.287,34.282,99.997
1012,6/22/2022 1:45,34.272,33.188,34.225,99.997
1013,6/22/2022 2:00,34.371,33.336,34.322,99.997
1014,6/22/2022 2:15,34.713,33.584,34.63,99.997
1015,6/22/2022 2:30,34.81,33.633,34.75,99.997
1016,6/22/2022 2:45,34.907,33.732,34.862,99.997
1017,6/22/2022 3:00,34.957,33.831,34.885,99.997
1018,6/22/2022 3:15,35.006,33.879,34.959,99.997
1019,6/22/2022 3:30,34.957,33.831,34.896,99.997
1020,6/22/2022 3:45,34.858,33.78,34.804,99.997
1021,6/22/2022 4:00,34.907,33.78,34.839,99.997
1022,6/22/2022 4:15,34.761,33.732,34.704,99.997
1023,6/22/2022 4:30,34.664,33.681,34.583,99.997
1024,6/22/2022 4:45,34.713,33.928,34.655,99.997
1025,6/22/2022 5:00,34.761,33.928,34.713,99.997
1026,6/22/2022 5:15,34.223,32.392,34.254,99.997
1027,6/22/2022 5:30,33.584,32.193,33.843,99.997
1028,6/22/2022 5:45,32.742,32.092,33.346,99.997
1029,6/22/2022 6:00,32.293,32.092,33.125,99.997
1030,6/22/2022 6:15,32.243,32.092,32.956,99.997
1031,6/22/2022 6:30,32.342,32.142,33.202,99.997
1032,6/22/2022 6:45,32.443,32.392,33.174,99.997
1033,6/22/2022 7:00,32.891,32.841,33.318,99.997
1034,6/22/2022 7:15,33.584,33.928,33.912,99.997
1035,6/22/2022 7:30,34.027,34.419,34.133,99.997
1036,6/22/2022 7:45,34.272,35.152,34.268,99.997
1037,6/22/2022 8:00,34.468,35.249,34.308,99.997
1038,6/22/2022 8:15,35.638,37.609,35.514,98.549
1039,6/22/2022 8:30,35.685,37.081,35.537,99.182
1040,6/22/2022 8:45,35.733,37.274,35.717,98.647
1041,6/22/2022 9:00,36.266,38.511,36.324,97.704
1042,6/22/2022 9:15,35.928,37.369,35.904,99.402
1043,6/22/2022 9:30,38.084,41.878,37.641,94.932
1044,6/22/2022 9:45,41.09,47.557,40.687,88.794
1045,6/22/2022 10:00,42.525,51.589,41.864,83.505
1046,6/22/2022 10:15,40.485,52.772,40.282,86.867
1047,6/22/2022 10:30,40.064,53.078,40.287,86.899
1048,6/22/2022 10:45,40.719,52.115,40.257,89.05
1049,6/22/2022 11:00,39.877,52.378,40.262,87.201
1050,6/22/2022 11:15,40.626,51.237,40.528,88.44
1051,6/22/2022 11:30,42.247,54.561,42.805,83.618
1052,6/22/2022 11:45,42.386,54.43,42.613,84.199
1053,6/22/2022 12:00,42.478,56.642,41.967,84.735
1054,6/22/2022 12:15,49.249,66.344,46.414,77.807
1055,6/22/2022 12:30,48.895,68.185,46.782,72.224
1056,6/22/2022 12:45,45.896,64.503,44.204,77.89
1057,6/22/2022 13:00,46.974,65.059,43.727,80.031
1058,6/22/2022 13:15,46.841,64.717,43.601,78.933
1059,6/22/2022 13:30,52.817,68.185,46.96,73.774
1060,6/22/2022 13:45,48.717,68.099,44.431,78.645
1061,6/22/2022 14:00,53.427,79.173,48.335,69.56
1062,6/22/2022 14:15,59.916,82.53,51.966,64.923
1063,6/22/2022 14:30,46.751,68.913,45.754,73.892
1064,6/22/2022 14:45,48.272,68.742,45.117,77.818
1065,6/22/2022 15:00,43.03,59.616,42.12,83.027
1066,6/22/2022 15:15,46.616,68.527,44.118,81.866
1067,6/22/2022 15:30,49.428,68.698,44.973,79.036
1068,6/22/2022 15:45,46.031,63.09,43.133,82.309
1069,6/22/2022 16:00,53.515,73.688,47.077,76.745
1070,6/22/2022 16:15,54.648,74.338,48.369,71.542
1071,6/22/2022 16:30,47.736,60.217,44.051,80.214
1072,6/22/2022 16:45,55.386,70.029,48.906,74.038
1073,6/22/2022 17:00,47.602,66,44.47,77.464
1074,6/22/2022 17:15,45.534,58.411,42.733,84.625
1075,6/22/2022 17:30,47.602,64.117,43.689,81.472
1076,6/22/2022 17:45,41.97,56.512,41.338,87.424
1077,6/22/2022 18:00,41.693,54.865,40.537,89.641
1078,6/22/2022 18:15,42.708,60.174,41.29,84.808
1079,6/22/2022 18:30,43.167,52.992,42.246,84.422
1080,6/22/2022 18:45,48.36,62.276,45.34,80.426
1081,6/22/2022 19:00,43.534,54.561,41.542,85.275
1082,6/22/2022 19:15,45.036,54.343,42.067,84.849
1083,6/22/2022 19:30,38.984,44.037,38.453,94.122
1084,6/22/2022 19:45,38.368,40.626,38.381,97.02
1085,6/22/2022 20:00,37.989,40.998,38.071,97.955
1086,6/22/2022 20:15,37.274,39.22,37.474,97.563
1087,6/22/2022 20:30,36.891,36.795,36.792,99.908
1088,6/22/2022 20:45,37.369,34.858,37.627,99.855
1089,6/22/2022 21:00,35.589,35.152,35.809,99.991
1090,6/22/2022 21:15,34.419,32.592,34.732,99.997
1091,6/22/2022 21:30,36.169,32.491,36.174,99.997
1092,6/22/2022 21:45,34.664,31.39,35.373,99.997
1093,6/22/2022 22:00,34.075,31.188,34.52,99.997
1094,6/22/2022 22:15,33.78,30.173,34.158,99.997
1095,6/22/2022 22:30,35.103,30.376,35.341,99.997
1096,6/22/2022 22:45,38.842,29.817,39.056,99.86
1097,6/22/2022 23:00,40.064,29.817,40.865,96.948
1098,6/22/2022 23:15,41.043,29.559,42.197,95.839
1099,6/22/2022 23:30,41.601,29.509,42.708,94.218
1100,6/22/2022 23:45,43.122,30.429,43.727,90.341
1101,6/23/2022 0:00,44.809,31.541,44.749,84.862
1102,6/23/2022 0:15,46.796,33.534,45.808,81.079
1103,6/23/2022 0:30,46.616,33.386,45.639,81.871
1104,6/23/2022 0:45,44.355,30.376,43.462,87.419
1105,6/23/2022 1:00,42.247,30.884,41.531,90.681
1106,6/23/2022 1:15,42.755,30.884,42.033,90.124
1107,6/23/2022 1:30,44.31,30.834,43.018,88.138
1108,6/23/2022 1:45,44.582,32.491,43.916,86.471
1109,6/23/2022 2:00,43.808,29.867,43.374,87.782
1110,6/23/2022 2:15,43.396,29.917,43.041,89.018
1111,6/23/2022 2:30,45.534,30.733,44.764,85.243
1112,6/23/2022 2:45,43.351,31.138,42.892,88.885
1113,6/23/2022 3:00,44.355,33.584,43.732,87.669
1114,6/23/2022 3:15,43.808,32.243,43.374,88.362
1115,6/23/2022 3:30,44.719,33.681,44.235,87.581
1116,6/23/2022 3:45,43.763,32.043,43.675,88.659
1117,6/23/2022 4:00,43.122,33.386,42.969,88.731
1118,6/23/2022 4:15,42.478,31.942,42.337,90.008
1119,6/23/2022 4:30,42.708,32.043,42.346,90.175
1120,6/23/2022 4:45,43.306,34.124,42.96,87.041
1121,6/23/2022 5:00,44.901,37.035,44.204,83.938
1122,6/23/2022 5:15,46.211,41.23,44.901,81.744
1123,6/23/2022 5:30,48.272,45.534,46.791,77.223
1124,6/23/2022 5:45,50.223,48.762,48.171,74.961
1125,6/23/2022 6:00,52.466,52.291,49.876,70.986
1126,6/23/2022 6:15,52.246,52.686,49.764,69.787
1127,6/23/2022 6:30,50.974,49.249,49.046,72.007
1128,6/23/2022 6:45,50.002,48.137,48.326,72.375
1129,6/23/2022 7:00,50.135,49.204,48.249,72.799
1130,6/23/2022 7:15,50.797,51.237,48.673,71.913
1131,6/23/2022 7:30,50.488,51.017,48.501,72.093
1132,6/23/2022 7:45,50.533,50.974,48.601,71.894
1133,6/23/2022 8:00,50.135,50.664,48.403,71.958
1134,6/23/2022 8:15,49.649,50.135,47.973,72.66
1135,6/23/2022 8:30,50.886,50.4,49.141,71.386
1136,6/23/2022 8:45,51.458,50.752,49.822,70.811
1137,6/23/2022 9:00,51.852,50.576,50.203,70.658
1138,6/23/2022 9:15,51.895,50.974,50.203,70.936
1139,6/23/2022 9:30,51.633,50.797,50.005,71.138
1140,6/23/2022 9:45,51.633,51.017,50.02,70.93
1141,6/23/2022 10:00,51.282,50.797,49.546,71.406
1142,6/23/2022 10:15,51.237,51.148,49.561,70.808
1143,6/23/2022 10:30,50.929,52.203,49.509,70.005
1144,6/23/2022 10:45,51.678,53.209,50.252,69.245
1145,6/23/2022 11:00,52.686,52.686,51.438,67.599
1146,6/23/2022 11:15,53.515,54.561,52.115,66.535
1147,6/23/2022 11:30,52.772,52.203,51.651,67.034
1148,6/23/2022 11:45,52.466,52.115,51.42,67.481
1149,6/23/2022 12:00,54.343,55.906,53.312,63.656
1150,6/23/2022 12:15,53.427,52.992,52.767,64.688
1151,6/23/2022 12:30,53.951,53.427,53.002,64.111
1152,6/23/2022 12:45,54.255,53.908,53.924,62.243
1153,6/23/2022 13:00,52.947,50.356,52.273,65.425
1154,6/23/2022 13:15,53.515,51.325,52.635,64.495
1155,6/23/2022 13:30,53.69,51.325,52.939,63.856
1156,6/23/2022 13:45,53.602,51.37,52.77,63.468
1157,6/23/2022 14:00,55.081,52.554,54.025,61.631
1158,6/23/2022 14:15,59.099,62.49,57.751,54.295
1159,6/23/2022 14:30,61.761,59.616,59.904,50.925
1160,6/23/2022 14:45,61.848,59.142,61.727,47.561
1161,6/23/2022 15:00,60.474,63.09,60.705,49.755
1162,6/23/2022 15:15,56.165,70.372,56.356,54.8
1163,6/23/2022 15:30,55.776,68.142,55.951,56.544
1164,6/23/2022 15:45,56.901,66.814,57.07,55.053
1165,6/23/2022 16:00,56.685,67.372,57.306,54.07
1166,6/23/2022 16:15,56.383,69.643,56.959,54.235
1167,6/23/2022 16:30,54.516,68.099,55.067,57.481
1168,6/23/2022 16:45,55.863,68.742,55.989,56.472
1169,6/23/2022 17:00,57.376,67.242,57.544,54.743
1170,6/23/2022 17:15,55.213,65.574,55.4,60.427
1171,6/23/2022 17:30,53.645,61.848,52.718,68.637
1172,6/23/2022 17:45,55.558,60.733,54.981,68.539
1173,6/23/2022 18:00,53.559,63.39,53.514,70.652
1174,6/23/2022 18:15,53.253,64.247,52.041,71.914
1175,6/23/2022 18:30,53.994,58.928,53.195,72.354
1176,6/23/2022 18:45,53.645,58.109,53.335,71.427
1177,6/23/2022 19:00,51.062,58.066,50.324,78.006
1178,6/23/2022 19:15,52.246,48.938,51.193,81.486
1179,6/23/2022 19:30,52.16,46.931,51.917,80.978
1180,6/23/2022 19:45,50.18,46.436,50.131,84.041
1181,6/23/2022 20:00,47.422,44.037,47.448,88.048
1182,6/23/2022 20:15,49.383,41.554,48.943,89.561
1183,6/23/2022 20:30,46.346,39.877,46.632,90.387
1184,6/23/2022 20:45,46.301,37.179,46.294,94.566
1185,6/23/2022 21:00,47.377,35.928,47.226,96.747
1186,6/23/2022 21:15,45.669,35.346,46.004,95.731
1187,6/23/2022 21:30,46.211,35.346,46.429,97.4
1188,6/23/2022 21:45,45.986,34.713,46.188,98.036
1189,6/23/2022 22:00,42.939,33.928,43.389,98.799
1190,6/23/2022 22:15,45.761,34.468,45.88,98.607
1191,6/23/2022 22:30,44.674,33.287,44.976,97.482
1192,6/23/2022 22:45,44.809,33.485,45.093,98.378
1193,6/23/2022 23:00,45.082,32.691,45.441,99.176
1194,6/23/2022 23:15,45.082,33.485,45.498,97.621
1195,6/23/2022 23:30,43.945,32.742,43.959,99.046
1196,6/23/2022 23:45,45.444,33.336,45.966,96.522
1197,6/24/2022 0:00,44.856,33.978,44.958,97.319
1198,6/24/2022 0:15,43.624,32.99,43.902,98.375
1199,6/24/2022 0:30,45.444,31.087,45.909,99.1
1200,6/24/2022 0:45,44.218,32.193,44.674,99.722
1201,6/24/2022 1:00,45.534,33.681,45.711,99.522
1202,6/24/2022 1:15,45.127,33.681,45.329,99.406
1203,6/24/2022 1:30,45.127,33.188,45.406,97.575
1204,6/24/2022 1:45,45.172,35.006,45.662,95.563
1205,6/24/2022 2:00,43.259,35.638,43.911,96.938
1206,6/24/2022 2:15,41.601,34.468,41.855,98.767
1207,6/24/2022 2:30,43.03,33.237,43.371,99.997
1208,6/24/2022 2:45,43.122,32.891,43.506,99.997
1209,6/24/2022 3:00,44.674,32.392,44.915,99.997
1210,6/24/2022 3:15,44.991,33.138,45.613,98.46
1211,6/24/2022 3:30,42.616,34.371,43.104,97.923
1212,6/24/2022 3:45,44.946,34.371,44.866,99.507
1213,6/24/2022 4:00,45.307,33.681,45.46,99.997
1214,6/24/2022 4:15,44.856,32.79,45.068,99.997
1215,6/24/2022 4:30,44.173,33.485,44.634,98.921
1216,6/24/2022 4:45,44.31,34.81,44.267,98.546
1217,6/24/2022 5:00,47.691,39.83,47.062,85.052
1218,6/24/2022 5:15,48.895,42.755,47.959,75.747
1219,6/24/2022 5:30,48.137,44.764,47.246,75.23
1220,6/24/2022 5:45,50.047,44.082,48.843,74.501
1221,6/24/2022 6:00,51.148,47.422,50.014,71.057
1222,6/24/2022 6:15,55.038,52.729,51.564,67.256
1223,6/24/2022 6:30,50.929,54.387,49.741,69.812
1224,6/24/2022 6:45,51.544,56.642,50.131,69.528
1225,6/24/2022 7:00,57.722,61.205,54.237,63.081
1226,6/24/2022 7:15,57.247,54.212,54.223,65.29
1227,6/24/2022 7:30,55.992,65.701,53.523,62.039
1228,6/24/2022 7:45,55.515,61.075,52.848,65.19
1229,6/24/2022 8:00,53.82,62.362,52.448,64.022
1230,6/24/2022 8:15,54.734,60.089,52.587,68.655
1231,6/24/2022 8:30,59.83,74.163,55.483,61.801
1232,6/24/2022 8:45,60.561,64.332,57.828,58.75
1233,6/24/2022 9:00,60.303,66.301,58.494,57.729
1234,6/24/2022 9:15,57.074,75.898,54.748,61.405
1235,6/24/2022 9:30,60.132,68.443,57.303,58.387
1236,6/24/2022 9:45,58.971,70.158,56.896,56.805
1237,6/24/2022 10:00,56.426,76.419,53.953,58.421
1238,6/24/2022 10:15,57.807,70.502,55.627,57.385
1239,6/24/2022 10:30,65.145,73.342,62.175,46.557
1240,6/24/2022 10:45,61.032,75.117,58.982,51.366
1241,6/24/2022 11:00,58.712,74.899,57.171,54.224
1242,6/24/2022 11:15,60.303,72.912,58.591,49.981
1243,6/24/2022 11:30,61.506,86.799,60.859,46.841
1244,6/24/2022 11:45,56.122,75.853,55.377,57.276
1245,6/24/2022 12:00,52.554,72.394,51.969,65.313
1246,6/24/2022 12:15,59.572,65.615,58.204,52.721
1247,6/24/2022 12:30,60.174,76.593,58.957,49.613
1248,6/24/2022 12:45,63.005,70.63,60.877,48.078
1249,6/24/2022 13:00,67.285,73.904,65.019,43.886
1250,6/24/2022 13:15,58.541,65.53,59.194,58.956
1251,6/24/2022 13:30,56.901,66.214,56.941,65.245
1252,6/24/2022 13:45,54.473,60.604,53.89,75.293
1253,6/24/2022 14:00,62.748,71.704,59.425,55.967
1254,6/24/2022 14:15,61.547,65.145,60.55,54.002
1255,6/24/2022 14:30,57.333,59.745,57.22,61.288
1256,6/24/2022 14:45,60.991,66.258,59.995,59.065
1257,6/24/2022 15:00,63.09,70.329,64.072,51.469
1258,6/24/2022 15:15,55.906,63.048,55.96,69.601
1259,6/24/2022 15:30,57.074,59.83,56.921,71.389
1260,6/24/2022 15:45,55.515,62.062,55.724,71.312
1261,6/24/2022 16:00,56.772,58.798,56.548,72.02
1262,6/24/2022 16:15,57.031,62.233,57.022,71.398
1263,6/24/2022 16:30,55.342,58.195,54.943,75.084
1264,6/24/2022 16:45,55.776,61.29,55.247,74.119
1265,6/24/2022 17:00,56.251,56.685,55.497,75.563
1266,6/24/2022 17:15,53.427,60.089,52.997,77.574
1267,6/24/2022 17:30,53.341,56.251,52.471,81.894
1268,6/24/2022 17:45,55.299,61.205,54.426,78.228
1269,6/24/2022 18:00,57.85,61.119,57.099,72.28
1270,6/24/2022 18:15,55.949,56.426,55.42,75.087
1271,6/24/2022 18:30,55.992,53.865,54.628,77.125
1272,6/24/2022 18:45,56.469,54.255,55.69,74.531
1273,6/24/2022 19:00,55.472,53.035,54.435,75.953
1274,6/24/2022 19:15,55.733,52.335,54.846,75.86
1275,6/24/2022 19:30,55.299,50.664,54.435,77.481
1276,6/24/2022 19:45,56.295,51.105,55.681,75.129
1277,6/24/2022 20:00,55.168,47.871,54.392,77.839
1278,6/24/2022 20:15,53.82,45.806,53.312,77.964
1279,6/24/2022 20:30,51.062,48.583,49.595,82.414
1280,6/24/2022 20:45,48.094,36.505,48.268,87.645
1281,6/24/2022 21:00,48.583,36.361,48.533,88.556
1282,6/24/2022 21:15,47.826,36.313,48.34,87.735
1283,6/24/2022 21:30,46.256,35.83,46.058,89.74
1284,6/24/2022 21:45,49.116,35.298,49.316,83.673
1285,6/24/2022 22:00,48.493,34.81,48.751,82.344
1286,6/24/2022 22:15,48.805,34.32,49.064,84.038
1287,6/24/2022 22:30,47.422,33.287,47.926,87.146
1288,6/24/2022 22:45,47.334,33.039,47.651,89.665
1289,6/24/2022 23:00,46.974,32.94,47.35,92.372
1290,6/24/2022 23:15,45.941,33.039,46.285,95.708
1291,6/24/2022 23:30,46.166,33.928,46.107,96.506
1292,6/24/2022 23:45,43.534,34.565,44.161,94.473
1293,6/25/2022 0:00,45.986,34.075,45.793,97.621
1294,6/25/2022 0:15,46.751,33.039,47.048,94.881
1295,6/25/2022 0:30,47.422,33.485,47.766,92.731
1296,6/25/2022 0:45,45.534,33.534,46,89.659
1297,6/25/2022 1:00,42.892,33.237,43.655,92.232
1298,6/25/2022 1:15,44.582,33.584,44.87,93.443
1299,6/25/2022 1:30,42.064,33.485,42.111,94.755
1300,6/25/2022 1:45,45.896,32.841,46.17,87.428
1301,6/25/2022 2:00,46.526,33.138,46.58,85.56
1302,6/25/2022 2:15,47.244,32.043,47.93,75.329
1303,6/25/2022 2:30,46.526,33.633,46.549,80.558
1304,6/25/2022 2:45,47.467,33.287,47.539,81.555
1305,6/25/2022 3:00,47.289,34.223,47.714,81.057
1306,6/25/2022 3:15,44.492,34.124,44.697,84.59
1307,6/25/2022 3:30,46.481,34.565,46.353,82.531
1308,6/25/2022 3:45,43.945,34.565,44.476,86.284
1309,6/25/2022 4:00,47.109,33.78,47.23,87.503
1310,6/25/2022 4:15,49.073,34.81,48.929,87.758
1311,6/25/2022 4:30,45.172,33.879,45.837,80.813
1312,6/25/2022 4:45,45.534,34.174,45.653,83.568
1313,6/25/2022 5:00,48.049,38.037,47.034,80.519
1314,6/25/2022 5:15,51.325,40.204,49.44,80.745
1315,6/25/2022 5:30,53.776,43.075,51.463,74.591
1316,6/25/2022 5:45,54.604,43.945,53.022,72.049
1317,6/25/2022 6:00,49.782,49.959,47.757,78.067
1318,6/25/2022 6:15,53.078,48.182,51.139,72.004
1319,6/25/2022 6:30,53.602,52.817,51.723,72.511
1320,6/25/2022 6:45,54.516,54.3,51.656,75.688
1321,6/25/2022 7:00,56.208,54.43,53.919,71.984
1322,6/25/2022 7:15,55.558,58.798,53.35,67.959
1323,6/25/2022 7:30,56.944,60.174,54.619,64.157
1324,6/25/2022 7:45,55.733,52.992,56.361,56.385
1325,6/25/2022 8:00,57.592,55.429,55.164,79.528
1326,6/25/2022 8:15,59.445,58.582,55.879,88.257
1327,6/25/2022 8:30,58.195,55.081,56.106,88.232
1328,6/25/2022 8:45,53.559,50.223,53.263,89.189
1329,6/25/2022 9:00,52.378,49.649,52.192,88.161
1330,6/25/2022 9:15,52.203,49.604,51.946,87.137
1331,6/25/2022 9:30,51.764,49.604,51.926,86.249
1332,6/25/2022 9:45,52.423,50.047,52.317,85.022
1333,6/25/2022 10:00,52.423,50.18,52.457,85.261
1334,6/25/2022 10:15,52.641,50.621,53.668,83.534
1335,6/25/2022 10:30,52.686,50.886,53.866,83.482
1336,6/25/2022 10:45,53.427,51.458,54.763,82.66
1337,6/25/2022 11:00,53.776,51.852,54.943,82.936
1338,6/25/2022 11:15,53.951,52.16,55.053,83.281
1339,6/25/2022 11:30,54.255,52.466,55.305,83.493
1340,6/25/2022 11:45,54.037,52.554,55.144,83.845
1341,6/25/2022 12:00,54.255,52.772,55.512,83.621
1342,6/25/2022 12:15,54.777,53.166,55.965,83.372
1343,6/25/2022 12:30,55.038,53.472,56.071,83.522
1344,6/25/2022 12:45,55.213,53.69,56.154,83.821
1345,6/25/2022 13:00,55.213,53.82,56.352,83.696
1346,6/25/2022 13:15,55.213,53.951,56.399,83.847
1347,6/25/2022 13:30,55.256,54.126,56.583,83.635
1348,6/25/2022 13:45,55.213,54.212,56.608,83.742
1349,6/25/2022 14:00,55.386,54.387,56.887,83.366
1350,6/25/2022 14:15,55.038,54.3,56.448,83.854
1351,6/25/2022 14:30,54.734,54.169,56.163,84.23
1352,6/25/2022 14:45,54.952,54.3,56.655,83.375
1353,6/25/2022 15:00,55.256,54.82,56.944,83.239
