﻿1,2022-06-11,11:15:03,19.2,
2,2022-06-11,11:30:03,13.0,
3,2022-06-11,11:45:03,5.2,
4,2022-06-11,12:00:03,-0.8,
5,2022-06-11,12:15:03,-4.8,
6,2022-06-11,12:30:03,-7.5,
7,2022-06-11,12:45:03,-8.6,
8,2022-06-11,13:00:03,-10.0,
9,2022-06-11,13:15:03,-11.3,
10,2022-06-11,13:30:03,-11.6,
11,2022-06-11,13:45:03,-12.1,
12,2022-06-11,14:00:03,-13.0,
13,2022-06-11,14:15:03,-12.2,
14,2022-06-11,14:30:03,-11.0,
15,2022-06-11,14:45:03,-11.2,
16,2022-06-11,15:00:03,-12.0,
17,2022-06-11,15:15:03,-12.9,
18,2022-06-11,15:30:03,-13.6,
19,2022-06-11,15:45:03,-13.6,
20,2022-06-11,16:00:03,-13.3,
21,2022-06-11,16:15:03,-13.9,
22,2022-06-11,16:30:03,-14.0,
23,2022-06-11,16:45:03,-13.6,
24,2022-06-11,17:00:03,-13.9,
25,2022-06-11,17:15:03,-14.4,
26,2022-06-11,17:30:03,-14.9,
27,2022-06-11,17:45:03,-15.4,
28,2022-06-11,18:00:03,-15.1,
29,2022-06-11,18:15:03,-14.9,
30,2022-06-11,18:30:03,-15.3,
31,2022-06-11,18:45:03,-15.3,
32,2022-06-11,19:00:03,-15.0,
33,2022-06-11,19:15:03,-14.9,
34,2022-06-11,19:30:03,-15.0,
35,2022-06-11,19:45:03,-15.3,
36,2022-06-11,20:00:03,-15.6,
37,2022-06-11,20:15:03,-15.8,
38,2022-06-11,20:30:03,-16.0,
39,2022-06-11,20:45:03,-15.9,
40,2022-06-11,21:00:03,-15.3,
41,2022-06-11,21:15:03,-15.5,
42,2022-06-11,21:30:03,-15.4,
43,2022-06-11,21:45:03,-14.8,
44,2022-06-11,22:00:03,-15.1,
45,2022-06-11,22:15:03,-15.4,
46,2022-06-11,22:30:03,-15.0,
47,2022-06-11,22:45:03,-8.5,
48,2022-06-11,23:00:03,0.6,
49,2022-06-11,23:15:03,5.6,
50,2022-06-11,23:30:03,8.6,
51,2022-06-11,23:45:03,10.7,
52,2022-06-12,00:00:03,12.3,
53,2022-06-12,00:15:03,13.7,
54,2022-06-12,00:30:03,14.7,
55,2022-06-12,00:45:03,15.4,
56,2022-06-12,01:00:03,15.9,
57,2022-06-12,01:15:03,16.3,
58,2022-06-12,01:30:03,16.6,
59,2022-06-12,01:45:03,16.9,
60,2022-06-12,02:00:03,17.1,
61,2022-06-12,02:15:03,17.2,
62,2022-06-12,02:30:03,17.3,
63,2022-06-12,02:45:03,17.4,
64,2022-06-12,03:00:03,17.5,
65,2022-06-12,03:15:03,17.6,
66,2022-06-12,03:30:03,17.6,
67,2022-06-12,03:45:03,17.7,
68,2022-06-12,04:00:03,17.7,
69,2022-06-12,04:15:03,17.7,
70,2022-06-12,04:30:03,17.7,
71,2022-06-12,04:45:03,17.7,
72,2022-06-12,05:00:03,17.7,
73,2022-06-12,05:15:03,17.8,
74,2022-06-12,05:30:03,17.8,
75,2022-06-12,05:45:03,17.8,
76,2022-06-12,06:00:03,17.7,
77,2022-06-12,06:15:03,17.8,
78,2022-06-12,06:30:03,17.8,
79,2022-06-12,06:45:03,17.8,
80,2022-06-12,07:00:03,17.7,
81,2022-06-12,07:15:03,17.7,
82,2022-06-12,07:30:03,17.8,
83,2022-06-12,07:45:03,17.8,
84,2022-06-12,08:00:03,17.8,
85,2022-06-12,08:15:03,17.9,
86,2022-06-12,08:30:03,18.0,
87,2022-06-12,08:45:03,17.9,
88,2022-06-12,09:00:03,17.8,
89,2022-06-12,09:15:03,17.7,
90,2022-06-12,09:30:03,17.7,
91,2022-06-12,09:45:03,17.6,
92,2022-06-12,10:00:03,17.6,
93,2022-06-12,10:15:03,17.6,
94,2022-06-12,10:30:03,17.5,
95,2022-06-12,10:45:03,17.4,
96,2022-06-12,11:00:03,17.3,
97,2022-06-12,11:15:03,17.3,
98,2022-06-12,11:30:03,17.4,
99,2022-06-12,11:45:03,17.4,
100,2022-06-12,12:00:03,17.4,
101,2022-06-12,12:15:03,17.4,
102,2022-06-12,12:30:03,17.4,
103,2022-06-12,12:45:03,17.3,
104,2022-06-12,13:00:03,17.3,
105,2022-06-12,13:15:03,17.3,
106,2022-06-12,13:30:03,17.3,
107,2022-06-12,13:45:03,17.3,
108,2022-06-12,14:00:03,17.3,
109,2022-06-12,14:15:03,17.3,
110,2022-06-12,14:30:03,17.3,
111,2022-06-12,14:45:03,17.2,
112,2022-06-12,15:00:03,17.2,
113,2022-06-12,15:15:03,17.2,
114,2022-06-12,15:30:03,17.1,
115,2022-06-12,15:45:03,17.1,
116,2022-06-12,16:00:03,17.1,
117,2022-06-12,16:15:03,17.2,
118,2022-06-12,16:30:03,17.2,
119,2022-06-12,16:45:03,17.2,
120,2022-06-12,17:00:03,17.2,
121,2022-06-12,17:15:03,17.2,
122,2022-06-12,17:30:03,17.2,
123,2022-06-12,17:45:03,17.2,
124,2022-06-12,18:00:03,17.2,
125,2022-06-12,18:15:03,17.2,
126,2022-06-12,18:30:03,17.2,
127,2022-06-12,18:45:03,17.2,
128,2022-06-12,19:00:03,17.2,
129,2022-06-12,19:15:03,17.3,
130,2022-06-12,19:30:03,17.3,
131,2022-06-12,19:45:03,17.3,
132,2022-06-12,20:00:03,17.3,
133,2022-06-12,20:15:03,17.3,
134,2022-06-12,20:30:03,17.3,
135,2022-06-12,20:45:03,17.3,
136,2022-06-12,21:00:03,17.3,
137,2022-06-12,21:15:03,17.3,
138,2022-06-12,21:30:03,17.3,
139,2022-06-12,21:45:03,17.3,
140,2022-06-12,22:00:03,17.4,
141,2022-06-12,22:15:03,17.4,
142,2022-06-12,22:30:03,17.4,
143,2022-06-12,22:45:03,17.5,
144,2022-06-12,23:00:03,17.5,
145,2022-06-12,23:15:03,17.5,
146,2022-06-12,23:30:03,17.5,
147,2022-06-12,23:45:03,17.5,
148,2022-06-13,00:00:03,17.5,
149,2022-06-13,00:15:03,17.5,
150,2022-06-13,00:30:03,17.5,
151,2022-06-13,00:45:03,17.5,
152,2022-06-13,01:00:03,17.5,
153,2022-06-13,01:15:03,17.5,
154,2022-06-13,01:30:03,17.4,
155,2022-06-13,01:45:03,17.4,
156,2022-06-13,02:00:03,17.3,
157,2022-06-13,02:15:03,17.3,
158,2022-06-13,02:30:03,17.3,
159,2022-06-13,02:45:03,17.3,
160,2022-06-13,03:00:03,17.2,
161,2022-06-13,03:15:03,17.2,
162,2022-06-13,03:30:03,17.2,
163,2022-06-13,03:45:03,17.2,
164,2022-06-13,04:00:03,17.1,
165,2022-06-13,04:15:03,17.1,
166,2022-06-13,04:30:03,17.1,
167,2022-06-13,04:45:03,17.1,
168,2022-06-13,05:00:03,17.1,
169,2022-06-13,05:15:03,17.1,
170,2022-06-13,05:30:03,17.1,
171,2022-06-13,05:45:03,17.0,
172,2022-06-13,06:00:03,17.0,
173,2022-06-13,06:15:03,17.0,
174,2022-06-13,06:30:03,17.0,
175,2022-06-13,06:45:03,17.0,
176,2022-06-13,07:00:03,17.0,
177,2022-06-13,07:15:03,17.0,
178,2022-06-13,07:30:03,16.9,
179,2022-06-13,07:45:03,16.8,
180,2022-06-13,08:00:03,16.9,
181,2022-06-13,08:15:03,16.9,
182,2022-06-13,08:30:03,16.9,
183,2022-06-13,08:45:03,16.9,
184,2022-06-13,09:00:03,16.9,
185,2022-06-13,09:15:03,16.9,
186,2022-06-13,09:30:03,16.9,
187,2022-06-13,09:45:03,16.9,
188,2022-06-13,10:00:03,17.0,
189,2022-06-13,10:15:03,17.4,
190,2022-06-13,10:30:03,17.5,
191,2022-06-13,10:45:03,17.5,
192,2022-06-13,11:00:03,17.7,
193,2022-06-13,11:15:03,17.7,
194,2022-06-13,11:30:03,17.8,
195,2022-06-13,11:45:03,17.8,
196,2022-06-13,12:00:03,17.7,
197,2022-06-13,12:15:03,17.7,
198,2022-06-13,12:30:03,17.7,
199,2022-06-13,12:45:03,17.7,
200,2022-06-13,13:00:03,17.6,
201,2022-06-13,13:15:03,17.6,
202,2022-06-13,13:30:03,17.6,
203,2022-06-13,13:45:03,17.5,
204,2022-06-13,14:00:03,17.5,
205,2022-06-13,14:15:03,17.5,
206,2022-06-13,14:30:03,17.5,
207,2022-06-13,14:45:03,17.4,
208,2022-06-13,15:00:03,17.4,
209,2022-06-13,15:15:03,17.4,
210,2022-06-13,15:30:03,17.3,
211,2022-06-13,15:45:03,17.3,
212,2022-06-13,16:00:03,17.3,
213,2022-06-13,16:15:03,17.3,
214,2022-06-13,16:30:03,17.5,
215,2022-06-13,16:45:03,17.5,
216,2022-06-13,17:00:03,17.5,
217,2022-06-13,17:15:03,17.5,
218,2022-06-13,17:30:03,17.5,
219,2022-06-13,17:45:03,17.5,
220,2022-06-13,18:00:03,17.5,
221,2022-06-13,18:15:03,17.6,
222,2022-06-13,18:30:03,17.6,
223,2022-06-13,18:45:03,17.7,
224,2022-06-13,19:00:03,17.7,
225,2022-06-13,19:15:03,17.8,
226,2022-06-13,19:30:03,17.8,
227,2022-06-13,19:45:03,17.9,
228,2022-06-13,20:00:03,17.9,
229,2022-06-13,20:15:03,17.9,
230,2022-06-13,20:30:03,18.0,
231,2022-06-13,20:45:03,18.0,
232,2022-06-13,21:00:03,18.0,
233,2022-06-13,21:15:03,18.1,
234,2022-06-13,21:30:03,18.1,
235,2022-06-13,21:45:03,18.1,
236,2022-06-13,22:00:03,18.2,
237,2022-06-13,22:15:03,18.1,
238,2022-06-13,22:30:03,18.2,
239,2022-06-13,22:45:03,18.2,
240,2022-06-13,23:00:03,18.2,
241,2022-06-13,23:15:03,18.3,
242,2022-06-13,23:30:03,18.3,
243,2022-06-13,23:45:03,18.3,
244,2022-06-14,00:00:03,18.3,
245,2022-06-14,00:15:03,18.3,
246,2022-06-14,00:30:03,18.3,
247,2022-06-14,00:45:03,18.3,
248,2022-06-14,01:00:03,18.3,
249,2022-06-14,01:15:03,18.3,
250,2022-06-14,01:30:03,18.3,
251,2022-06-14,01:45:03,18.3,
252,2022-06-14,02:00:03,18.3,
253,2022-06-14,02:15:03,18.3,
254,2022-06-14,02:30:03,18.3,
255,2022-06-14,02:45:03,18.3,
256,2022-06-14,03:00:03,18.3,
257,2022-06-14,03:15:03,18.3,
258,2022-06-14,03:30:03,18.3,
259,2022-06-14,03:45:03,18.3,
260,2022-06-14,04:00:03,18.3,
261,2022-06-14,04:15:03,18.3,
262,2022-06-14,04:30:03,18.2,
263,2022-06-14,04:45:03,18.2,
264,2022-06-14,05:00:03,18.2,
265,2022-06-14,05:15:03,18.2,
266,2022-06-14,05:30:03,18.1,
267,2022-06-14,05:45:03,18.1,
268,2022-06-14,06:00:03,18.1,
269,2022-06-14,06:15:03,18.1,
270,2022-06-14,06:30:03,18.1,
271,2022-06-14,06:45:03,18.0,
272,2022-06-14,07:00:03,18.0,
273,2022-06-14,07:15:03,18.0,
274,2022-06-14,07:30:03,17.9,
275,2022-06-14,07:45:03,17.8,
276,2022-06-14,08:00:03,17.7,
277,2022-06-14,08:15:03,17.7,
278,2022-06-14,08:30:03,17.7,
279,2022-06-14,08:45:03,17.7,
280,2022-06-14,09:00:03,17.6,
281,2022-06-14,09:15:03,17.6,
282,2022-06-14,09:30:03,17.5,
283,2022-06-14,09:45:03,17.4,
284,2022-06-14,10:00:03,17.3,
285,2022-06-14,10:15:03,17.1,
286,2022-06-14,10:30:03,16.9,
287,2022-06-14,10:45:03,16.7,
288,2022-06-14,11:00:03,16.5,
289,2022-06-14,11:15:03,16.3,
290,2022-06-14,11:30:03,16.1,
291,2022-06-14,11:45:03,15.9,
292,2022-06-14,12:00:03,15.7,
293,2022-06-14,12:15:03,15.5,
294,2022-06-14,12:30:03,15.3,
295,2022-06-14,12:45:03,15.2,
296,2022-06-14,13:00:03,14.9,
297,2022-06-14,13:15:03,14.6,
298,2022-06-14,13:30:03,14.4,
299,2022-06-14,13:45:03,14.2,
300,2022-06-14,14:00:03,14.0,
301,2022-06-14,14:15:03,13.8,
302,2022-06-14,14:30:03,13.7,
303,2022-06-14,14:45:03,13.5,
304,2022-06-14,15:00:03,13.2,
305,2022-06-14,15:15:03,13.1,
306,2022-06-14,15:30:03,13.0,
307,2022-06-14,15:45:03,12.9,
308,2022-06-14,16:00:03,12.8,
309,2022-06-14,16:15:03,10.7,
310,2022-06-14,16:30:03,9.9,
311,2022-06-14,16:45:03,9.5,
312,2022-06-14,17:00:03,9.2,
313,2022-06-14,17:15:03,9.0,
314,2022-06-14,17:30:03,8.7,
315,2022-06-14,17:45:03,8.5,
316,2022-06-14,18:00:03,8.3,
317,2022-06-14,18:15:03,8.0,
318,2022-06-14,18:30:03,7.9,
319,2022-06-14,18:45:03,7.8,
320,2022-06-14,19:00:03,7.6,
321,2022-06-14,19:15:03,7.4,
322,2022-06-14,19:30:03,7.3,
323,2022-06-14,19:45:03,7.2,
324,2022-06-14,20:00:03,7.1,
325,2022-06-14,20:15:03,7.0,
326,2022-06-14,20:30:03,6.8,
327,2022-06-14,20:45:03,6.7,
328,2022-06-14,21:00:03,6.6,
329,2022-06-14,21:15:03,6.5,
330,2022-06-14,21:30:03,6.5,
331,2022-06-14,21:45:03,5.6, Inspection Mark
332,2022-06-14,22:00:03,2.8,
333,2022-06-14,22:15:03,3.0,
334,2022-06-14,22:30:03,3.2,
335,2022-06-14,22:45:03,3.2,
336,2022-06-14,23:00:03,3.2,
337,2022-06-14,23:15:03,3.1,
338,2022-06-14,23:30:03,3.0,
339,2022-06-14,23:45:03,2.9,
340,2022-06-15,00:00:03,2.7,
341,2022-06-15,00:15:03,2.6,
342,2022-06-15,00:30:03,2.5,
343,2022-06-15,00:45:03,2.3,
344,2022-06-15,01:00:03,2.3,
345,2022-06-15,01:15:03,2.2,
346,2022-06-15,01:30:03,2.1,
347,2022-06-15,01:45:03,2.0,
348,2022-06-15,02:00:03,1.9,
349,2022-06-15,02:15:03,1.8,
350,2022-06-15,02:30:03,1.7,
351,2022-06-15,02:45:03,1.6,
352,2022-06-15,03:00:03,1.5,
353,2022-06-15,03:15:03,1.4,
354,2022-06-15,03:30:03,1.4,
355,2022-06-15,03:45:03,1.3,
356,2022-06-15,04:00:03,1.3,
357,2022-06-15,04:15:03,1.2,
358,2022-06-15,04:30:03,1.2,
359,2022-06-15,04:45:03,1.2,
360,2022-06-15,05:00:03,1.3,
361,2022-06-15,05:15:03,1.5,
362,2022-06-15,05:30:03,1.8,
363,2022-06-15,05:45:03,2.2,
364,2022-06-15,06:00:03,2.5,
365,2022-06-15,06:15:03,2.9,
366,2022-06-15,06:30:03,3.2,
367,2022-06-15,06:45:03,3.5,
368,2022-06-15,07:00:03,3.8,
369,2022-06-15,07:15:03,4.1,
370,2022-06-15,07:30:03,4.4,
371,2022-06-15,07:45:03,4.6,
372,2022-06-15,08:00:03,4.8,
373,2022-06-15,08:15:03,5.0,
374,2022-06-15,08:30:03,5.4,
375,2022-06-15,08:45:03,5.6,
376,2022-06-15,09:00:03,5.5,
377,2022-06-15,09:15:03,5.4,
378,2022-06-15,09:30:03,5.5,
379,2022-06-15,09:45:03,5.6,
380,2022-06-15,10:00:03,5.8,
381,2022-06-15,10:15:03,5.9,
382,2022-06-15,10:30:03,5.6,
383,2022-06-15,10:45:03,5.7,
384,2022-06-15,11:00:03,5.8,
385,2022-06-15,11:15:03,6.4,
386,2022-06-15,11:30:03,7.1,
387,2022-06-15,11:45:03,7.6,
388,2022-06-15,12:00:03,7.9,
389,2022-06-15,12:15:03,8.3,
390,2022-06-15,12:30:03,8.4,
391,2022-06-15,12:45:03,8.5,
392,2022-06-15,13:00:03,8.7,
393,2022-06-15,13:15:03,8.9,
394,2022-06-15,13:30:03,9.1,
395,2022-06-15,13:45:03,9.4,
396,2022-06-15,14:00:03,9.6,
397,2022-06-15,14:15:03,9.9,
398,2022-06-15,14:30:03,10.1,
399,2022-06-15,14:45:03,10.8,
400,2022-06-15,15:00:03,10.2,
401,2022-06-15,15:15:03,10.1,
402,2022-06-15,15:30:03,13.5,
403,2022-06-15,15:45:03,15.9,
404,2022-06-15,16:00:03,12.1,
405,2022-06-15,16:15:03,11.0,
406,2022-06-15,16:30:03,11.8,
407,2022-06-15,16:45:03,11.0,
408,2022-06-15,17:00:03,9.9,
409,2022-06-15,17:15:03,11.5,
410,2022-06-15,17:30:03,10.8,
411,2022-06-15,17:45:03,9.8,
412,2022-06-15,18:00:03,9.4,
413,2022-06-15,18:15:03,9.5,
414,2022-06-15,18:30:03,9.4,
415,2022-06-15,18:45:03,8.9,
416,2022-06-15,19:00:03,10.7,
417,2022-06-15,19:15:03,8.6,
418,2022-06-15,19:30:03,8.1,
419,2022-06-15,19:45:03,7.9,
420,2022-06-15,20:00:03,7.7,
421,2022-06-15,20:15:03,7.5,
422,2022-06-15,20:30:03,7.2,
423,2022-06-15,20:45:03,7.2,
424,2022-06-15,21:00:03,7.2,
425,2022-06-15,21:15:03,7.0,
426,2022-06-15,21:30:03,6.5,
427,2022-06-15,21:45:03,6.5,
428,2022-06-15,22:00:03,6.6,
429,2022-06-15,22:15:03,6.8,
430,2022-06-15,22:30:03,6.2,
431,2022-06-15,22:45:03,6.4,
432,2022-06-15,23:00:03,6.9,
433,2022-06-15,23:15:03,6.8,
434,2022-06-15,23:30:03,7.1,
435,2022-06-15,23:45:03,6.5,
436,2022-06-16,00:00:03,6.6,
437,2022-06-16,00:15:03,6.5,
438,2022-06-16,00:30:03,6.6,
439,2022-06-16,00:45:03,6.5,
440,2022-06-16,01:00:03,6.5,
441,2022-06-16,01:15:03,6.5,
442,2022-06-16,01:30:03,6.1,
443,2022-06-16,01:45:03,5.9,
444,2022-06-16,02:00:03,6.8,
445,2022-06-16,02:15:03,6.4,
446,2022-06-16,02:30:03,6.4,
447,2022-06-16,02:45:03,5.9,
448,2022-06-16,03:00:03,6.2,
449,2022-06-16,03:15:03,6.2,
450,2022-06-16,03:30:03,6.3,
451,2022-06-16,03:45:03,6.7,
452,2022-06-16,04:00:03,6.5,
453,2022-06-16,04:15:03,6.5,
454,2022-06-16,04:30:03,7.0,
455,2022-06-16,04:45:03,7.4,
456,2022-06-16,05:00:03,7.7,
457,2022-06-16,05:15:03,7.5,
458,2022-06-16,05:30:03,7.7,
459,2022-06-16,05:45:03,8.3,
460,2022-06-16,06:00:03,8.3,
461,2022-06-16,06:15:03,8.6,
462,2022-06-16,06:30:03,8.7,
463,2022-06-16,06:45:03,8.7,
464,2022-06-16,07:00:03,8.9,
465,2022-06-16,07:15:03,8.4,
466,2022-06-16,07:30:03,8.9,
467,2022-06-16,07:45:03,9.3,
468,2022-06-16,08:00:03,9.3,
469,2022-06-16,08:15:03,9.1,
470,2022-06-16,08:30:03,9.6,
471,2022-06-16,08:45:03,9.4,
472,2022-06-16,09:00:03,9.8,
473,2022-06-16,09:15:03,10.3,
474,2022-06-16,09:30:03,10.4,
475,2022-06-16,09:45:03,10.1,
476,2022-06-16,10:00:03,10.3,
477,2022-06-16,10:15:03,10.8,
478,2022-06-16,10:30:03,11.6,
479,2022-06-16,10:45:03,11.2,
480,2022-06-16,11:00:03,11.0,
481,2022-06-16,11:15:03,11.6,
482,2022-06-16,11:30:03,11.9,
483,2022-06-16,11:45:03,12.1,
484,2022-06-16,12:00:03,12.3,
485,2022-06-16,12:15:03,12.7,
486,2022-06-16,12:30:03,12.4,
487,2022-06-16,12:45:03,12.5,
488,2022-06-16,13:00:03,12.2,
489,2022-06-16,13:15:03,12.2,
490,2022-06-16,13:30:03,12.4,
491,2022-06-16,13:45:03,12.3,
492,2022-06-16,14:00:03,12.7,
493,2022-06-16,14:15:03,13.0,
494,2022-06-16,14:30:03,12.8,
495,2022-06-16,14:45:03,13.1,
496,2022-06-16,15:00:03,12.6,
497,2022-06-16,15:15:03,13.3,
498,2022-06-16,15:30:03,13.8,
499,2022-06-16,15:45:03,14.9,
500,2022-06-16,16:00:03,17.9,
501,2022-06-16,16:15:03,16.8,
502,2022-06-16,16:30:03,16.6,
503,2022-06-16,16:45:03,16.1,
504,2022-06-16,17:00:03,16.3,
505,2022-06-16,17:15:03,13.7,
506,2022-06-16,17:30:03,12.1,
507,2022-06-16,17:45:03,12.1,
508,2022-06-16,18:00:03,11.1,
509,2022-06-16,18:15:03,12.8,
510,2022-06-16,18:30:03,12.4,
511,2022-06-16,18:45:03,12.8,
512,2022-06-16,19:00:03,12.2,
513,2022-06-16,19:15:03,13.4,
514,2022-06-16,19:30:03,11.8,
515,2022-06-16,19:45:03,9.7,
516,2022-06-16,20:00:03,12.6,
517,2022-06-16,20:15:03,11.5,
518,2022-06-16,20:30:03,8.8,
519,2022-06-16,20:45:03,10.2,
520,2022-06-16,21:00:03,9.0,
521,2022-06-16,21:15:03,7.9,
522,2022-06-16,21:30:03,8.6,
523,2022-06-16,21:45:03,9.6,
524,2022-06-16,22:00:03,9.2,
525,2022-06-16,22:15:03,7.3,
526,2022-06-16,22:30:03,8.1,
527,2022-06-16,22:45:03,8.9,
528,2022-06-16,23:00:03,7.8,
529,2022-06-16,23:15:03,8.8,
530,2022-06-16,23:30:03,9.8,
531,2022-06-16,23:45:03,9.8,
532,2022-06-17,00:00:03,8.6,
533,2022-06-17,00:15:03,8.9,
534,2022-06-17,00:30:03,9.1,
535,2022-06-17,00:45:03,7.8,
536,2022-06-17,01:00:03,8.5,
537,2022-06-17,01:15:03,9.2,
538,2022-06-17,01:30:03,7.1,
539,2022-06-17,01:45:03,7.8,
540,2022-06-17,02:00:03,8.7,
541,2022-06-17,02:15:03,8.6,
542,2022-06-17,02:30:03,6.0,
543,2022-06-17,02:45:03,8.3,
544,2022-06-17,03:00:03,8.6,
545,2022-06-17,03:15:03,9.1,
546,2022-06-17,03:30:03,3.9,
547,2022-06-17,03:45:03,5.4,
548,2022-06-17,04:00:03,9.0,
549,2022-06-17,04:15:03,6.3,
550,2022-06-17,04:30:03,5.8,
551,2022-06-17,04:45:03,6.3,
552,2022-06-17,05:00:03,8.2,
553,2022-06-17,05:15:03,9.6,
554,2022-06-17,05:30:03,9.6,
555,2022-06-17,05:45:03,11.8,
556,2022-06-17,06:00:03,7.4,
557,2022-06-17,06:15:03,9.6,
558,2022-06-17,06:30:03,11.8,
559,2022-06-17,06:45:03,11.8,
560,2022-06-17,07:00:03,11.9,
561,2022-06-17,07:15:03,13.0,
562,2022-06-17,07:30:03,13.8,
563,2022-06-17,07:45:03,10.2,
564,2022-06-17,08:00:03,15.9,
565,2022-06-17,08:15:03,11.9,
566,2022-06-17,08:30:03,13.5,
567,2022-06-17,08:45:03,11.6,
568,2022-06-17,09:00:03,11.2,
569,2022-06-17,09:15:03,13.0,
570,2022-06-17,09:30:03,10.3,
571,2022-06-17,09:45:03,13.2,
572,2022-06-17,10:00:03,14.7,
573,2022-06-17,10:15:03,17.7,
574,2022-06-17,10:30:03,13.5,
575,2022-06-17,10:45:03,15.8,
576,2022-06-17,11:00:03,13.0,
577,2022-06-17,11:15:03,13.6,
578,2022-06-17,11:30:03,11.9,
579,2022-06-17,11:45:03,12.2,
580,2022-06-17,12:00:03,11.7,
581,2022-06-17,12:15:03,11.9,
582,2022-06-17,12:30:03,11.5,
583,2022-06-17,12:45:03,14.4,
584,2022-06-17,13:00:03,12.9,
585,2022-06-17,13:15:03,15.6,
586,2022-06-17,13:30:03,15.7,
587,2022-06-17,13:45:03,15.1,
588,2022-06-17,14:00:03,14.7,
589,2022-06-17,14:15:03,15.8,
590,2022-06-17,14:30:03,13.2,
591,2022-06-17,14:45:03,15.3,
592,2022-06-17,15:00:03,15.2,
593,2022-06-17,15:15:03,13.9,
594,2022-06-17,15:30:03,14.1,
595,2022-06-17,15:45:03,14.1,
596,2022-06-17,16:00:03,13.8,
597,2022-06-17,16:15:03,14.5,
598,2022-06-17,16:30:03,13.3,
599,2022-06-17,16:45:03,13.5,
600,2022-06-17,17:00:03,13.5,
601,2022-06-17,17:15:03,12.8,
602,2022-06-17,17:30:03,13.3,
603,2022-06-17,17:45:03,12.9,
604,2022-06-17,18:00:03,13.3,
605,2022-06-17,18:15:03,13.0,
606,2022-06-17,18:30:03,12.2,
607,2022-06-17,18:45:03,12.2,
608,2022-06-17,19:00:03,11.9,
609,2022-06-17,19:15:03,11.5,
610,2022-06-17,19:30:03,11.5,
611,2022-06-17,19:45:03,11.3,
612,2022-06-17,20:00:03,10.7,
613,2022-06-17,20:15:03,10.3,
614,2022-06-17,20:30:03,9.9,
615,2022-06-17,20:45:03,9.5,
616,2022-06-17,21:00:03,8.5,
617,2022-06-17,21:15:03,9.5,
618,2022-06-17,21:30:03,8.4,
619,2022-06-17,21:45:03,8.9,
620,2022-06-17,22:00:03,9.1,
621,2022-06-17,22:15:03,9.0,
622,2022-06-17,22:30:03,6.7,
623,2022-06-17,22:45:03,6.2,
624,2022-06-17,23:00:03,7.7,
625,2022-06-17,23:15:03,8.0,
626,2022-06-17,23:30:03,6.1,
627,2022-06-17,23:45:03,6.7,
628,2022-06-18,00:00:03,6.2,
629,2022-06-18,00:15:03,7.3,
630,2022-06-18,00:30:03,4.4,
631,2022-06-18,00:45:03,7.4,
632,2022-06-18,01:00:03,5.9,
633,2022-06-18,01:15:03,6.5,
634,2022-06-18,01:30:03,7.8,
635,2022-06-18,01:45:03,6.1,
636,2022-06-18,02:00:03,7.0,
637,2022-06-18,02:15:03,5.7,
638,2022-06-18,02:30:03,5.5,
639,2022-06-18,02:45:03,6.6,
640,2022-06-18,03:00:03,4.5,
641,2022-06-18,03:15:03,6.2,
642,2022-06-18,03:30:03,4.9,
643,2022-06-18,03:45:03,6.1,
644,2022-06-18,04:00:03,5.6,
645,2022-06-18,04:15:03,5.9,
646,2022-06-18,04:30:03,6.5,
647,2022-06-18,04:45:03,6.7,
648,2022-06-18,05:00:03,7.4,
649,2022-06-18,05:15:03,7.3,
650,2022-06-18,05:30:03,6.1,
651,2022-06-18,05:45:03,7.6,
652,2022-06-18,06:00:03,9.9,
653,2022-06-18,06:15:03,7.1,
654,2022-06-18,06:30:03,9.1,
655,2022-06-18,06:45:03,9.3,
656,2022-06-18,07:00:03,10.1,
657,2022-06-18,07:15:03,10.0,
658,2022-06-18,07:30:03,7.8,
659,2022-06-18,07:45:03,7.4,
660,2022-06-18,08:00:03,11.0,
661,2022-06-18,08:15:03,11.5,
662,2022-06-18,08:30:03,10.4,
663,2022-06-18,08:45:03,8.4,
664,2022-06-18,09:00:03,9.2,
665,2022-06-18,09:15:03,9.8,
666,2022-06-18,09:30:03,11.1,
667,2022-06-18,09:45:03,10.8,
668,2022-06-18,10:00:03,12.0,
669,2022-06-18,10:15:03,12.8,
670,2022-06-18,10:30:03,12.4,
671,2022-06-18,10:45:03,11.8,
672,2022-06-18,11:00:03,11.6,
673,2022-06-18,11:15:03,14.7,
674,2022-06-18,11:30:03,8.1,
675,2022-06-18,11:45:03,8.4,
676,2022-06-18,12:00:03,11.6,
677,2022-06-18,12:15:03,10.0,
678,2022-06-18,12:30:03,8.9,
679,2022-06-18,12:45:03,12.9,
680,2022-06-18,13:00:03,13.2,
681,2022-06-18,13:15:03,13.4,
682,2022-06-18,13:30:03,16.6,
683,2022-06-18,13:45:03,12.7,
684,2022-06-18,14:00:03,11.8,
685,2022-06-18,14:15:03,14.0,
686,2022-06-18,14:30:03,12.5,
687,2022-06-18,14:45:03,12.0,
688,2022-06-18,15:00:03,10.0,
689,2022-06-18,15:15:03,11.7,
690,2022-06-18,15:30:03,10.6,
691,2022-06-18,15:45:03,9.9,
692,2022-06-18,16:00:03,9.4,
693,2022-06-18,16:15:03,9.6,
694,2022-06-18,16:30:03,8.8,
695,2022-06-18,16:45:03,8.2,
696,2022-06-18,17:00:03,8.4,
697,2022-06-18,17:15:03,8.5, Inspection Mark
698,2022-06-18,17:30:03,9.7,
699,2022-06-18,17:45:03,7.4,
700,2022-06-18,18:00:03,7.2,
701,2022-06-18,18:15:03,7.5,
702,2022-06-18,18:30:03,7.7,
703,2022-06-18,18:45:03,8.1,
704,2022-06-18,19:00:03,7.2,
705,2022-06-18,19:15:03,7.3,
706,2022-06-18,19:30:03,6.3,
707,2022-06-18,19:45:03,6.8,
708,2022-06-18,20:00:03,7.2,
709,2022-06-18,20:15:03,6.4,
710,2022-06-18,20:30:03,5.9,
711,2022-06-18,20:45:03,4.9,
712,2022-06-18,21:00:03,5.5,
713,2022-06-18,21:15:03,5.7,
714,2022-06-18,21:30:03,5.0,
715,2022-06-18,21:45:03,4.6,
716,2022-06-18,22:00:03,4.8,
717,2022-06-18,22:15:03,5.0,
718,2022-06-18,22:30:03,5.2,
719,2022-06-18,22:45:03,4.2,
720,2022-06-18,23:00:03,4.9,
721,2022-06-18,23:15:03,4.4,
722,2022-06-18,23:30:03,5.3,
723,2022-06-18,23:45:03,4.5,
724,2022-06-19,00:00:03,3.6,
725,2022-06-19,00:15:03,4.5,
726,2022-06-19,00:30:03,5.3,
727,2022-06-19,00:45:03,5.4,
728,2022-06-19,01:00:03,5.2,
729,2022-06-19,01:15:03,5.0,
730,2022-06-19,01:30:03,5.1,
731,2022-06-19,01:45:03,5.1,
732,2022-06-19,02:00:03,5.0,
733,2022-06-19,02:15:03,4.4,
734,2022-06-19,02:30:03,4.1,
735,2022-06-19,02:45:03,4.1,
736,2022-06-19,03:00:03,3.8,
737,2022-06-19,03:15:03,4.0,
738,2022-06-19,03:30:03,4.2,
739,2022-06-19,03:45:03,4.1,
740,2022-06-19,04:00:03,4.0,
741,2022-06-19,04:15:03,3.9,
742,2022-06-19,04:30:03,3.7,
743,2022-06-19,04:45:03,3.7,
744,2022-06-19,05:00:03,3.9,
745,2022-06-19,05:15:03,4.0,
746,2022-06-19,05:30:03,4.0,
747,2022-06-19,05:45:03,3.8,
748,2022-06-19,06:00:03,4.0,
749,2022-06-19,06:15:03,3.8,
750,2022-06-19,06:30:03,3.9,
751,2022-06-19,06:45:03,3.7,
752,2022-06-19,07:00:03,4.3,
753,2022-06-19,07:15:03,4.0,
754,2022-06-19,07:30:03,3.9,
755,2022-06-19,07:45:03,4.1,
756,2022-06-19,08:00:03,4.4,
757,2022-06-19,08:15:03,4.0,
758,2022-06-19,08:30:03,4.0,
759,2022-06-19,08:45:03,4.1,
760,2022-06-19,09:00:03,3.8,
761,2022-06-19,09:15:03,3.7,
762,2022-06-19,09:30:03,4.5,
763,2022-06-19,09:45:03,3.7,
764,2022-06-19,10:00:03,4.0,
765,2022-06-19,10:15:03,4.1,
766,2022-06-19,10:30:03,3.9,
767,2022-06-19,10:45:03,4.1,
768,2022-06-19,11:00:03,4.0,
769,2022-06-19,11:15:03,3.8,
770,2022-06-19,11:30:03,3.8,
771,2022-06-19,11:45:03,3.8,
772,2022-06-19,12:00:03,3.8,
773,2022-06-19,12:15:03,3.7,
774,2022-06-19,12:30:03,4.4,
775,2022-06-19,12:45:03,3.5,
776,2022-06-19,13:00:03,3.9,
777,2022-06-19,13:15:03,4.0,
778,2022-06-19,13:30:03,4.2,
779,2022-06-19,13:45:03,4.4,
780,2022-06-19,14:00:03,5.2,
781,2022-06-19,14:15:03,4.5,
782,2022-06-19,14:30:03,3.9,
783,2022-06-19,14:45:03,4.6,
784,2022-06-19,15:00:03,4.5,
785,2022-06-19,15:15:03,4.2,
786,2022-06-19,15:30:03,3.8,
787,2022-06-19,15:45:03,3.7,
788,2022-06-19,16:00:03,3.9,
789,2022-06-19,16:15:03,4.0,
790,2022-06-19,16:30:03,3.7,
791,2022-06-19,16:45:03,3.6,
792,2022-06-19,17:00:03,3.9,
793,2022-06-19,17:15:03,4.0,
794,2022-06-19,17:30:03,3.4,
795,2022-06-19,17:45:03,3.4,
796,2022-06-19,18:00:03,3.1,
797,2022-06-19,18:15:03,3.2,
798,2022-06-19,18:30:03,3.3,
799,2022-06-19,18:45:03,3.2,
800,2022-06-19,19:00:03,3.0,
801,2022-06-19,19:15:03,3.0,
802,2022-06-19,19:30:03,3.0,
803,2022-06-19,19:45:03,3.0,
804,2022-06-19,20:00:03,2.7,
805,2022-06-19,20:15:03,3.0,
806,2022-06-19,20:30:03,2.7,
807,2022-06-19,20:45:03,2.8,
808,2022-06-19,21:00:03,2.8,
809,2022-06-19,21:15:03,2.7,
810,2022-06-19,21:30:03,3.0,
811,2022-06-19,21:45:03,2.9,
812,2022-06-19,22:00:03,2.7,
813,2022-06-19,22:15:03,2.7,
814,2022-06-19,22:30:03,2.8,
815,2022-06-19,22:45:03,2.7,
816,2022-06-19,23:00:03,2.8,
817,2022-06-19,23:15:03,2.7,
818,2022-06-19,23:30:03,2.6,
819,2022-06-19,23:45:03,2.5,
820,2022-06-20,00:00:03,2.6,
821,2022-06-20,00:15:03,2.7,
822,2022-06-20,00:30:03,2.6,
823,2022-06-20,00:45:03,2.5,
824,2022-06-20,01:00:03,2.5,
825,2022-06-20,01:15:03,2.3,
826,2022-06-20,01:30:03,2.3,
827,2022-06-20,01:45:03,2.4,
828,2022-06-20,02:00:03,2.3,
829,2022-06-20,02:15:03,2.2,
830,2022-06-20,02:30:03,2.2,
831,2022-06-20,02:45:03,2.3,
832,2022-06-20,03:00:03,2.1,
833,2022-06-20,03:15:03,2.2,
834,2022-06-20,03:30:03,2.3,
835,2022-06-20,03:45:03,2.3,
836,2022-06-20,04:00:03,1.9,
837,2022-06-20,04:15:03,2.1,
838,2022-06-20,04:30:03,2.2,
839,2022-06-20,04:45:03,2.3,
840,2022-06-20,05:00:03,2.3,
841,2022-06-20,05:15:03,2.3,
842,2022-06-20,05:30:03,2.5,
843,2022-06-20,05:45:03,2.5,
844,2022-06-20,06:00:03,2.5,
845,2022-06-20,06:15:03,2.8,
846,2022-06-20,06:30:03,2.9,
847,2022-06-20,06:45:03,3.1,
848,2022-06-20,07:00:03,3.3,
849,2022-06-20,07:15:03,3.2,
850,2022-06-20,07:30:03,3.1,
851,2022-06-20,07:45:03,3.3,
852,2022-06-20,08:00:03,3.3,
853,2022-06-20,08:15:03,3.6,
854,2022-06-20,08:30:03,3.8,
855,2022-06-20,08:45:03,3.7,
856,2022-06-20,09:00:03,3.7,
857,2022-06-20,09:15:03,4.4,
858,2022-06-20,09:30:03,4.6,
859,2022-06-20,09:45:03,5.3,
860,2022-06-20,10:00:03,4.6,
861,2022-06-20,10:15:03,4.7,
862,2022-06-20,10:30:03,5.0,
863,2022-06-20,10:45:03,5.6,
864,2022-06-20,11:00:03,5.9,
865,2022-06-20,11:15:03,6.3,
866,2022-06-20,11:30:03,6.4,
867,2022-06-20,11:45:03,6.0,
868,2022-06-20,12:00:03,5.7,
869,2022-06-20,12:15:03,5.7,
870,2022-06-20,12:30:03,5.6,
871,2022-06-20,12:45:03,6.0,
872,2022-06-20,13:00:03,6.4,
873,2022-06-20,13:15:03,5.7,
874,2022-06-20,13:30:03,6.3,
875,2022-06-20,13:45:03,6.3,
876,2022-06-20,14:00:03,7.1,
877,2022-06-20,14:15:03,6.0,
878,2022-06-20,14:30:03,5.7,
879,2022-06-20,14:45:03,5.8,
880,2022-06-20,15:00:03,6.1,
881,2022-06-20,15:15:03,6.3,
882,2022-06-20,15:30:03,6.7,
883,2022-06-20,15:45:03,6.7,
884,2022-06-20,16:00:03,7.0,
885,2022-06-20,16:15:03,5.6,
886,2022-06-20,16:30:03,6.0,
887,2022-06-20,16:45:03,5.8,
888,2022-06-20,17:00:03,6.7,
889,2022-06-20,17:15:03,6.1,
890,2022-06-20,17:30:03,5.7,
891,2022-06-20,17:45:03,5.4,
892,2022-06-20,18:00:03,5.4,
893,2022-06-20,18:15:03,4.8,
894,2022-06-20,18:30:03,5.8,
895,2022-06-20,18:45:03,4.7,
896,2022-06-20,19:00:03,4.8,
897,2022-06-20,19:15:03,4.4,
898,2022-06-20,19:30:03,4.2,
899,2022-06-20,19:45:03,4.4,
900,2022-06-20,20:00:03,4.2,
901,2022-06-20,20:15:03,4.3,
902,2022-06-20,20:30:03,4.1,
903,2022-06-20,20:45:03,4.2,
904,2022-06-20,21:00:03,4.2,
905,2022-06-20,21:15:03,4.0,
906,2022-06-20,21:30:03,4.0,
907,2022-06-20,21:45:03,4.0,
908,2022-06-20,22:00:03,3.8,
909,2022-06-20,22:15:03,3.8,
910,2022-06-20,22:30:03,4.0,
911,2022-06-20,22:45:03,3.9,
912,2022-06-20,23:00:03,3.8,
913,2022-06-20,23:15:03,3.6,
914,2022-06-20,23:30:03,3.4,
915,2022-06-20,23:45:03,3.3,
916,2022-06-21,00:00:03,3.1,
917,2022-06-21,00:15:03,2.9,
918,2022-06-21,00:30:03,2.6,
919,2022-06-21,00:45:03,2.6,
920,2022-06-21,01:00:03,2.4,
921,2022-06-21,01:15:03,2.3,
922,2022-06-21,01:30:03,2.2,
923,2022-06-21,01:45:03,2.1,
924,2022-06-21,02:00:03,1.9,
925,2022-06-21,02:15:03,1.8,
926,2022-06-21,02:30:03,1.6,
927,2022-06-21,02:45:03,1.7,
928,2022-06-21,03:00:03,1.8,
929,2022-06-21,03:15:03,1.6,
930,2022-06-21,03:30:03,1.4,
931,2022-06-21,03:45:03,1.5,
932,2022-06-21,04:00:03,1.6,
933,2022-06-21,04:15:03,1.5,
934,2022-06-21,04:30:03,1.5,
935,2022-06-21,04:45:03,1.5,
936,2022-06-21,05:00:03,1.4,
937,2022-06-21,05:15:03,1.6,
938,2022-06-21,05:30:03,1.6,
939,2022-06-21,05:45:03,1.6,
940,2022-06-21,06:00:03,1.7,
941,2022-06-21,06:15:03,1.8,
942,2022-06-21,06:30:03,2.1,
943,2022-06-21,06:45:03,2.2,
944,2022-06-21,07:00:03,2.6,
945,2022-06-21,07:15:03,2.5,
946,2022-06-21,07:30:03,3.4,
947,2022-06-21,07:45:03,4.2,
948,2022-06-21,08:00:03,4.9,
949,2022-06-21,08:15:03,5.7,
950,2022-06-21,08:30:03,5.2,
951,2022-06-21,08:45:03,6.3,
952,2022-06-21,09:00:03,6.3,
953,2022-06-21,09:15:03,7.1,
954,2022-06-21,09:30:03,6.5,
955,2022-06-21,09:45:03,4.6,
956,2022-06-21,10:00:03,3.8,
957,2022-06-21,10:15:03,2.8,
958,2022-06-21,10:30:03,2.7,
959,2022-06-21,10:45:03,2.5,
960,2022-06-21,11:00:03,2.9,
961,2022-06-21,11:15:03,3.7,
962,2022-06-21,11:30:03,4.8,
963,2022-06-21,11:45:03,5.8,
964,2022-06-21,12:00:03,5.4,
965,2022-06-21,12:15:03,6.4,
966,2022-06-21,12:30:03,6.9,
967,2022-06-21,12:45:03,6.1,
968,2022-06-21,13:00:03,4.7,
969,2022-06-21,13:15:03,7.3,
970,2022-06-21,13:30:03,8.4,
971,2022-06-21,13:45:03,6.2,
972,2022-06-21,14:00:03,6.5,
973,2022-06-21,14:15:03,7.8,
974,2022-06-21,14:30:03,7.2,
975,2022-06-21,14:45:03,7.1,
976,2022-06-21,15:00:03,7.4,
977,2022-06-21,15:15:03,6.6,
978,2022-06-21,15:30:03,8.4,
979,2022-06-21,15:45:03,8.8,
980,2022-06-21,16:00:03,6.5,
981,2022-06-21,16:15:03,8.0,
982,2022-06-21,16:30:03,4.7,
983,2022-06-21,16:45:03,4.1,
984,2022-06-21,17:00:03,4.3,
985,2022-06-21,17:15:03,3.7,
986,2022-06-21,17:30:03,4.8,
987,2022-06-21,17:45:03,5.0,
988,2022-06-21,18:00:03,5.8,
989,2022-06-21,18:15:03,3.1,
990,2022-06-21,18:30:03,3.3,
991,2022-06-21,18:45:03,2.5,
992,2022-06-21,19:00:03,2.0,
993,2022-06-21,19:15:03,1.9,
994,2022-06-21,19:30:03,1.7,
995,2022-06-21,19:45:03,2.5,
996,2022-06-21,20:00:03,2.4,
997,2022-06-21,20:15:03,1.8,
998,2022-06-21,20:30:03,1.7,
999,2022-06-21,20:45:03,1.6,
1000,2022-06-21,21:00:03,1.4,
1001,2022-06-21,21:15:03,1.3,
1002,2022-06-21,21:30:03,1.1,
1003,2022-06-21,21:45:03,1.2,
1004,2022-06-21,22:00:03,1.1,
1005,2022-06-21,22:15:03,1.3,
1006,2022-06-21,22:30:03,1.1,
1007,2022-06-21,22:45:03,1.3,
1008,2022-06-21,23:00:03,1.2,
1009,2022-06-21,23:15:03,1.4,
1010,2022-06-21,23:30:03,1.3,
1011,2022-06-21,23:45:03,1.2,
1012,2022-06-22,00:00:03,1.3,
1013,2022-06-22,00:15:03,1.4,
1014,2022-06-22,00:30:03,1.4,
1015,2022-06-22,00:45:03,1.4,
1016,2022-06-22,01:00:03,1.3,
1017,2022-06-22,01:15:03,1.2,
1018,2022-06-22,01:30:03,1.2,
1019,2022-06-22,01:45:03,1.3,
1020,2022-06-22,02:00:03,1.4,
1021,2022-06-22,02:15:03,1.5,
1022,2022-06-22,02:30:03,1.6,
1023,2022-06-22,02:45:03,1.6,
1024,2022-06-22,03:00:03,1.7,
1025,2022-06-22,03:15:03,1.6,
1026,2022-06-22,03:30:03,1.5,
1027,2022-06-22,03:45:03,1.5,
1028,2022-06-22,04:00:03,1.5,
1029,2022-06-22,04:15:03,1.4,
1030,2022-06-22,04:30:03,1.4,
1031,2022-06-22,04:45:03,1.5,
1032,2022-06-22,05:00:03,1.3,
1033,2022-06-22,05:15:03,1.1,
1034,2022-06-22,05:30:03,0.9,
1035,2022-06-22,05:45:03,0.7,
1036,2022-06-22,06:00:03,0.7,
1037,2022-06-22,06:15:03,0.6,
1038,2022-06-22,06:30:03,0.8,
1039,2022-06-22,06:45:03,0.7,
1040,2022-06-22,07:00:03,1.0,
1041,2022-06-22,07:15:03,1.2,
1042,2022-06-22,07:30:03,1.2,
1043,2022-06-22,07:45:03,1.3,
1044,2022-06-22,08:00:03,1.7,
1045,2022-06-22,08:15:03,1.8,
1046,2022-06-22,08:30:03,2.2,
1047,2022-06-22,08:45:03,2.3,
1048,2022-06-22,09:00:03,2.5,
1049,2022-06-22,09:15:03,2.8,
1050,2022-06-22,09:30:03,4.1,
1051,2022-06-22,09:45:03,5.5,
1052,2022-06-22,10:00:03,4.8,
1053,2022-06-22,10:15:03,4.7,
1054,2022-06-22,10:30:03,4.4,
1055,2022-06-22,10:45:03,5.3,
1056,2022-06-22,11:00:03,4.2,
1057,2022-06-22,11:15:03,6.6,
1058,2022-06-22,11:30:03,6.5,
1059,2022-06-22,11:45:03,5.6,
1060,2022-06-22,12:00:03,6.9,
1061,2022-06-22,12:15:03,9.9,
1062,2022-06-22,12:30:03,6.3,
1063,2022-06-22,12:45:03,6.6,
1064,2022-06-22,13:00:03,6.0,
1065,2022-06-22,13:15:03,6.4,
1066,2022-06-22,13:30:03,8.1,
1067,2022-06-22,13:45:03,9.1,
1068,2022-06-22,14:00:03,9.8,
1069,2022-06-22,14:15:03,7.7,
1070,2022-06-22,14:30:03,6.1,
1071,2022-06-22,14:45:03,6.1,
1072,2022-06-22,15:00:03,5.7,
1073,2022-06-22,15:15:03,8.2,
1074,2022-06-22,15:30:03,7.9,
1075,2022-06-22,15:45:03,7.3,
1076,2022-06-22,16:00:03,10.8,
1077,2022-06-22,16:15:03,8.5,
1078,2022-06-22,16:30:03,9.1,
1079,2022-06-22,16:45:03,11.3,
1080,2022-06-22,17:00:03,4.9,
1081,2022-06-22,17:15:03,6.2,
1082,2022-06-22,17:30:03,5.0,
1083,2022-06-22,17:45:03,5.7,
1084,2022-06-22,18:00:03,4.7,
1085,2022-06-22,18:15:03,6.2,
1086,2022-06-22,18:30:03,6.2,
1087,2022-06-22,18:45:03,7.7,
1088,2022-06-22,19:00:03,6.2,
1089,2022-06-22,19:15:03,3.4,
1090,2022-06-22,19:30:03,3.8,
1091,2022-06-22,19:45:03,3.0,
1092,2022-06-22,20:00:03,2.9,
1093,2022-06-22,20:15:03,2.1,
1094,2022-06-22,20:30:03,2.6,
1095,2022-06-22,20:45:03,2.5,
1096,2022-06-22,21:00:03,1.7,
1097,2022-06-22,21:15:03,1.5,
1098,2022-06-22,21:30:03,2.6,
1099,2022-06-22,21:45:03,1.4,
1100,2022-06-22,22:00:03,1.3,
1101,2022-06-22,22:15:03,1.3,
1102,2022-06-22,22:30:03,2.7,
1103,2022-06-22,22:45:03,4.2,
1104,2022-06-22,23:00:03,5.3,
1105,2022-06-22,23:15:03,5.8,
1106,2022-06-22,23:30:03,6.5,
1107,2022-06-22,23:45:03,7.0,
1108,2022-06-23,00:00:03,6.6,
1109,2022-06-23,00:15:03,7.4,
1110,2022-06-23,00:30:03,6.5,
1111,2022-06-23,00:45:03,5.1,
1112,2022-06-23,01:00:03,4.9,
1113,2022-06-23,01:15:03,6.0,
1114,2022-06-23,01:30:03,6.0,
1115,2022-06-23,01:45:03,6.0,
1116,2022-06-23,02:00:03,6.1,
1117,2022-06-23,02:15:03,6.9,
1118,2022-06-23,02:30:03,5.9,
1119,2022-06-23,02:45:03,6.5,
1120,2022-06-23,03:00:03,6.3,
1121,2022-06-23,03:15:03,6.3,
1122,2022-06-23,03:30:03,6.7,
1123,2022-06-23,03:45:03,5.8,
1124,2022-06-23,04:00:03,5.8,
1125,2022-06-23,04:15:03,5.5,
1126,2022-06-23,04:30:03,5.6,
1127,2022-06-23,04:45:03,6.2,
1128,2022-06-23,05:00:03,6.2,
1129,2022-06-23,05:15:03,8.5,
1130,2022-06-23,05:30:03,9.0,
1131,2022-06-23,05:45:03,9.8,
1132,2022-06-23,06:00:03,11.3,
1133,2022-06-23,06:15:03,9.9,
1134,2022-06-23,06:30:03,9.6,
1135,2022-06-23,06:45:03,8.7,
1136,2022-06-23,07:00:03,9.4,
1137,2022-06-23,07:15:03,9.4,
1138,2022-06-23,07:30:03,9.3,
1139,2022-06-23,07:45:03,9.3,
1140,2022-06-23,08:00:03,9.1,
1141,2022-06-23,08:15:03,9.6,
1142,2022-06-23,08:30:03,10.4,
1143,2022-06-23,08:45:03,10.4,
1144,2022-06-23,09:00:03,10.6,
1145,2022-06-23,09:15:03,10.8,
1146,2022-06-23,09:30:03,10.9,
1147,2022-06-23,09:45:03,10.4,
1148,2022-06-23,10:00:03,10.7,
1149,2022-06-23,10:15:03,10.2,
1150,2022-06-23,10:30:03,10.2,
1151,2022-06-23,10:45:03,11.8,
1152,2022-06-23,11:00:03,11.3,
1153,2022-06-23,11:15:03,12.1,
1154,2022-06-23,11:30:03,11.3,
1155,2022-06-23,11:45:03,13.0,
1156,2022-06-23,12:00:03,13.2,
1157,2022-06-23,12:15:03,11.5,
1158,2022-06-23,12:30:03,13.9,
1159,2022-06-23,12:45:03,11.3,
1160,2022-06-23,13:00:03,12.4,
1161,2022-06-23,13:15:03,12.5,
1162,2022-06-23,13:30:03,12.4,
1163,2022-06-23,13:45:03,12.3,
1164,2022-06-23,14:00:03,13.2,
1165,2022-06-23,14:15:03,16.0,
1166,2022-06-23,14:30:03,17.0,
1167,2022-06-23,14:45:03,14.9,
1168,2022-06-23,15:00:03,13.2,
1169,2022-06-23,15:15:03,11.7,
1170,2022-06-23,15:30:03,12.3,
1171,2022-06-23,15:45:03,12.6,
1172,2022-06-23,16:00:03,12.4,
1173,2022-06-23,16:15:03,11.0,
1174,2022-06-23,16:30:03,11.6,
1175,2022-06-23,16:45:03,12.1,
1176,2022-06-23,17:00:03,10.6,
1177,2022-06-23,17:15:03,9.5,
1178,2022-06-23,17:30:03,12.7,
1179,2022-06-23,17:45:03,11.2,
1180,2022-06-23,18:00:03,8.5,
1181,2022-06-23,18:15:03,10.0,
1182,2022-06-23,18:30:03,10.2,
1183,2022-06-23,18:45:03,7.9,
1184,2022-06-23,19:00:03,8.0,
1185,2022-06-23,19:15:03,9.8,
1186,2022-06-23,19:30:03,9.7,
1187,2022-06-23,19:45:03,7.3,
1188,2022-06-23,20:00:03,8.0,
1189,2022-06-23,20:15:03,8.3,
1190,2022-06-23,20:30:03,6.9,
1191,2022-06-23,20:45:03,7.5,
1192,2022-06-23,21:00:03,8.0,
1193,2022-06-23,21:15:03,7.2,
1194,2022-06-23,21:30:03,7.1,
1195,2022-06-23,21:45:03,6.3,
1196,2022-06-23,22:00:03,6.6,
1197,2022-06-23,22:15:03,7.5,
1198,2022-06-23,22:30:03,7.4,
1199,2022-06-23,22:45:03,6.9,
1200,2022-06-23,23:00:03,7.3,
1201,2022-06-23,23:15:03,5.4,
1202,2022-06-23,23:30:03,7.8,
1203,2022-06-23,23:45:03,5.5,
1204,2022-06-24,00:00:03,5.9,
1205,2022-06-24,00:15:03,7.3,
1206,2022-06-24,00:30:03,6.4,
1207,2022-06-24,00:45:03,6.5,
1208,2022-06-24,01:00:03,6.9,
1209,2022-06-24,01:15:03,6.3,
1210,2022-06-24,01:30:03,7.1,
1211,2022-06-24,01:45:03,6.6,
1212,2022-06-24,02:00:03,5.6,
1213,2022-06-24,02:15:03,5.3,
1214,2022-06-24,02:30:03,5.8,
1215,2022-06-24,02:45:03,6.6,
1216,2022-06-24,03:00:03,7.3,
1217,2022-06-24,03:15:03,5.5,
1218,2022-06-24,03:30:03,4.7,
1219,2022-06-24,03:45:03,6.7,
1220,2022-06-24,04:00:03,7.0,
1221,2022-06-24,04:15:03,7.1,
1222,2022-06-24,04:30:03,5.9,
1223,2022-06-24,04:45:03,7.1,
1224,2022-06-24,05:00:03,8.1,
1225,2022-06-24,05:15:03,8.6,
1226,2022-06-24,05:30:03,7.2,
1227,2022-06-24,05:45:03,8.7,
1228,2022-06-24,06:00:03,10.3,
1229,2022-06-24,06:15:03,9.0,
1230,2022-06-24,06:30:03,9.8,
1231,2022-06-24,06:45:03,9.0,
1232,2022-06-24,07:00:03,13.5,
1233,2022-06-24,07:15:03,15.0,
1234,2022-06-24,07:30:03,9.2,
1235,2022-06-24,07:45:03,11.7,
1236,2022-06-24,08:00:03,9.4,
1237,2022-06-24,08:15:03,10.1,
1238,2022-06-24,08:30:03,11.9,
1239,2022-06-24,08:45:03,12.9,
1240,2022-06-24,09:00:03,10.0,
1241,2022-06-24,09:15:03,11.8,
1242,2022-06-24,09:30:03,12.6,
1243,2022-06-24,09:45:03,11.2,
1244,2022-06-24,10:00:03,11.0,
1245,2022-06-24,10:15:03,14.0,
1246,2022-06-24,10:30:03,15.7,
1247,2022-06-24,10:45:03,11.0,
1248,2022-06-24,11:00:03,12.4,
1249,2022-06-24,11:15:03,15.7,
1250,2022-06-24,11:30:03,12.4,
1251,2022-06-24,11:45:03,8.7,
1252,2022-06-24,12:00:03,11.6,
1253,2022-06-24,12:15:03,13.5,
1254,2022-06-24,12:30:03,14.1,
1255,2022-06-24,12:45:03,17.0,
1256,2022-06-24,13:00:03,13.6,
1257,2022-06-24,13:15:03,13.2,
1258,2022-06-24,13:30:03,11.5,
1259,2022-06-24,13:45:03,13.7,
1260,2022-06-24,14:00:03,13.6,
1261,2022-06-24,14:15:03,13.8,
1262,2022-06-24,14:30:03,11.9,
1263,2022-06-24,14:45:03,17.0,
1264,2022-06-24,15:00:03,12.1,
1265,2022-06-24,15:15:03,12.6,
1266,2022-06-24,15:30:03,12.6,
1267,2022-06-24,15:45:03,12.0,
1268,2022-06-24,16:00:03,12.8,
1269,2022-06-24,16:15:03,11.5,
1270,2022-06-24,16:30:03,11.6,
1271,2022-06-24,16:45:03,11.0,
1272,2022-06-24,17:00:03,11.9,
1273,2022-06-24,17:15:03,9.8,
1274,2022-06-24,17:30:03,11.0,
1275,2022-06-24,17:45:03,12.3,
1276,2022-06-24,18:00:03,11.5,
1277,2022-06-24,18:15:03,10.4,
1278,2022-06-24,18:30:03,10.2,
1279,2022-06-24,18:45:03,11.0,
1280,2022-06-24,19:00:03,11.0,
1281,2022-06-24,19:15:03,10.9,
1282,2022-06-24,19:30:03,11.0,
1283,2022-06-24,19:45:03,10.7,
1284,2022-06-24,20:00:03,10.8,
1285,2022-06-24,20:15:03,9.5,
1286,2022-06-24,20:30:03,8.9,
1287,2022-06-24,20:45:03,7.0,
1288,2022-06-24,21:00:03,9.3,
1289,2022-06-24,21:15:03,6.1,
1290,2022-06-24,21:30:03,9.3,
1291,2022-06-24,21:45:03,9.3,
1292,2022-06-24,22:00:03,9.3,
1293,2022-06-24,22:15:03,8.4,
1294,2022-06-24,22:30:03,8.1,
1295,2022-06-24,22:45:03,7.1,
1296,2022-06-24,23:00:03,6.9,
1297,2022-06-24,23:15:03,6.3,
1298,2022-06-24,23:30:03,8.1,
1299,2022-06-24,23:45:03,5.5,
1300,2022-06-25,00:00:03,7.8,
1301,2022-06-25,00:15:03,7.5,
1302,2022-06-25,00:30:03,6.3,
1303,2022-06-25,00:45:03,5.9,
1304,2022-06-25,01:00:03,5.6,
1305,2022-06-25,01:15:03,4.7,
1306,2022-06-25,01:30:03,6.6,
1307,2022-06-25,01:45:03,6.8,
1308,2022-06-25,02:00:03,8.1,
1309,2022-06-25,02:15:03,6.3,
1310,2022-06-25,02:30:03,7.1,
1311,2022-06-25,02:45:03,7.6,
1312,2022-06-25,03:00:03,5.2,
1313,2022-06-25,03:15:03,6.3,
1314,2022-06-25,03:30:03,8.4,
1315,2022-06-25,03:45:03,6.8,
1316,2022-06-25,04:00:03,7.2,
1317,2022-06-25,04:15:03,8.2,
1318,2022-06-25,04:30:03,6.5,
1319,2022-06-25,04:45:03,6.1,
1320,2022-06-25,05:00:03,6.7,
1321,2022-06-25,05:15:03,8.7,
1322,2022-06-25,05:30:03,11.9,
1323,2022-06-25,05:45:03,7.7,
1324,2022-06-25,06:00:03,10.0,
1325,2022-06-25,06:15:03,11.1,
1326,2022-06-25,06:30:03,8.5,
1327,2022-06-25,06:45:03,10.3,
1328,2022-06-25,07:00:03,11.9,
1329,2022-06-25,07:15:03,10.7,
1330,2022-06-25,07:30:03,11.1, Inspection Mark
1331,2022-06-25,07:45:03,11.7,
1332,2022-06-25,08:00:03,15.6,
1333,2022-06-25,08:15:03,22.1,
1334,2022-06-25,08:30:03,19.6,
1335,2022-06-25,08:45:03,14.4,
1336,2022-06-25,09:00:03,12.1,
1337,2022-06-25,09:15:03,10.8,
1338,2022-06-25,09:30:03,10.2,
1339,2022-06-25,09:45:03,9.8,
1340,2022-06-25,10:00:03,9.6,
1341,2022-06-25,10:15:03,9.6,
1342,2022-06-25,10:30:03,9.7,
1343,2022-06-25,10:45:03,9.7,
1344,2022-06-25,11:00:03,9.6,
1345,2022-06-25,11:15:03,9.6,
1346,2022-06-25,11:30:03,9.8,
1347,2022-06-25,11:45:03,9.9,
1348,2022-06-25,12:00:03,10.0,
1349,2022-06-25,12:15:03,10.2,
1350,2022-06-25,12:30:03,10.2,
1351,2022-06-25,12:45:03,10.1,
1352,2022-06-25,13:00:03,10.2,
1353,2022-06-25,13:15:03,10.3,
1354,2022-06-25,13:30:03,10.4,
1355,2022-06-25,13:45:03,10.5,
1356,2022-06-25,14:00:03,10.6,
1357,2022-06-25,14:15:03,10.5,
1358,2022-06-25,14:30:03,10.6,
1359,2022-06-25,14:45:03,10.8,
1360,2022-06-25,15:00:03,10.9,
1361,2022-06-25,15:15:03,17.1,
1362,2022-06-25,15:30:03,20.2,
1363,2022-06-25,15:45:03,18.6,
1364,2022-06-25,16:00:03,17.9,
1365,2022-06-25,16:15:03,18.0,
1366,2022-06-25,16:30:03,18.5,
1367,2022-06-25,16:45:03,18.8,
1368,2022-06-25,17:00:03,19.1,
1369,2022-06-25,17:15:03,19.1,
1370,2022-06-25,17:30:03,19.0,
1371,2022-06-25,17:45:03,18.8,
1372,2022-06-25,18:00:03,18.4,
1373,2022-06-25,18:15:03,17.9,
1374,2022-06-25,18:30:03,17.5,
1375,2022-06-25,18:45:03,17.1,
1376,2022-06-25,19:00:03,16.8,
1377,2022-06-25,19:15:03,16.4,
1378,2022-06-25,19:30:03,16.1,
1379,2022-06-25,19:45:03,15.8,
1380,2022-06-25,20:00:03,15.4,
1381,2022-06-25,20:15:03,15.1,
1382,2022-06-25,20:30:03,14.8,
1383,2022-06-25,20:45:03,14.5,
1384,2022-06-25,21:00:03,14.2,
1385,2022-06-25,21:15:03,13.9,
1386,2022-06-25,21:30:03,13.6,
1387,2022-06-25,21:45:03,13.2,
1388,2022-06-25,22:00:03,12.7,
1389,2022-06-25,22:15:03,12.2,
1390,2022-06-25,22:30:03,11.7,
1391,2022-06-25,22:45:03,11.1,
1392,2022-06-25,23:00:03,10.6,
1393,2022-06-25,23:15:03,10.2,
1394,2022-06-25,23:30:03,9.8,
1395,2022-06-25,23:45:03,9.6,
1396,2022-06-26,00:00:03,9.3,
1397,2022-06-26,00:15:03,9.1,
1398,2022-06-26,00:30:03,8.9,
1399,2022-06-26,00:45:03,8.7,
1400,2022-06-26,01:00:03,8.5,
1401,2022-06-26,01:15:03,8.3,
1402,2022-06-26,01:30:03,8.1,
1403,2022-06-26,01:45:03,8.0,
1404,2022-06-26,02:00:03,8.0,
1405,2022-06-26,02:15:03,8.0,
1406,2022-06-26,02:30:03,8.0,
1407,2022-06-26,02:45:03,7.9,
1408,2022-06-26,03:00:03,7.9,
1409,2022-06-26,03:15:03,7.9,
1410,2022-06-26,03:30:03,7.9,
1411,2022-06-26,03:45:03,7.9,
1412,2022-06-26,04:00:03,7.8,
1413,2022-06-26,04:15:03,7.7,
1414,2022-06-26,04:30:03,7.7,
1415,2022-06-26,04:45:03,8.0,
1416,2022-06-26,05:00:03,9.0,
1417,2022-06-26,05:15:03,10.2,
1418,2022-06-26,05:30:03,11.5,
1419,2022-06-26,05:45:03,13.1,
1420,2022-06-26,06:00:03,14.6,
1421,2022-06-26,06:15:03,15.7,
1422,2022-06-26,06:30:03,17.1,
1423,2022-06-26,06:45:03,18.4,
1424,2022-06-26,07:00:03,19.2,
1425,2022-06-26,07:15:03,20.4,
1426,2022-06-26,07:30:03,21.6,
1427,2022-06-26,07:45:03,22.7,
1428,2022-06-26,08:00:03,23.6,
1429,2022-06-26,08:15:03,24.0,
1430,2022-06-26,08:30:03,24.7,
1431,2022-06-26,08:45:03,25.5,
1432,2022-06-26,09:00:03,26.2,
1433,2022-06-26,09:15:03,26.8,
1434,2022-06-26,09:30:03,27.2,
1435,2022-06-26,09:45:03,27.7,
1436,2022-06-26,10:00:03,27.9,
1437,2022-06-26,10:15:03,27.9,
1438,2022-06-26,10:30:03,27.1,
1439,2022-06-26,10:45:03,25.3,
1440,2022-06-26,11:00:03,23.0,
1441,2022-06-26,11:15:03,20.8,
1442,2022-06-26,11:30:03,18.9,
1443,2022-06-26,11:45:03,17.3,
1444,2022-06-26,12:00:03,16.0,
1445,2022-06-26,12:15:03,15.1,
1446,2022-06-26,12:30:03,14.3,
1447,2022-06-26,12:45:03,13.7,
1448,2022-06-26,13:00:03,13.2,
1449,2022-06-26,13:15:03,13.0,
1450,2022-06-26,13:30:03,13.3,
1451,2022-06-26,13:45:03,13.7,
1452,2022-06-26,14:00:03,14.2,
1453,2022-06-26,14:15:03,14.6,
1454,2022-06-26,14:30:03,15.1,
1455,2022-06-26,14:45:03,15.6,
1456,2022-06-26,15:00:03,16.2,
1457,2022-06-26,15:15:03,16.8,
1458,2022-06-26,15:30:03,17.4,
1459,2022-06-26,15:45:03,18.0,
1460,2022-06-26,16:00:03,18.5,
1461,2022-06-26,16:15:03,18.9,
1462,2022-06-26,16:30:03,19.2,
1463,2022-06-26,16:45:03,19.4,
1464,2022-06-26,17:00:03,19.5,
1465,2022-06-26,17:15:03,19.6,
1466,2022-06-26,17:30:03,19.6,
1467,2022-06-26,17:45:03,19.6,
1468,2022-06-26,18:00:03,19.7,
1469,2022-06-26,18:15:03,19.7,
1470,2022-06-26,18:30:03,19.7,
1471,2022-06-26,18:45:03,19.8,
1472,2022-06-26,19:00:03,19.8,
1473,2022-06-26,19:15:03,19.8,
1474,2022-06-26,19:30:03,19.8,
1475,2022-06-26,19:45:03,19.7,
1476,2022-06-26,20:00:03,19.6,
1477,2022-06-26,20:15:03,19.6,
1478,2022-06-26,20:30:03,19.3,
1479,2022-06-26,20:45:03,18.9,
1480,2022-06-26,21:00:03,18.2,
1481,2022-06-26,21:15:03,17.1,
1482,2022-06-26,21:30:03,16.2,
1483,2022-06-26,21:45:03,15.7,
1484,2022-06-26,22:00:03,15.2,
1485,2022-06-26,22:15:03,14.9,
1486,2022-06-26,22:30:03,14.6,
1487,2022-06-26,22:45:03,14.5,
1488,2022-06-26,23:00:03,14.3,
1489,2022-06-26,23:15:03,14.1,
1490,2022-06-26,23:30:03,13.9,
1491,2022-06-26,23:45:03,13.8,
1492,2022-06-27,00:00:03,13.7,
1493,2022-06-27,00:15:03,13.5,
1494,2022-06-27,00:30:03,13.4,
1495,2022-06-27,00:45:03,13.3,
1496,2022-06-27,01:00:03,13.2,
1497,2022-06-27,01:15:03,13.1,
1498,2022-06-27,01:30:03,13.0,
1499,2022-06-27,01:45:03,12.9,
1500,2022-06-27,02:00:03,12.8,
1501,2022-06-27,02:15:03,12.8,
1502,2022-06-27,02:30:03,12.7,
1503,2022-06-27,02:45:03,12.6,
1504,2022-06-27,03:00:03,12.5,
1505,2022-06-27,03:15:03,12.4,
1506,2022-06-27,03:30:03,12.4,
1507,2022-06-27,03:45:03,12.3,
1508,2022-06-27,04:00:03,12.2,
1509,2022-06-27,04:15:03,12.1,
1510,2022-06-27,04:30:03,12.1,
1511,2022-06-27,04:45:03,12.0,
1512,2022-06-27,05:00:03,12.0,
1513,2022-06-27,05:15:03,11.9,
1514,2022-06-27,05:30:03,11.9,
1515,2022-06-27,05:45:03,11.9,
1516,2022-06-27,06:00:03,11.9,
1517,2022-06-27,06:15:03,12.0,
1518,2022-06-27,06:30:03,12.2,
1519,2022-06-27,06:45:03,12.3,
1520,2022-06-27,07:00:03,12.5,
1521,2022-06-27,07:15:03,12.7,
1522,2022-06-27,07:30:03,13.0,
1523,2022-06-27,07:45:03,13.4,
1524,2022-06-27,08:00:03,14.2,
1525,2022-06-27,08:15:03,15.5,
1526,2022-06-27,08:30:03,16.5,
1527,2022-06-27,08:45:03,16.8,
1528,2022-06-27,09:00:03,16.8,
1529,2022-06-27,09:15:03,16.7,
1530,2022-06-27,09:30:03,16.4,
1531,2022-06-27,09:45:03,16.2,
1532,2022-06-27,10:00:03,16.0,
1533,2022-06-27,10:15:03,15.8,
1534,2022-06-27,10:30:03,15.7,
1535,2022-06-27,10:45:03,15.6,
1536,2022-06-27,11:00:03,15.5,
1537,2022-06-27,11:15:03,15.4,
1538,2022-06-27,11:30:03,15.4,
1539,2022-06-27,11:45:03,15.4,
1540,2022-06-27,12:00:03,15.3,
1541,2022-06-27,12:15:03,15.4,
1542,2022-06-27,12:30:03,15.4,
1543,2022-06-27,12:45:03,15.4,
1544,2022-06-27,13:00:03,15.5,
1545,2022-06-27,13:15:03,15.5,
1546,2022-06-27,13:30:03,15.6,
1547,2022-06-27,13:45:03,15.7,
1548,2022-06-27,14:00:03,15.7,
1549,2022-06-27,14:15:03,15.8,
1550,2022-06-27,14:30:03,15.9,
1551,2022-06-27,14:45:03,16.0,
1552,2022-06-27,15:00:03,16.1,
1553,2022-06-27,15:15:03,16.2,
1554,2022-06-27,15:30:03,16.2,
1555,2022-06-27,15:45:03,16.4,
1556,2022-06-27,16:00:03,16.5,
1557,2022-06-27,16:15:03,16.6,
1558,2022-06-27,16:30:03,16.7,
1559,2022-06-27,16:45:03,16.9,
1560,2022-06-27,17:00:03,17.0,
1561,2022-06-27,17:15:03,17.1,
1562,2022-06-27,17:30:03,17.2,
1563,2022-06-27,17:45:03,17.3,
1564,2022-06-27,18:00:03,17.4,
1565,2022-06-27,18:15:03,17.6,
1566,2022-06-27,18:30:03,17.7,
1567,2022-06-27,18:45:03,17.8,
1568,2022-06-27,19:00:03,17.8,
1569,2022-06-27,19:15:03,17.9,
1570,2022-06-27,19:30:03,17.9,
1571,2022-06-27,19:45:03,17.9,
1572,2022-06-27,20:00:03,18.0,
1573,2022-06-27,20:15:03,18.0,
1574,2022-06-27,20:30:03,18.0,
1575,2022-06-27,20:45:03,18.0,
1576,2022-06-27,21:00:03,18.0,
1577,2022-06-27,21:15:03,18.1,
1578,2022-06-27,21:30:03,18.1,
1579,2022-06-27,21:45:03,18.0,
1580,2022-06-27,22:00:03,18.0,
1581,2022-06-27,22:15:03,17.9,
1582,2022-06-27,22:30:03,17.8,
1583,2022-06-27,22:45:03,17.7,
1584,2022-06-27,23:00:03,17.7,
1585,2022-06-27,23:15:03,17.5,
1586,2022-06-27,23:30:03,17.4,
1587,2022-06-27,23:45:03,17.3,
1588,2022-06-28,00:00:03,17.2,
1589,2022-06-28,00:15:03,17.1,
1590,2022-06-28,00:30:03,16.9,
1591,2022-06-28,00:45:03,16.8,
1592,2022-06-28,01:00:03,16.7,
1593,2022-06-28,01:15:03,16.6,
1594,2022-06-28,01:30:03,16.5,
1595,2022-06-28,01:45:03,16.4,
1596,2022-06-28,02:00:03,16.3,
1597,2022-06-28,02:15:03,16.2,
1598,2022-06-28,02:30:03,16.0,
1599,2022-06-28,02:45:03,16.0,
1600,2022-06-28,03:00:03,15.9,
1601,2022-06-28,03:15:03,15.8,
1602,2022-06-28,03:30:03,15.7,
1603,2022-06-28,03:45:03,15.6,
1604,2022-06-28,04:00:03,15.6,
1605,2022-06-28,04:15:03,15.5,
1606,2022-06-28,04:30:03,15.4,
1607,2022-06-28,04:45:03,15.4,
1608,2022-06-28,05:00:03,15.3,
1609,2022-06-28,05:15:03,15.3,
1610,2022-06-28,05:30:03,15.2,
1611,2022-06-28,05:45:03,15.2,
1612,2022-06-28,06:00:03,15.2,
1613,2022-06-28,06:15:03,15.2,
1614,2022-06-28,06:30:03,15.3,
1615,2022-06-28,06:45:03,15.4,
1616,2022-06-28,07:00:03,15.5,
1617,2022-06-28,07:15:03,15.7,
1618,2022-06-28,07:30:03,16.0,
1619,2022-06-28,07:45:03,16.3,
1620,2022-06-28,08:00:03,17.1,
1621,2022-06-28,08:15:03,18.3,
1622,2022-06-28,08:30:03,19.2,
1623,2022-06-28,08:45:03,19.4,
1624,2022-06-28,09:00:03,19.3,
1625,2022-06-28,09:15:03,19.1,
1626,2022-06-28,09:30:03,18.9,
1627,2022-06-28,09:45:03,18.6,
1628,2022-06-28,10:00:03,18.5,
1629,2022-06-28,10:15:03,18.3,
1630,2022-06-28,10:30:03,18.2,
1631,2022-06-28,10:45:03,18.1,
1632,2022-06-28,11:00:03,18.0,
1633,2022-06-28,11:15:03,18.0,
1634,2022-06-28,11:30:03,17.9,
1635,2022-06-28,11:45:03,17.9,
1636,2022-06-28,12:00:03,17.8,
1637,2022-06-28,12:15:03,17.8,
1638,2022-06-28,12:30:03,17.7,
1639,2022-06-28,12:45:03,17.7,
1640,2022-06-28,13:00:03,17.7,
1641,2022-06-28,13:15:03,17.7,
1642,2022-06-28,13:30:03,17.8,
1643,2022-06-28,13:45:03,17.8,
1644,2022-06-28,14:00:03,17.8,
1645,2022-06-28,14:15:03,17.8,
1646,2022-06-28,14:30:03,17.8,
1647,2022-06-28,14:45:03,17.8,
1648,2022-06-28,15:00:03,17.8,
1649,2022-06-28,15:15:03,17.8,
1650,2022-06-28,15:30:03,17.8,
1651,2022-06-28,15:45:03,17.9,
1652,2022-06-28,16:00:03,17.9,
1653,2022-06-28,16:15:03,18.0,
1654,2022-06-28,16:30:03,18.0,
1655,2022-06-28,16:45:03,18.1,
1656,2022-06-28,17:00:03,18.1,
1657,2022-06-28,17:15:03,18.2,
1658,2022-06-28,17:30:03,18.2,
1659,2022-06-28,17:45:03,18.3,
1660,2022-06-28,18:00:03,18.3,
1661,2022-06-28,18:15:03,18.4,
1662,2022-06-28,18:30:03,18.4,
1663,2022-06-28,18:45:03,18.4,
1664,2022-06-28,19:00:03,18.4,
1665,2022-06-28,19:15:03,18.4,
1666,2022-06-28,19:30:03,18.4,
1667,2022-06-28,19:45:03,18.4,
1668,2022-06-28,20:00:03,18.4,
1669,2022-06-28,20:15:03,18.3,
1670,2022-06-28,20:30:03,18.1,
1671,2022-06-28,20:45:03,17.9,
1672,2022-06-28,21:00:03,17.8,
1673,2022-06-28,21:15:03,17.8,
1674,2022-06-28,21:30:03,17.9,
1675,2022-06-28,21:45:03,18.0,
1676,2022-06-28,22:00:03,18.1,
1677,2022-06-28,22:15:03,18.1,
1678,2022-06-28,22:30:03,18.1,
1679,2022-06-28,22:45:03,18.0,
1680,2022-06-28,23:00:03,17.9,
1681,2022-06-28,23:15:03,17.7,
1682,2022-06-28,23:30:03,17.6,
1683,2022-06-28,23:45:03,17.3,
1684,2022-06-29,00:00:03,17.2,
1685,2022-06-29,00:15:03,17.0,
1686,2022-06-29,00:30:03,16.7,
1687,2022-06-29,00:45:03,16.5,
1688,2022-06-29,01:00:03,16.3,
1689,2022-06-29,01:15:03,16.1,
1690,2022-06-29,01:30:03,16.0,
1691,2022-06-29,01:45:03,15.8,
1692,2022-06-29,02:00:03,15.6,
1693,2022-06-29,02:15:03,15.5,
1694,2022-06-29,02:30:03,15.4,
1695,2022-06-29,02:45:03,15.2,
1696,2022-06-29,03:00:03,15.1,
1697,2022-06-29,03:15:03,14.9,
1698,2022-06-29,03:30:03,14.8,
1699,2022-06-29,03:45:03,14.7,
1700,2022-06-29,04:00:03,14.6,
1701,2022-06-29,04:15:03,14.6,
1702,2022-06-29,04:30:03,14.5,
1703,2022-06-29,04:45:03,14.4,
1704,2022-06-29,05:00:03,14.3,
1705,2022-06-29,05:15:03,14.2,
1706,2022-06-29,05:30:03,14.1,
1707,2022-06-29,05:45:03,14.1,
1708,2022-06-29,06:00:03,14.1,
1709,2022-06-29,06:15:03,14.0,
1710,2022-06-29,06:30:03,13.9,
1711,2022-06-29,06:45:03,13.9,
1712,2022-06-29,07:00:03,13.9,
1713,2022-06-29,07:15:03,13.8,
1714,2022-06-29,07:30:03,13.8,
1715,2022-06-29,07:45:03,13.8,
1716,2022-06-29,08:00:03,13.8,
1717,2022-06-29,08:15:03,13.9,
1718,2022-06-29,08:30:03,13.8,
1719,2022-06-29,08:45:03,13.8,
1720,2022-06-29,09:00:03,13.8,
1721,2022-06-29,09:15:03,13.9,
1722,2022-06-29,09:30:03,13.9,
1723,2022-06-29,09:45:03,13.9,
1724,2022-06-29,10:00:03,14.0,
1725,2022-06-29,10:15:03,14.1,
1726,2022-06-29,10:30:03,14.1,
1727,2022-06-29,10:45:03,14.2,
1728,2022-06-29,11:00:03,14.2,
1729,2022-06-29,11:15:03,14.4,
1730,2022-06-29,11:30:03,14.5,
1731,2022-06-29,11:45:03,14.8,
1732,2022-06-29,12:00:03,14.9,
1733,2022-06-29,12:15:03,15.2,
1734,2022-06-29,12:30:03,15.3,
1735,2022-06-29,12:45:03,15.4,
1736,2022-06-29,13:00:03,15.5,
1737,2022-06-29,13:15:03,15.5,
1738,2022-06-29,13:30:03,15.6,
1739,2022-06-29,13:45:03,15.6,
1740,2022-06-29,14:00:03,15.7,
1741,2022-06-29,14:15:03,15.7,
1742,2022-06-29,14:30:03,15.8,
1743,2022-06-29,14:45:03,15.9,
1744,2022-06-29,15:00:03,16.0,
1745,2022-06-29,15:15:03,16.0,
1746,2022-06-29,15:30:03,16.2,
1747,2022-06-29,15:45:03,16.3,
1748,2022-06-29,16:00:03,16.3,
1749,2022-06-29,16:15:03,16.3,
1750,2022-06-29,16:30:03,16.3,
1751,2022-06-29,16:45:03,16.3,
1752,2022-06-29,17:00:03,16.4,
1753,2022-06-29,17:15:03,16.4,
1754,2022-06-29,17:30:03,16.6,
1755,2022-06-29,17:45:03,16.7,
1756,2022-06-29,18:00:03,16.8,
1757,2022-06-29,18:15:03,16.7,
1758,2022-06-29,18:30:03,16.7,
1759,2022-06-29,18:45:03,16.6,
1760,2022-06-29,19:00:03,16.5,
1761,2022-06-29,19:15:03,16.4,
1762,2022-06-29,19:30:03,16.4,
1763,2022-06-29,19:45:03,16.3,
1764,2022-06-29,20:00:03,16.2,
1765,2022-06-29,20:15:03,16.2,
1766,2022-06-29,20:30:03,16.1,
1767,2022-06-29,20:45:03,16.1,
1768,2022-06-29,21:00:03,16.1,
1769,2022-06-29,21:15:03,16.1,
1770,2022-06-29,21:30:03,16.2,
1771,2022-06-29,21:45:03,16.4,
1772,2022-06-29,22:00:03,16.5,
1773,2022-06-29,22:15:03,16.5,
1774,2022-06-29,22:30:03,16.4,
1775,2022-06-29,22:45:03,16.3,
1776,2022-06-29,23:00:03,16.2,
1777,2022-06-29,23:15:03,16.0,
1778,2022-06-29,23:30:03,15.8,
1779,2022-06-29,23:45:03,15.6,
1780,2022-06-30,00:00:03,15.4,
1781,2022-06-30,00:15:03,15.2,
1782,2022-06-30,00:30:03,15.1,
1783,2022-06-30,00:45:03,14.9,
1784,2022-06-30,01:00:03,14.8,
1785,2022-06-30,01:15:03,14.6,
1786,2022-06-30,01:30:03,14.4,
1787,2022-06-30,01:45:03,14.2,
1788,2022-06-30,02:00:03,14.1,
1789,2022-06-30,02:15:03,13.9,
1790,2022-06-30,02:30:03,13.8,
1791,2022-06-30,02:45:03,13.6,
1792,2022-06-30,03:00:03,13.5,
1793,2022-06-30,03:15:03,13.3,
1794,2022-06-30,03:30:03,13.2,
1795,2022-06-30,03:45:03,13.0,
1796,2022-06-30,04:00:03,12.9,
1797,2022-06-30,04:15:03,12.8,
1798,2022-06-30,04:30:03,12.7,
1799,2022-06-30,04:45:03,12.6,
1800,2022-06-30,05:00:03,12.5,
1801,2022-06-30,05:15:03,12.4,
1802,2022-06-30,05:30:03,12.3,
1803,2022-06-30,05:45:03,12.2,
1804,2022-06-30,06:00:03,12.1,
1805,2022-06-30,06:15:03,12.1,
1806,2022-06-30,06:30:03,12.0,
1807,2022-06-30,06:45:03,11.9,
1808,2022-06-30,07:00:03,11.8,
1809,2022-06-30,07:15:03,11.8,
1810,2022-06-30,07:30:03,11.7,
1811,2022-06-30,07:45:03,11.9,
1812,2022-06-30,08:00:03,14.4,
1813,2022-06-30,08:15:03,15.8,
1814,2022-06-30,08:30:03,16.4,
1815,2022-06-30,08:45:03,16.5,
1816,2022-06-30,09:00:03,16.3,
1817,2022-06-30,09:15:03,16.0,
1818,2022-06-30,09:30:03,14.8,
1819,2022-06-30,09:45:03,14.6,
1820,2022-06-30,10:00:03,14.5,
1821,2022-06-30,10:15:03,14.4,
1822,2022-06-30,10:30:03,14.3,
1823,2022-06-30,10:45:03,14.5,
1824,2022-06-30,11:00:03,14.8,
1825,2022-06-30,11:15:03,15.0,
1826,2022-06-30,11:30:03,15.0,
1827,2022-06-30,11:45:03,15.0,
1828,2022-06-30,12:00:03,15.1,
1829,2022-06-30,12:15:03,15.5,
1830,2022-06-30,12:30:03,16.0,
1831,2022-06-30,12:45:03,16.6,
1832,2022-06-30,13:00:03,17.2,
1833,2022-06-30,13:15:03,17.5,
1834,2022-06-30,13:30:03,17.7,
1835,2022-06-30,13:45:03,17.8,
1836,2022-06-30,14:00:03,18.3,
1837,2022-06-30,14:15:03,18.8,
1838,2022-06-30,14:30:03,18.8,
1839,2022-06-30,14:45:03,18.8,
1840,2022-06-30,15:00:03,19.0,
1841,2022-06-30,15:15:03,19.2,
1842,2022-06-30,15:30:03,19.1,
1843,2022-06-30,15:45:03,18.9,
1844,2022-06-30,16:00:03,19.0,
1845,2022-06-30,16:15:03,19.1,
1846,2022-06-30,16:30:03,19.3,
1847,2022-06-30,16:45:03,19.2,
1848,2022-06-30,17:00:03,19.1,
1849,2022-06-30,17:15:03,19.0,
1850,2022-06-30,17:30:03,18.9,
1851,2022-06-30,17:45:03,18.8,
1852,2022-06-30,18:00:03,18.9,
1853,2022-06-30,18:15:03,19.3,
1854,2022-06-30,18:30:03,19.7,
1855,2022-06-30,18:45:03,20.2,
1856,2022-06-30,19:00:03,20.7,
1857,2022-06-30,19:15:03,20.8,
1858,2022-06-30,19:30:03,20.9,
1859,2022-06-30,19:45:03,21.0,
1860,2022-06-30,20:00:03,21.2,
1861,2022-06-30,20:15:03,21.4,
1862,2022-06-30,20:30:03,21.5,
1863,2022-06-30,20:45:03,21.6,
1864,2022-06-30,21:00:03,21.7,
1865,2022-06-30,21:15:03,21.8,
1866,2022-06-30,21:30:03,21.8,
1867,2022-06-30,21:45:03,21.7,
1868,2022-06-30,22:00:03,21.3,
1869,2022-06-30,22:15:03,20.3,
1870,2022-06-30,22:30:03,19.6,
1871,2022-06-30,22:45:03,19.1,
1872,2022-06-30,23:00:03,18.8,
1873,2022-06-30,23:15:03,18.4,
1874,2022-06-30,23:30:03,18.0,
1875,2022-06-30,23:45:03,17.7,
1876,2022-07-01,00:00:03,17.3,
1877,2022-07-01,00:15:03,16.9,
1878,2022-07-01,00:30:03,16.5,
1879,2022-07-01,00:45:03,16.1,
1880,2022-07-01,01:00:03,15.7,
1881,2022-07-01,01:15:03,15.4,
1882,2022-07-01,01:30:03,15.0,
1883,2022-07-01,01:45:03,14.7,
1884,2022-07-01,02:00:03,14.4,
1885,2022-07-01,02:15:03,14.1,
1886,2022-07-01,02:30:03,13.8,
1887,2022-07-01,02:45:03,13.5,
1888,2022-07-01,03:00:03,13.2,
1889,2022-07-01,03:15:03,13.0,
1890,2022-07-01,03:30:03,12.7,
1891,2022-07-01,03:45:03,12.5,
1892,2022-07-01,04:00:03,12.3,
1893,2022-07-01,04:15:03,12.1,
1894,2022-07-01,04:30:03,11.8,
1895,2022-07-01,04:45:03,11.6,
1896,2022-07-01,05:00:03,11.5,
1897,2022-07-01,05:15:03,11.3,
1898,2022-07-01,05:30:03,11.1,
1899,2022-07-01,05:45:03,11.0,
1900,2022-07-01,06:00:03,10.9,
1901,2022-07-01,06:15:03,10.8,
1902,2022-07-01,06:30:03,10.8,
1903,2022-07-01,06:45:03,10.8,
1904,2022-07-01,07:00:03,11.0,
1905,2022-07-01,07:15:03,11.3,
1906,2022-07-01,07:30:03,11.6,
1907,2022-07-01,07:45:03,11.9,
1908,2022-07-01,08:00:03,12.3,
1909,2022-07-01,08:15:03,12.7,
1910,2022-07-01,08:30:03,13.2,
1911,2022-07-01,08:45:03,13.7,
1912,2022-07-01,09:00:03,14.1,
1913,2022-07-01,09:15:03,14.4,
1914,2022-07-01,09:30:03,16.5,
1915,2022-07-01,09:45:03,21.3,
1916,2022-07-01,10:00:03,22.1,
1917,2022-07-01,10:15:03,21.9,
1918,2022-07-01,10:30:03,21.4,
1919,2022-07-01,10:45:03,20.9,
1920,2022-07-01,11:00:03,20.4,
1921,2022-07-01,11:15:03,20.0,
1922,2022-07-01,11:30:03,19.8,
1923,2022-07-01,11:45:03,19.6,
1924,2022-07-01,12:00:03,19.5,
1925,2022-07-01,12:15:03,19.4,
1926,2022-07-01,12:30:03,19.4,
1927,2022-07-01,12:45:03,19.6,
1928,2022-07-01,13:00:03,19.7,
1929,2022-07-01,13:15:03,20.0,
1930,2022-07-01,13:30:03,20.3,
1931,2022-07-01,13:45:03,20.6,
1932,2022-07-01,14:00:03,21.0,
1933,2022-07-01,14:15:03,21.3,
1934,2022-07-01,14:30:03,21.6,
1935,2022-07-01,14:45:03,21.9,
1936,2022-07-01,15:00:03,22.0,
1937,2022-07-01,15:15:03,22.0,
1938,2022-07-01,15:30:03,22.4,
1939,2022-07-01,15:45:03,22.8,
1940,2022-07-01,16:00:03,23.2,
1941,2022-07-01,16:15:03,23.6,
1942,2022-07-01,16:30:03,23.9,
1943,2022-07-01,16:45:03,24.1,
1944,2022-07-01,17:00:03,24.3,
1945,2022-07-01,17:15:03,24.6,
1946,2022-07-01,17:30:03,24.7,
1947,2022-07-01,17:45:03,24.8,
1948,2022-07-01,18:00:03,24.9,
1949,2022-07-01,18:15:03,24.9,
1950,2022-07-01,18:30:03,24.3,
1951,2022-07-01,18:45:03,23.6,
1952,2022-07-01,19:00:03,22.9,
1953,2022-07-01,19:15:03,22.4,
1954,2022-07-01,19:30:03,22.1,
1955,2022-07-01,19:45:03,22.0,
1956,2022-07-01,20:00:03,21.6,
1957,2022-07-01,20:15:03,21.2,
1958,2022-07-01,20:30:03,20.7,
1959,2022-07-01,20:45:03,20.2,
1960,2022-07-01,21:00:03,19.8,
1961,2022-07-01,21:15:03,19.7,
1962,2022-07-01,21:30:03,19.6,
1963,2022-07-01,21:45:03,19.6,
1964,2022-07-01,22:00:03,19.5,
1965,2022-07-01,22:15:03,19.5,
1966,2022-07-01,22:30:03,19.4,
1967,2022-07-01,22:45:03,19.3,
1968,2022-07-01,23:00:03,19.2,
1969,2022-07-01,23:15:03,18.9,
1970,2022-07-01,23:30:03,18.6,
1971,2022-07-01,23:45:03,18.4,
1972,2022-07-02,00:00:03,18.1,
1973,2022-07-02,00:15:03,17.8,
1974,2022-07-02,00:30:03,17.4,
1975,2022-07-02,00:45:03,17.1,
1976,2022-07-02,01:00:03,16.9,
1977,2022-07-02,01:15:03,16.6,
1978,2022-07-02,01:30:03,16.3,
1979,2022-07-02,01:45:03,16.0,
1980,2022-07-02,02:00:03,15.8,
1981,2022-07-02,02:15:03,15.5,
1982,2022-07-02,02:30:03,15.3,
1983,2022-07-02,02:45:03,15.1,
1984,2022-07-02,03:00:03,14.9,
1985,2022-07-02,03:15:03,14.6,
1986,2022-07-02,03:30:03,14.5,
1987,2022-07-02,03:45:03,14.3,
1988,2022-07-02,04:00:03,14.1,
1989,2022-07-02,04:15:03,13.9,
1990,2022-07-02,04:30:03,13.7,
1991,2022-07-02,04:45:03,13.5,
1992,2022-07-02,05:00:03,13.4,
1993,2022-07-02,05:15:03,13.2,
1994,2022-07-02,05:30:03,13.1,
1995,2022-07-02,05:45:03,13.0,
1996,2022-07-02,06:00:03,12.9,
1997,2022-07-02,06:15:03,12.9,
1998,2022-07-02,06:30:03,13.0,
1999,2022-07-02,06:45:03,13.2,
2000,2022-07-02,07:00:03,13.6,
2001,2022-07-02,07:15:03,14.1,
2002,2022-07-02,07:30:03,14.7,
2003,2022-07-02,07:45:03,15.4,
2004,2022-07-02,08:00:03,16.2,
2005,2022-07-02,08:15:03,17.0,
2006,2022-07-02,08:30:03,17.9,
2007,2022-07-02,08:45:03,18.6,
2008,2022-07-02,09:00:03,19.3,
2009,2022-07-02,09:15:03,19.6,
2010,2022-07-02,09:30:03,19.7,
2011,2022-07-02,09:45:03,19.6,
2012,2022-07-02,10:00:03,19.8,
2013,2022-07-02,10:15:03,21.1,
2014,2022-07-02,10:30:03,21.5,
2015,2022-07-02,10:45:03,21.4,
2016,2022-07-02,11:00:03,21.3,
2017,2022-07-02,11:15:03,21.3,
2018,2022-07-02,11:30:03,21.4,
2019,2022-07-02,11:45:03,21.4,
2020,2022-07-02,12:00:03,21.6,
2021,2022-07-02,12:15:03,21.8,
2022,2022-07-02,12:30:03,21.9,
2023,2022-07-02,12:45:03,22.1,
2024,2022-07-02,13:00:03,22.4,
2025,2022-07-02,13:15:03,22.6,
2026,2022-07-02,13:30:03,22.8,
