﻿1,2022-06-11,11:15:03,19.5,
2,2022-06-11,11:30:03,11.5,
3,2022-06-11,11:45:03,2.3,
4,2022-06-11,12:00:03,-3.8,
5,2022-06-11,12:15:03,-7.3,
6,2022-06-11,12:30:03,-9.4,
7,2022-06-11,12:45:03,-10.0,
8,2022-06-11,13:00:03,-11.3,
9,2022-06-11,13:15:03,-12.5,
10,2022-06-11,13:30:03,-12.4,
11,2022-06-11,13:45:03,-12.8,
12,2022-06-11,14:00:03,-13.7,
13,2022-06-11,14:15:03,-12.3,
14,2022-06-11,14:30:03,-10.7,
15,2022-06-11,14:45:03,-11.4,
16,2022-06-11,15:00:03,-12.4,
17,2022-06-11,15:15:03,-13.4,
18,2022-06-11,15:30:03,-14.1,
19,2022-06-11,15:45:03,-13.8,
20,2022-06-11,16:00:03,-13.5,
21,2022-06-11,16:15:03,-14.2,
22,2022-06-11,16:30:03,-14.2,
23,2022-06-11,16:45:03,-13.6,
24,2022-06-11,17:00:03,-14.1,
25,2022-06-11,17:15:03,-14.7,
26,2022-06-11,17:30:03,-15.3,
27,2022-06-11,17:45:03,-15.7,
28,2022-06-11,18:00:03,-15.2,
29,2022-06-11,18:15:03,-15.1,
30,2022-06-11,18:30:03,-15.6,
31,2022-06-11,18:45:03,-15.4,
32,2022-06-11,19:00:03,-15.1,
33,2022-06-11,19:15:03,-15.0,
34,2022-06-11,19:30:03,-15.2,
35,2022-06-11,19:45:03,-15.5,
36,2022-06-11,20:00:03,-15.9,
37,2022-06-11,20:15:03,-16.1,
38,2022-06-11,20:30:03,-16.3,
39,2022-06-11,20:45:03,-16.0,
40,2022-06-11,21:00:03,-15.3,
41,2022-06-11,21:15:03,-15.7,
42,2022-06-11,21:30:03,-15.5,
43,2022-06-11,21:45:03,-14.8,
44,2022-06-11,22:00:03,-15.2,
45,2022-06-11,22:15:03,-15.7,
46,2022-06-11,22:30:03,-15.0,
47,2022-06-11,22:45:03,-7.4,
48,2022-06-11,23:00:03,3.2,
49,2022-06-11,23:15:03,7.8,
50,2022-06-11,23:30:03,10.4,
51,2022-06-11,23:45:03,12.3,
52,2022-06-12,00:00:03,13.7,
53,2022-06-12,00:15:03,14.8,
54,2022-06-12,00:30:03,15.5,
55,2022-06-12,00:45:03,16.1,
56,2022-06-12,01:00:03,16.5,
57,2022-06-12,01:15:03,16.8,
58,2022-06-12,01:30:03,17.1,
59,2022-06-12,01:45:03,17.3,
60,2022-06-12,02:00:03,17.4,
61,2022-06-12,02:15:03,17.5,
62,2022-06-12,02:30:03,17.6,
63,2022-06-12,02:45:03,17.7,
64,2022-06-12,03:00:03,17.7,
65,2022-06-12,03:15:03,17.8,
66,2022-06-12,03:30:03,17.8,
67,2022-06-12,03:45:03,17.8,
68,2022-06-12,04:00:03,17.9,
69,2022-06-12,04:15:03,17.9,
70,2022-06-12,04:30:03,17.9,
71,2022-06-12,04:45:03,17.9,
72,2022-06-12,05:00:03,17.9,
73,2022-06-12,05:15:03,17.9,
74,2022-06-12,05:30:03,17.9,
75,2022-06-12,05:45:03,17.9,
76,2022-06-12,06:00:03,17.9,
77,2022-06-12,06:15:03,17.9,
78,2022-06-12,06:30:03,17.9,
79,2022-06-12,06:45:03,17.9,
80,2022-06-12,07:00:03,17.9,
81,2022-06-12,07:15:03,17.9,
82,2022-06-12,07:30:03,17.9,
83,2022-06-12,07:45:03,17.9,
84,2022-06-12,08:00:03,17.9,
85,2022-06-12,08:15:03,18.0,
86,2022-06-12,08:30:03,18.2,
87,2022-06-12,08:45:03,18.1,
88,2022-06-12,09:00:03,17.9,
89,2022-06-12,09:15:03,17.8,
90,2022-06-12,09:30:03,17.8,
91,2022-06-12,09:45:03,17.7,
92,2022-06-12,10:00:03,17.7,
93,2022-06-12,10:15:03,17.7,
94,2022-06-12,10:30:03,17.6,
95,2022-06-12,10:45:03,17.4,
96,2022-06-12,11:00:03,17.4,
97,2022-06-12,11:15:03,17.4,
98,2022-06-12,11:30:03,17.5,
99,2022-06-12,11:45:03,17.5,
100,2022-06-12,12:00:03,17.5,
101,2022-06-12,12:15:03,17.5,
102,2022-06-12,12:30:03,17.5,
103,2022-06-12,12:45:03,17.4,
104,2022-06-12,13:00:03,17.4,
105,2022-06-12,13:15:03,17.4,
106,2022-06-12,13:30:03,17.4,
107,2022-06-12,13:45:03,17.4,
108,2022-06-12,14:00:03,17.4,
109,2022-06-12,14:15:03,17.4,
110,2022-06-12,14:30:03,17.4,
111,2022-06-12,14:45:03,17.3,
112,2022-06-12,15:00:03,17.3,
113,2022-06-12,15:15:03,17.3,
114,2022-06-12,15:30:03,17.1,
115,2022-06-12,15:45:03,17.2,
116,2022-06-12,16:00:03,17.2,
117,2022-06-12,16:15:03,17.3,
118,2022-06-12,16:30:03,17.3,
119,2022-06-12,16:45:03,17.3,
120,2022-06-12,17:00:03,17.3,
121,2022-06-12,17:15:03,17.3,
122,2022-06-12,17:30:03,17.3,
123,2022-06-12,17:45:03,17.3,
124,2022-06-12,18:00:03,17.3,
125,2022-06-12,18:15:03,17.3,
126,2022-06-12,18:30:03,17.3,
127,2022-06-12,18:45:03,17.3,
128,2022-06-12,19:00:03,17.3,
129,2022-06-12,19:15:03,17.3,
130,2022-06-12,19:30:03,17.4,
131,2022-06-12,19:45:03,17.4,
132,2022-06-12,20:00:03,17.4,
133,2022-06-12,20:15:03,17.4,
134,2022-06-12,20:30:03,17.4,
135,2022-06-12,20:45:03,17.4,
136,2022-06-12,21:00:03,17.4,
137,2022-06-12,21:15:03,17.4,
138,2022-06-12,21:30:03,17.4,
139,2022-06-12,21:45:03,17.4,
140,2022-06-12,22:00:03,17.5,
141,2022-06-12,22:15:03,17.5,
142,2022-06-12,22:30:03,17.5,
143,2022-06-12,22:45:03,17.6,
144,2022-06-12,23:00:03,17.7,
145,2022-06-12,23:15:03,17.7,
146,2022-06-12,23:30:03,17.7,
147,2022-06-12,23:45:03,17.7,
148,2022-06-13,00:00:03,17.7,
149,2022-06-13,00:15:03,17.7,
150,2022-06-13,00:30:03,17.6,
151,2022-06-13,00:45:03,17.6,
152,2022-06-13,01:00:03,17.6,
153,2022-06-13,01:15:03,17.6,
154,2022-06-13,01:30:03,17.5,
155,2022-06-13,01:45:03,17.5,
156,2022-06-13,02:00:03,17.4,
157,2022-06-13,02:15:03,17.4,
158,2022-06-13,02:30:03,17.4,
159,2022-06-13,02:45:03,17.4,
160,2022-06-13,03:00:03,17.3,
161,2022-06-13,03:15:03,17.3,
162,2022-06-13,03:30:03,17.3,
163,2022-06-13,03:45:03,17.2,
164,2022-06-13,04:00:03,17.2,
165,2022-06-13,04:15:03,17.2,
166,2022-06-13,04:30:03,17.2,
167,2022-06-13,04:45:03,17.2,
168,2022-06-13,05:00:03,17.2,
169,2022-06-13,05:15:03,17.2,
170,2022-06-13,05:30:03,17.1,
171,2022-06-13,05:45:03,17.1,
172,2022-06-13,06:00:03,17.1,
173,2022-06-13,06:15:03,17.1,
174,2022-06-13,06:30:03,17.1,
175,2022-06-13,06:45:03,17.1,
176,2022-06-13,07:00:03,17.1,
177,2022-06-13,07:15:03,17.1,
178,2022-06-13,07:30:03,17.0,
179,2022-06-13,07:45:03,16.9,
180,2022-06-13,08:00:03,17.0,
181,2022-06-13,08:15:03,17.0,
182,2022-06-13,08:30:03,17.0,
183,2022-06-13,08:45:03,17.0,
184,2022-06-13,09:00:03,17.0,
185,2022-06-13,09:15:03,17.0,
186,2022-06-13,09:30:03,17.0,
187,2022-06-13,09:45:03,17.0,
188,2022-06-13,10:00:03,17.0,
189,2022-06-13,10:15:03,17.6,
190,2022-06-13,10:30:03,17.7,
191,2022-06-13,10:45:03,17.7,
192,2022-06-13,11:00:03,18.0,
193,2022-06-13,11:15:03,17.9,
194,2022-06-13,11:30:03,18.0,
195,2022-06-13,11:45:03,17.9,
196,2022-06-13,12:00:03,17.9,
197,2022-06-13,12:15:03,17.9,
198,2022-06-13,12:30:03,17.8,
199,2022-06-13,12:45:03,17.8,
200,2022-06-13,13:00:03,17.7,
201,2022-06-13,13:15:03,17.7,
202,2022-06-13,13:30:03,17.7,
203,2022-06-13,13:45:03,17.6,
204,2022-06-13,14:00:03,17.6,
205,2022-06-13,14:15:03,17.6,
206,2022-06-13,14:30:03,17.5,
207,2022-06-13,14:45:03,17.5,
208,2022-06-13,15:00:03,17.5,
209,2022-06-13,15:15:03,17.4,
210,2022-06-13,15:30:03,17.4,
211,2022-06-13,15:45:03,17.4,
212,2022-06-13,16:00:03,17.3,
213,2022-06-13,16:15:03,17.3,
214,2022-06-13,16:30:03,17.8,
215,2022-06-13,16:45:03,17.7,
216,2022-06-13,17:00:03,17.6,
217,2022-06-13,17:15:03,17.6,
218,2022-06-13,17:30:03,17.6,
219,2022-06-13,17:45:03,17.6,
220,2022-06-13,18:00:03,17.7,
221,2022-06-13,18:15:03,17.7,
222,2022-06-13,18:30:03,17.7,
223,2022-06-13,18:45:03,17.8,
224,2022-06-13,19:00:03,17.8,
225,2022-06-13,19:15:03,17.9,
226,2022-06-13,19:30:03,17.9,
227,2022-06-13,19:45:03,18.0,
228,2022-06-13,20:00:03,18.0,
229,2022-06-13,20:15:03,18.0,
230,2022-06-13,20:30:03,18.1,
231,2022-06-13,20:45:03,18.1,
232,2022-06-13,21:00:03,18.1,
233,2022-06-13,21:15:03,18.1,
234,2022-06-13,21:30:03,18.2,
235,2022-06-13,21:45:03,18.2,
236,2022-06-13,22:00:03,18.2,
237,2022-06-13,22:15:03,18.3,
238,2022-06-13,22:30:03,18.3,
239,2022-06-13,22:45:03,18.3,
240,2022-06-13,23:00:03,18.3,
241,2022-06-13,23:15:03,18.3,
242,2022-06-13,23:30:03,18.3,
243,2022-06-13,23:45:03,18.4,
244,2022-06-14,00:00:03,18.4,
245,2022-06-14,00:15:03,18.4,
246,2022-06-14,00:30:03,18.4,
247,2022-06-14,00:45:03,18.4,
248,2022-06-14,01:00:03,18.4,
249,2022-06-14,01:15:03,18.5,
250,2022-06-14,01:30:03,18.4,
251,2022-06-14,01:45:03,18.4,
252,2022-06-14,02:00:03,18.5,
253,2022-06-14,02:15:03,18.5,
254,2022-06-14,02:30:03,18.5,
255,2022-06-14,02:45:03,18.4,
256,2022-06-14,03:00:03,18.4,
257,2022-06-14,03:15:03,18.4,
258,2022-06-14,03:30:03,18.4,
259,2022-06-14,03:45:03,18.4,
260,2022-06-14,04:00:03,18.4,
261,2022-06-14,04:15:03,18.4,
262,2022-06-14,04:30:03,18.3,
263,2022-06-14,04:45:03,18.3,
264,2022-06-14,05:00:03,18.3,
265,2022-06-14,05:15:03,18.3,
266,2022-06-14,05:30:03,18.2,
267,2022-06-14,05:45:03,18.2,
268,2022-06-14,06:00:03,18.2,
269,2022-06-14,06:15:03,18.1,
270,2022-06-14,06:30:03,18.1,
271,2022-06-14,06:45:03,18.1,
272,2022-06-14,07:00:03,18.1,
273,2022-06-14,07:15:03,18.1,
274,2022-06-14,07:30:03,18.0,
275,2022-06-14,07:45:03,17.9,
276,2022-06-14,08:00:03,17.9,
277,2022-06-14,08:15:03,17.8,
278,2022-06-14,08:30:03,17.7,
279,2022-06-14,08:45:03,17.7,
280,2022-06-14,09:00:03,17.6,
281,2022-06-14,09:15:03,17.5,
282,2022-06-14,09:30:03,17.5,
283,2022-06-14,09:45:03,17.3,
284,2022-06-14,10:00:03,17.2,
285,2022-06-14,10:15:03,17.0,
286,2022-06-14,10:30:03,16.7,
287,2022-06-14,10:45:03,16.6,
288,2022-06-14,11:00:03,16.3,
289,2022-06-14,11:15:03,16.1,
290,2022-06-14,11:30:03,15.9,
291,2022-06-14,11:45:03,15.7,
292,2022-06-14,12:00:03,15.5,
293,2022-06-14,12:15:03,15.3,
294,2022-06-14,12:30:03,15.1,
295,2022-06-14,12:45:03,14.9,
296,2022-06-14,13:00:03,14.6,
297,2022-06-14,13:15:03,14.3,
298,2022-06-14,13:30:03,14.2,
299,2022-06-14,13:45:03,13.9,
300,2022-06-14,14:00:03,13.7,
301,2022-06-14,14:15:03,13.6,
302,2022-06-14,14:30:03,13.4,
303,2022-06-14,14:45:03,13.2,
304,2022-06-14,15:00:03,13.0,
305,2022-06-14,15:15:03,12.8,
306,2022-06-14,15:30:03,12.7,
307,2022-06-14,15:45:03,12.6,
308,2022-06-14,16:00:03,12.5,
309,2022-06-14,16:15:03,10.0,
310,2022-06-14,16:30:03,9.5,
311,2022-06-14,16:45:03,9.2,
312,2022-06-14,17:00:03,9.0,
313,2022-06-14,17:15:03,8.8,
314,2022-06-14,17:30:03,8.6,
315,2022-06-14,17:45:03,8.5,
316,2022-06-14,18:00:03,8.2,
317,2022-06-14,18:15:03,7.9,
318,2022-06-14,18:30:03,7.9,
319,2022-06-14,18:45:03,7.8,
320,2022-06-14,19:00:03,7.6,
321,2022-06-14,19:15:03,7.4,
322,2022-06-14,19:30:03,7.3,
323,2022-06-14,19:45:03,7.2,
324,2022-06-14,20:00:03,7.1,
325,2022-06-14,20:15:03,6.9,
326,2022-06-14,20:30:03,6.8,
327,2022-06-14,20:45:03,6.6,
328,2022-06-14,21:00:03,6.6,
329,2022-06-14,21:15:03,6.5,
330,2022-06-14,21:30:03,6.7,
331,2022-06-14,21:45:03,6.3,
332,2022-06-14,22:00:03,6.0,
333,2022-06-14,22:15:03,6.0,
334,2022-06-14,22:30:03,5.9,
335,2022-06-14,22:45:03,5.8,
336,2022-06-14,23:00:03,5.7,
337,2022-06-14,23:15:03,5.6,
338,2022-06-14,23:30:03,5.5,
339,2022-06-14,23:45:03,5.3,
340,2022-06-15,00:00:03,5.2,
341,2022-06-15,00:15:03,5.1,
342,2022-06-15,00:30:03,5.0,
343,2022-06-15,00:45:03,4.9,
344,2022-06-15,01:00:03,4.7,
345,2022-06-15,01:15:03,4.6,
346,2022-06-15,01:30:03,4.5,
347,2022-06-15,01:45:03,4.4,
348,2022-06-15,02:00:03,4.3,
349,2022-06-15,02:15:03,4.2,
350,2022-06-15,02:30:03,4.1,
351,2022-06-15,02:45:03,4.0,
352,2022-06-15,03:00:03,3.9,
353,2022-06-15,03:15:03,3.8,
354,2022-06-15,03:30:03,3.7,
355,2022-06-15,03:45:03,3.6,
356,2022-06-15,04:00:03,3.5,
357,2022-06-15,04:15:03,3.5,
358,2022-06-15,04:30:03,3.4,
359,2022-06-15,04:45:03,3.4,
360,2022-06-15,05:00:03,3.4,
361,2022-06-15,05:15:03,3.4,
362,2022-06-15,05:30:03,3.5,
363,2022-06-15,05:45:03,3.6,
364,2022-06-15,06:00:03,3.7,
365,2022-06-15,06:15:03,4.0,
366,2022-06-15,06:30:03,4.2,
367,2022-06-15,06:45:03,4.4,
368,2022-06-15,07:00:03,4.7,
369,2022-06-15,07:15:03,4.9,
370,2022-06-15,07:30:03,5.0,
371,2022-06-15,07:45:03,5.2,
372,2022-06-15,08:00:03,5.6,
373,2022-06-15,08:15:03,5.7,
374,2022-06-15,08:30:03,5.8,
375,2022-06-15,08:45:03,5.9,
376,2022-06-15,09:00:03,6.0,
377,2022-06-15,09:15:03,6.0,
378,2022-06-15,09:30:03,6.1,
379,2022-06-15,09:45:03,6.2,
380,2022-06-15,10:00:03,6.3,
381,2022-06-15,10:15:03,6.3,
382,2022-06-15,10:30:03,6.4,
383,2022-06-15,10:45:03,6.5,
384,2022-06-15,11:00:03,6.6,
385,2022-06-15,11:15:03,6.6,
386,2022-06-15,11:30:03,6.7,
387,2022-06-15,11:45:03,6.9,
388,2022-06-15,12:00:03,7.0,
389,2022-06-15,12:15:03,8.7,
390,2022-06-15,12:30:03,7.3,
391,2022-06-15,12:45:03,8.8,
392,2022-06-15,13:00:03,8.7,
393,2022-06-15,13:15:03,9.1,
394,2022-06-15,13:30:03,8.8,
395,2022-06-15,13:45:03,8.4,
396,2022-06-15,14:00:03,9.4,
397,2022-06-15,14:15:03,9.2,
398,2022-06-15,14:30:03,8.8,
399,2022-06-15,14:45:03,9.1,
400,2022-06-15,15:00:03,8.6,
401,2022-06-15,15:15:03,8.9,
402,2022-06-15,15:30:03,9.8,
403,2022-06-15,15:45:03,9.8,
404,2022-06-15,16:00:03,10.3,
405,2022-06-15,16:15:03,11.0,
406,2022-06-15,16:30:03,9.7,
407,2022-06-15,16:45:03,9.6,
408,2022-06-15,17:00:03,10.2,
409,2022-06-15,17:15:03,9.1,
410,2022-06-15,17:30:03,10.2,
411,2022-06-15,17:45:03,9.2,
412,2022-06-15,18:00:03,8.8,
413,2022-06-15,18:15:03,8.9,
414,2022-06-15,18:30:03,9.9,
415,2022-06-15,18:45:03,10.4,
416,2022-06-15,19:00:03,9.9,
417,2022-06-15,19:15:03,9.1,
418,2022-06-15,19:30:03,8.6,
419,2022-06-15,19:45:03,8.1,
420,2022-06-15,20:00:03,7.9,
421,2022-06-15,20:15:03,7.6,
422,2022-06-15,20:30:03,7.8,
423,2022-06-15,20:45:03,7.7,
424,2022-06-15,21:00:03,7.7,
425,2022-06-15,21:15:03,7.4,
426,2022-06-15,21:30:03,7.4,
427,2022-06-15,21:45:03,7.0,
428,2022-06-15,22:00:03,6.8,
429,2022-06-15,22:15:03,7.1,
430,2022-06-15,22:30:03,6.9,
431,2022-06-15,22:45:03,7.0,
432,2022-06-15,23:00:03,6.9,
433,2022-06-15,23:15:03,6.8,
434,2022-06-15,23:30:03,6.9,
435,2022-06-15,23:45:03,6.9,
436,2022-06-16,00:00:03,6.9,
437,2022-06-16,00:15:03,6.8,
438,2022-06-16,00:30:03,6.7,
439,2022-06-16,00:45:03,6.6,
440,2022-06-16,01:00:03,6.5,
441,2022-06-16,01:15:03,6.9,
442,2022-06-16,01:30:03,6.6,
443,2022-06-16,01:45:03,6.6,
444,2022-06-16,02:00:03,6.2,
445,2022-06-16,02:15:03,6.5,
446,2022-06-16,02:30:03,6.2,
447,2022-06-16,02:45:03,6.7,
448,2022-06-16,03:00:03,6.9,
449,2022-06-16,03:15:03,6.1,
450,2022-06-16,03:30:03,6.8,
451,2022-06-16,03:45:03,7.0,
452,2022-06-16,04:00:03,6.5,
453,2022-06-16,04:15:03,6.6,
454,2022-06-16,04:30:03,6.9,
455,2022-06-16,04:45:03,6.8,
456,2022-06-16,05:00:03,7.0,
457,2022-06-16,05:15:03,7.0,
458,2022-06-16,05:30:03,7.1,
459,2022-06-16,05:45:03,6.6,
460,2022-06-16,06:00:03,7.0,
461,2022-06-16,06:15:03,7.7,
462,2022-06-16,06:30:03,8.6,
463,2022-06-16,06:45:03,8.7,
464,2022-06-16,07:00:03,7.9,
465,2022-06-16,07:15:03,7.8,
466,2022-06-16,07:30:03,7.7,
467,2022-06-16,07:45:03,7.7,
468,2022-06-16,08:00:03,7.8,
469,2022-06-16,08:15:03,8.5,
470,2022-06-16,08:30:03,9.1,
471,2022-06-16,08:45:03,9.0,
472,2022-06-16,09:00:03,8.8,
473,2022-06-16,09:15:03,9.1,
474,2022-06-16,09:30:03,9.3,
475,2022-06-16,09:45:03,8.9,
476,2022-06-16,10:00:03,9.5,
477,2022-06-16,10:15:03,9.9,
478,2022-06-16,10:30:03,9.9,
479,2022-06-16,10:45:03,9.6,
480,2022-06-16,11:00:03,10.3,
481,2022-06-16,11:15:03,10.9,
482,2022-06-16,11:30:03,11.1,
483,2022-06-16,11:45:03,10.8,
484,2022-06-16,12:00:03,11.2,
485,2022-06-16,12:15:03,11.0,
486,2022-06-16,12:30:03,10.5,
487,2022-06-16,12:45:03,10.9,
488,2022-06-16,13:00:03,11.2,
489,2022-06-16,13:15:03,10.7,
490,2022-06-16,13:30:03,10.8,
491,2022-06-16,13:45:03,10.9,
492,2022-06-16,14:00:03,11.4,
493,2022-06-16,14:15:03,10.2,
494,2022-06-16,14:30:03,10.8,
495,2022-06-16,14:45:03,11.0,
496,2022-06-16,15:00:03,11.6,
497,2022-06-16,15:15:03,12.2,
498,2022-06-16,15:30:03,12.6,
499,2022-06-16,15:45:03,12.6,
500,2022-06-16,16:00:03,12.2,
501,2022-06-16,16:15:03,13.0,
502,2022-06-16,16:30:03,12.3,
503,2022-06-16,16:45:03,11.9,
504,2022-06-16,17:00:03,12.0,
505,2022-06-16,17:15:03,12.4,
506,2022-06-16,17:30:03,12.6,
507,2022-06-16,17:45:03,13.3,
508,2022-06-16,18:00:03,13.7,
509,2022-06-16,18:15:03,13.9,
510,2022-06-16,18:30:03,14.2,
511,2022-06-16,18:45:03,14.0,
512,2022-06-16,19:00:03,13.9,
513,2022-06-16,19:15:03,14.1,
514,2022-06-16,19:30:03,13.6,
515,2022-06-16,19:45:03,13.4,
516,2022-06-16,20:00:03,13.1,
517,2022-06-16,20:15:03,13.3,
518,2022-06-16,20:30:03,13.9,
519,2022-06-16,20:45:03,13.6,
520,2022-06-16,21:00:03,13.3,
521,2022-06-16,21:15:03,13.3,
522,2022-06-16,21:30:03,12.8,
523,2022-06-16,21:45:03,12.3,
524,2022-06-16,22:00:03,12.2,
525,2022-06-16,22:15:03,12.0,
526,2022-06-16,22:30:03,12.2,
527,2022-06-16,22:45:03,11.9,
528,2022-06-16,23:00:03,11.9,
529,2022-06-16,23:15:03,11.9,
530,2022-06-16,23:30:03,12.2,
531,2022-06-16,23:45:03,12.4,
532,2022-06-17,00:00:03,12.0,
533,2022-06-17,00:15:03,11.9,
534,2022-06-17,00:30:03,11.8,
535,2022-06-17,00:45:03,12.0,
536,2022-06-17,01:00:03,11.9,
537,2022-06-17,01:15:03,11.7,
538,2022-06-17,01:30:03,11.7,
539,2022-06-17,01:45:03,11.7,
540,2022-06-17,02:00:03,11.8,
541,2022-06-17,02:15:03,11.6,
542,2022-06-17,02:30:03,11.8,
543,2022-06-17,02:45:03,11.9,
544,2022-06-17,03:00:03,11.8,
545,2022-06-17,03:15:03,11.9,
546,2022-06-17,03:30:03,11.6,
547,2022-06-17,03:45:03,11.6,
548,2022-06-17,04:00:03,11.8,
549,2022-06-17,04:15:03,11.9,
550,2022-06-17,04:30:03,11.9,
551,2022-06-17,04:45:03,11.9,
552,2022-06-17,05:00:03,12.0,
553,2022-06-17,05:15:03,12.2,
554,2022-06-17,05:30:03,12.3,
555,2022-06-17,05:45:03,12.7,
556,2022-06-17,06:00:03,12.4,
557,2022-06-17,06:15:03,13.1,
558,2022-06-17,06:30:03,13.3,
559,2022-06-17,06:45:03,13.5,
560,2022-06-17,07:00:03,13.9,
561,2022-06-17,07:15:03,14.2,
562,2022-06-17,07:30:03,14.8,
563,2022-06-17,07:45:03,15.4,
564,2022-06-17,08:00:03,15.9,
565,2022-06-17,08:15:03,14.5,
566,2022-06-17,08:30:03,15.3,
567,2022-06-17,08:45:03,15.8,
568,2022-06-17,09:00:03,16.6,
569,2022-06-17,09:15:03,17.8,
570,2022-06-17,09:30:03,16.0,
571,2022-06-17,09:45:03,15.9,
572,2022-06-17,10:00:03,15.6,
573,2022-06-17,10:15:03,15.5,
574,2022-06-17,10:30:03,14.5,
575,2022-06-17,10:45:03,14.5,
576,2022-06-17,11:00:03,15.6,
577,2022-06-17,11:15:03,15.4,
578,2022-06-17,11:30:03,15.5,
579,2022-06-17,11:45:03,14.8,
580,2022-06-17,12:00:03,15.0,
581,2022-06-17,12:15:03,15.0,
582,2022-06-17,12:30:03,14.6,
583,2022-06-17,12:45:03,14.7,
584,2022-06-17,13:00:03,14.7,
585,2022-06-17,13:15:03,14.5,
586,2022-06-17,13:30:03,13.8,
587,2022-06-17,13:45:03,13.9,
588,2022-06-17,14:00:03,13.7,
589,2022-06-17,14:15:03,13.5,
590,2022-06-17,14:30:03,13.3,
591,2022-06-17,14:45:03,13.1,
592,2022-06-17,15:00:03,13.1,
593,2022-06-17,15:15:03,12.8,
594,2022-06-17,15:30:03,13.2,
595,2022-06-17,15:45:03,12.8,
596,2022-06-17,16:00:03,12.7,
597,2022-06-17,16:15:03,12.4,
598,2022-06-17,16:30:03,12.4,
599,2022-06-17,16:45:03,12.6,
600,2022-06-17,17:00:03,12.6,
601,2022-06-17,17:15:03,12.6,
602,2022-06-17,17:30:03,12.1,
603,2022-06-17,17:45:03,12.4,
604,2022-06-17,18:00:03,12.1,
605,2022-06-17,18:15:03,11.9,
606,2022-06-17,18:30:03,11.8,
607,2022-06-17,18:45:03,12.1,
608,2022-06-17,19:00:03,11.7,
609,2022-06-17,19:15:03,11.6,
610,2022-06-17,19:30:03,11.3,
611,2022-06-17,19:45:03,11.1,
612,2022-06-17,20:00:03,10.9,
613,2022-06-17,20:15:03,10.3,
614,2022-06-17,20:30:03,10.3,
615,2022-06-17,20:45:03,10.1,
616,2022-06-17,21:00:03,9.6,
617,2022-06-17,21:15:03,9.5,
618,2022-06-17,21:30:03,9.3,
619,2022-06-17,21:45:03,9.2,
620,2022-06-17,22:00:03,9.2,
621,2022-06-17,22:15:03,9.2,
622,2022-06-17,22:30:03,9.1,
623,2022-06-17,22:45:03,9.2,
624,2022-06-17,23:00:03,9.2,
625,2022-06-17,23:15:03,8.9,
626,2022-06-17,23:30:03,8.8,
627,2022-06-17,23:45:03,9.0,
628,2022-06-18,00:00:03,9.1,
629,2022-06-18,00:15:03,9.1,
630,2022-06-18,00:30:03,9.2,
631,2022-06-18,00:45:03,9.2,
632,2022-06-18,01:00:03,9.1,
633,2022-06-18,01:15:03,9.1,
634,2022-06-18,01:30:03,9.0,
635,2022-06-18,01:45:03,9.0,
636,2022-06-18,02:00:03,9.1,
637,2022-06-18,02:15:03,8.8,
638,2022-06-18,02:30:03,8.7,
639,2022-06-18,02:45:03,8.8,
640,2022-06-18,03:00:03,8.9,
641,2022-06-18,03:15:03,8.8,
642,2022-06-18,03:30:03,8.7,
643,2022-06-18,03:45:03,8.7,
644,2022-06-18,04:00:03,8.7,
645,2022-06-18,04:15:03,8.8,
646,2022-06-18,04:30:03,9.1,
647,2022-06-18,04:45:03,9.4,
648,2022-06-18,05:00:03,9.6,
649,2022-06-18,05:15:03,9.6,
650,2022-06-18,05:30:03,9.6,
651,2022-06-18,05:45:03,9.6,
652,2022-06-18,06:00:03,10.0,
653,2022-06-18,06:15:03,10.6,
654,2022-06-18,06:30:03,11.2,
655,2022-06-18,06:45:03,10.9,
656,2022-06-18,07:00:03,10.9,
657,2022-06-18,07:15:03,10.7,
658,2022-06-18,07:30:03,10.3,
659,2022-06-18,07:45:03,9.8,
660,2022-06-18,08:00:03,10.7,
661,2022-06-18,08:15:03,10.8,
662,2022-06-18,08:30:03,11.0,
663,2022-06-18,08:45:03,10.7,
664,2022-06-18,09:00:03,11.2,
665,2022-06-18,09:15:03,11.7,
666,2022-06-18,09:30:03,11.2,
667,2022-06-18,09:45:03,12.2,
668,2022-06-18,10:00:03,12.2,
669,2022-06-18,10:15:03,11.9,
670,2022-06-18,10:30:03,12.3,
671,2022-06-18,10:45:03,11.4,
672,2022-06-18,11:00:03,12.0,
673,2022-06-18,11:15:03,13.3,
674,2022-06-18,11:30:03,11.0,
675,2022-06-18,11:45:03,11.1,
676,2022-06-18,12:00:03,10.6,
677,2022-06-18,12:15:03,11.6,
678,2022-06-18,12:30:03,11.6,
679,2022-06-18,12:45:03,11.8,
680,2022-06-18,13:00:03,10.3,
681,2022-06-18,13:15:03,11.4,
682,2022-06-18,13:30:03,11.7,
683,2022-06-18,13:45:03,10.8,
684,2022-06-18,14:00:03,10.7,
685,2022-06-18,14:15:03,11.8,
686,2022-06-18,14:30:03,9.4,
687,2022-06-18,14:45:03,9.5,
688,2022-06-18,15:00:03,11.7,
689,2022-06-18,15:15:03,10.4,
690,2022-06-18,15:30:03,10.2,
691,2022-06-18,15:45:03,11.1,
692,2022-06-18,16:00:03,9.2,
693,2022-06-18,16:15:03,9.3,
694,2022-06-18,16:30:03,9.5,
695,2022-06-18,16:45:03,9.6,
696,2022-06-18,17:00:03,9.9,
697,2022-06-18,17:15:03,9.2,
698,2022-06-18,17:30:03,9.1,
699,2022-06-18,17:45:03,8.4,
700,2022-06-18,18:00:03,8.0,
701,2022-06-18,18:15:03,7.4,
702,2022-06-18,18:30:03,7.4,
703,2022-06-18,18:45:03,7.3,
704,2022-06-18,19:00:03,6.7,
705,2022-06-18,19:15:03,7.3,
706,2022-06-18,19:30:03,6.9,
707,2022-06-18,19:45:03,7.2,
708,2022-06-18,20:00:03,7.1,
709,2022-06-18,20:15:03,6.3,
710,2022-06-18,20:30:03,6.2,
711,2022-06-18,20:45:03,7.2,
712,2022-06-18,21:00:03,6.7,
713,2022-06-18,21:15:03,6.5,
714,2022-06-18,21:30:03,6.4,
715,2022-06-18,21:45:03,6.3,
716,2022-06-18,22:00:03,6.2,
717,2022-06-18,22:15:03,6.1,
718,2022-06-18,22:30:03,6.0,
719,2022-06-18,22:45:03,6.0,
720,2022-06-18,23:00:03,5.9,
721,2022-06-18,23:15:03,5.8,
722,2022-06-18,23:30:03,5.8,
723,2022-06-18,23:45:03,5.7,
724,2022-06-19,00:00:03,5.6,
725,2022-06-19,00:15:03,5.6,
726,2022-06-19,00:30:03,5.6,
727,2022-06-19,00:45:03,5.5,
728,2022-06-19,01:00:03,5.3,
729,2022-06-19,01:15:03,5.0,
730,2022-06-19,01:30:03,5.0,
731,2022-06-19,01:45:03,5.0,
732,2022-06-19,02:00:03,4.9,
733,2022-06-19,02:15:03,4.8,
734,2022-06-19,02:30:03,4.7,
735,2022-06-19,02:45:03,4.4,
736,2022-06-19,03:00:03,4.4,
737,2022-06-19,03:15:03,4.3,
738,2022-06-19,03:30:03,4.3,
739,2022-06-19,03:45:03,4.2,
740,2022-06-19,04:00:03,4.1,
741,2022-06-19,04:15:03,4.0,
742,2022-06-19,04:30:03,3.8,
743,2022-06-19,04:45:03,4.0,
744,2022-06-19,05:00:03,3.8,
745,2022-06-19,05:15:03,3.9,
746,2022-06-19,05:30:03,3.7,
747,2022-06-19,05:45:03,3.8,
748,2022-06-19,06:00:03,3.6,
749,2022-06-19,06:15:03,3.7,
750,2022-06-19,06:30:03,3.5,
751,2022-06-19,06:45:03,3.7,
752,2022-06-19,07:00:03,3.6,
753,2022-06-19,07:15:03,3.4,
754,2022-06-19,07:30:03,3.4,
755,2022-06-19,07:45:03,3.4,
756,2022-06-19,08:00:03,3.4,
757,2022-06-19,08:15:03,3.3,
758,2022-06-19,08:30:03,3.3,
759,2022-06-19,08:45:03,3.0,
760,2022-06-19,09:00:03,2.9,
761,2022-06-19,09:15:03,2.7,
762,2022-06-19,09:30:03,2.7,
763,2022-06-19,09:45:03,2.4,
764,2022-06-19,10:00:03,2.3,
765,2022-06-19,10:15:03,2.5,
766,2022-06-19,10:30:03,2.4,
767,2022-06-19,10:45:03,2.3,
768,2022-06-19,11:00:03,2.4,
769,2022-06-19,11:15:03,2.3,
770,2022-06-19,11:30:03,2.3,
771,2022-06-19,11:45:03,2.3,
772,2022-06-19,12:00:03,2.2,
773,2022-06-19,12:15:03,2.2,
774,2022-06-19,12:30:03,2.2,
775,2022-06-19,12:45:03,2.1,
776,2022-06-19,13:00:03,2.0,
777,2022-06-19,13:15:03,1.9,
778,2022-06-19,13:30:03,2.0,
779,2022-06-19,13:45:03,2.2,
780,2022-06-19,14:00:03,2.3,
781,2022-06-19,14:15:03,2.3,
782,2022-06-19,14:30:03,2.4,
783,2022-06-19,14:45:03,2.4,
784,2022-06-19,15:00:03,2.5,
785,2022-06-19,15:15:03,2.4,
786,2022-06-19,15:30:03,2.5,
787,2022-06-19,15:45:03,2.3,
788,2022-06-19,16:00:03,2.5,
789,2022-06-19,16:15:03,2.5,
790,2022-06-19,16:30:03,2.5,
791,2022-06-19,16:45:03,2.4,
792,2022-06-19,17:00:03,2.6,
793,2022-06-19,17:15:03,2.5,
794,2022-06-19,17:30:03,2.4,
795,2022-06-19,17:45:03,2.6,
796,2022-06-19,18:00:03,2.7,
797,2022-06-19,18:15:03,2.4,
798,2022-06-19,18:30:03,2.4,
799,2022-06-19,18:45:03,2.5,
800,2022-06-19,19:00:03,2.5,
801,2022-06-19,19:15:03,2.4,
802,2022-06-19,19:30:03,2.5,
803,2022-06-19,19:45:03,2.4,
804,2022-06-19,20:00:03,2.3,
805,2022-06-19,20:15:03,2.5,
806,2022-06-19,20:30:03,2.5,
807,2022-06-19,20:45:03,2.5,
808,2022-06-19,21:00:03,2.5,
809,2022-06-19,21:15:03,2.3,
810,2022-06-19,21:30:03,2.3,
811,2022-06-19,21:45:03,2.4,
812,2022-06-19,22:00:03,2.5,
813,2022-06-19,22:15:03,2.5,
814,2022-06-19,22:30:03,2.4,
815,2022-06-19,22:45:03,2.5,
816,2022-06-19,23:00:03,2.5,
817,2022-06-19,23:15:03,2.3,
818,2022-06-19,23:30:03,2.3,
819,2022-06-19,23:45:03,2.1,
820,2022-06-20,00:00:03,2.1,
821,2022-06-20,00:15:03,2.1,
822,2022-06-20,00:30:03,2.1,
823,2022-06-20,00:45:03,2.1,
824,2022-06-20,01:00:03,2.2,
825,2022-06-20,01:15:03,2.1,
826,2022-06-20,01:30:03,2.0,
827,2022-06-20,01:45:03,1.9,
828,2022-06-20,02:00:03,1.8,
829,2022-06-20,02:15:03,1.9,
830,2022-06-20,02:30:03,1.7,
831,2022-06-20,02:45:03,1.8,
832,2022-06-20,03:00:03,1.8,
833,2022-06-20,03:15:03,2.0,
834,2022-06-20,03:30:03,1.8,
835,2022-06-20,03:45:03,1.8,
836,2022-06-20,04:00:03,1.9,
837,2022-06-20,04:15:03,2.0,
838,2022-06-20,04:30:03,1.9,
839,2022-06-20,04:45:03,2.1,
840,2022-06-20,05:00:03,1.9,
841,2022-06-20,05:15:03,1.9,
842,2022-06-20,05:30:03,2.1,
843,2022-06-20,05:45:03,1.9,
844,2022-06-20,06:00:03,2.1,
845,2022-06-20,06:15:03,2.1,
846,2022-06-20,06:30:03,2.1,
847,2022-06-20,06:45:03,2.1,
848,2022-06-20,07:00:03,2.2,
849,2022-06-20,07:15:03,2.2,
850,2022-06-20,07:30:03,2.3,
851,2022-06-20,07:45:03,2.2,
852,2022-06-20,08:00:03,2.1,
853,2022-06-20,08:15:03,2.4,
854,2022-06-20,08:30:03,2.2,
855,2022-06-20,08:45:03,2.1,
856,2022-06-20,09:00:03,2.1,
857,2022-06-20,09:15:03,2.2,
858,2022-06-20,09:30:03,2.3,
859,2022-06-20,09:45:03,2.4,
860,2022-06-20,10:00:03,2.5,
861,2022-06-20,10:15:03,2.7,
862,2022-06-20,10:30:03,2.9,
863,2022-06-20,10:45:03,3.3,
864,2022-06-20,11:00:03,3.1,
865,2022-06-20,11:15:03,3.4,
866,2022-06-20,11:30:03,3.4,
867,2022-06-20,11:45:03,3.5,
868,2022-06-20,12:00:03,3.5,
869,2022-06-20,12:15:03,3.7,
870,2022-06-20,12:30:03,3.7,
871,2022-06-20,12:45:03,3.6,
872,2022-06-20,13:00:03,3.2,
873,2022-06-20,13:15:03,3.2,
874,2022-06-20,13:30:03,3.9,
875,2022-06-20,13:45:03,4.1,
876,2022-06-20,14:00:03,4.1,
877,2022-06-20,14:15:03,4.0,
878,2022-06-20,14:30:03,3.9,
879,2022-06-20,14:45:03,4.0,
880,2022-06-20,15:00:03,4.2,
881,2022-06-20,15:15:03,4.1,
882,2022-06-20,15:30:03,4.3,
883,2022-06-20,15:45:03,4.3,
884,2022-06-20,16:00:03,4.4,
885,2022-06-20,16:15:03,4.3,
886,2022-06-20,16:30:03,4.3,
887,2022-06-20,16:45:03,4.3,
888,2022-06-20,17:00:03,4.4,
889,2022-06-20,17:15:03,4.3,
890,2022-06-20,17:30:03,4.3,
891,2022-06-20,17:45:03,4.1,
892,2022-06-20,18:00:03,4.0,
893,2022-06-20,18:15:03,3.7,
894,2022-06-20,18:30:03,3.8,
895,2022-06-20,18:45:03,3.8,
896,2022-06-20,19:00:03,3.9,
897,2022-06-20,19:15:03,3.8,
898,2022-06-20,19:30:03,3.7,
899,2022-06-20,19:45:03,4.0,
900,2022-06-20,20:00:03,3.8,
901,2022-06-20,20:15:03,4.0,
902,2022-06-20,20:30:03,3.9,
903,2022-06-20,20:45:03,3.7,
904,2022-06-20,21:00:03,3.7,
905,2022-06-20,21:15:03,3.8,
906,2022-06-20,21:30:03,3.6,
907,2022-06-20,21:45:03,3.7,
908,2022-06-20,22:00:03,3.6,
909,2022-06-20,22:15:03,3.8,
910,2022-06-20,22:30:03,3.8,
911,2022-06-20,22:45:03,3.7,
912,2022-06-20,23:00:03,3.6,
913,2022-06-20,23:15:03,3.4,
914,2022-06-20,23:30:03,3.2,
915,2022-06-20,23:45:03,2.9,
916,2022-06-21,00:00:03,2.7,
917,2022-06-21,00:15:03,2.5,
918,2022-06-21,00:30:03,2.2,
919,2022-06-21,00:45:03,2.1,
920,2022-06-21,01:00:03,1.9,
921,2022-06-21,01:15:03,1.9,
922,2022-06-21,01:30:03,1.8,
923,2022-06-21,01:45:03,1.6,
924,2022-06-21,02:00:03,1.4,
925,2022-06-21,02:15:03,1.2,
926,2022-06-21,02:30:03,1.1,
927,2022-06-21,02:45:03,1.1,
928,2022-06-21,03:00:03,1.1,
929,2022-06-21,03:15:03,1.0,
930,2022-06-21,03:30:03,1.1,
931,2022-06-21,03:45:03,1.0,
932,2022-06-21,04:00:03,1.1,
933,2022-06-21,04:15:03,0.9,
934,2022-06-21,04:30:03,1.0,
935,2022-06-21,04:45:03,1.0,
936,2022-06-21,05:00:03,1.1,
937,2022-06-21,05:15:03,1.0,
938,2022-06-21,05:30:03,1.1,
939,2022-06-21,05:45:03,1.1,
940,2022-06-21,06:00:03,1.0,
941,2022-06-21,06:15:03,1.1,
942,2022-06-21,06:30:03,1.5,
943,2022-06-21,06:45:03,1.4,
944,2022-06-21,07:00:03,1.6,
945,2022-06-21,07:15:03,1.6,
946,2022-06-21,07:30:03,1.6,
947,2022-06-21,07:45:03,1.7,
948,2022-06-21,08:00:03,1.6,
949,2022-06-21,08:15:03,2.3,
950,2022-06-21,08:30:03,2.5,
951,2022-06-21,08:45:03,3.4,
952,2022-06-21,09:00:03,1.9,
953,2022-06-21,09:15:03,2.1,
954,2022-06-21,09:30:03,2.0,
955,2022-06-21,09:45:03,1.9,
956,2022-06-21,10:00:03,1.8,
957,2022-06-21,10:15:03,1.7,
958,2022-06-21,10:30:03,1.1,
959,2022-06-21,10:45:03,1.2,
960,2022-06-21,11:00:03,1.3,
961,2022-06-21,11:15:03,1.7,
962,2022-06-21,11:30:03,2.0,
963,2022-06-21,11:45:03,2.1,
964,2022-06-21,12:00:03,1.9,
965,2022-06-21,12:15:03,2.1,
966,2022-06-21,12:30:03,2.2,
967,2022-06-21,12:45:03,2.9,
968,2022-06-21,13:00:03,3.4,
969,2022-06-21,13:15:03,3.2,
970,2022-06-21,13:30:03,3.2,
971,2022-06-21,13:45:03,3.3,
972,2022-06-21,14:00:03,3.2,
973,2022-06-21,14:15:03,3.6,
974,2022-06-21,14:30:03,3.2,
975,2022-06-21,14:45:03,3.6,
976,2022-06-21,15:00:03,3.5,
977,2022-06-21,15:15:03,3.9,
978,2022-06-21,15:30:03,4.5,
979,2022-06-21,15:45:03,4.0,
980,2022-06-21,16:00:03,4.0,
981,2022-06-21,16:15:03,3.8,
982,2022-06-21,16:30:03,3.9,
983,2022-06-21,16:45:03,2.7,
984,2022-06-21,17:00:03,2.5,
985,2022-06-21,17:15:03,2.1,
986,2022-06-21,17:30:03,2.4,
987,2022-06-21,17:45:03,2.1,
988,2022-06-21,18:00:03,2.7,
989,2022-06-21,18:15:03,1.9,
990,2022-06-21,18:30:03,1.7,
991,2022-06-21,18:45:03,1.8,
992,2022-06-21,19:00:03,1.7,
993,2022-06-21,19:15:03,1.7,
994,2022-06-21,19:30:03,1.1,
995,2022-06-21,19:45:03,1.4,
996,2022-06-21,20:00:03,1.3,
997,2022-06-21,20:15:03,1.3,
998,2022-06-21,20:30:03,1.2,
999,2022-06-21,20:45:03,1.4,
1000,2022-06-21,21:00:03,1.4,
1001,2022-06-21,21:15:03,1.3,
1002,2022-06-21,21:30:03,1.0,
1003,2022-06-21,21:45:03,1.2,
1004,2022-06-21,22:00:03,1.1,
1005,2022-06-21,22:15:03,1.1,
1006,2022-06-21,22:30:03,1.1,
1007,2022-06-21,22:45:03,1.4,
1008,2022-06-21,23:00:03,1.2,
1009,2022-06-21,23:15:03,0.9,
1010,2022-06-21,23:30:03,1.0,
1011,2022-06-21,23:45:03,0.9,
1012,2022-06-22,00:00:03,0.9,
1013,2022-06-22,00:15:03,1.0,
1014,2022-06-22,00:30:03,0.9,
1015,2022-06-22,00:45:03,1.1,
1016,2022-06-22,01:00:03,1.0,
1017,2022-06-22,01:15:03,0.9,
1018,2022-06-22,01:30:03,0.9,
1019,2022-06-22,01:45:03,0.9,
1020,2022-06-22,02:00:03,0.9,
1021,2022-06-22,02:15:03,1.0,
1022,2022-06-22,02:30:03,1.0,
1023,2022-06-22,02:45:03,1.1,
1024,2022-06-22,03:00:03,1.2,
1025,2022-06-22,03:15:03,1.1,
1026,2022-06-22,03:30:03,1.1,
1027,2022-06-22,03:45:03,1.1,
1028,2022-06-22,04:00:03,1.1,
1029,2022-06-22,04:15:03,1.0,
1030,2022-06-22,04:30:03,1.0,
1031,2022-06-22,04:45:03,1.1,
1032,2022-06-22,05:00:03,0.9,
1033,2022-06-22,05:15:03,0.5,
1034,2022-06-22,05:30:03,0.4,
1035,2022-06-22,05:45:03,0.2,
1036,2022-06-22,06:00:03,0.1,
1037,2022-06-22,06:15:03,0.1,
1038,2022-06-22,06:30:03,0.2,
1039,2022-06-22,06:45:03,0.2,
1040,2022-06-22,07:00:03,0.1,
1041,2022-06-22,07:15:03,0.3,
1042,2022-06-22,07:30:03,0.2,
1043,2022-06-22,07:45:03,0.3,
1044,2022-06-22,08:00:03,0.5,
1045,2022-06-22,08:15:03,0.5,
1046,2022-06-22,08:30:03,0.6,
1047,2022-06-22,08:45:03,0.8,
1048,2022-06-22,09:00:03,0.9,
1049,2022-06-22,09:15:03,0.9,
1050,2022-06-22,09:30:03,1.5,
1051,2022-06-22,09:45:03,1.6,
1052,2022-06-22,10:00:03,1.8,
1053,2022-06-22,10:15:03,1.9,
1054,2022-06-22,10:30:03,1.9,
1055,2022-06-22,10:45:03,2.5,
1056,2022-06-22,11:00:03,1.8,
1057,2022-06-22,11:15:03,2.3,
1058,2022-06-22,11:30:03,2.2,
1059,2022-06-22,11:45:03,2.2,
1060,2022-06-22,12:00:03,3.8,
1061,2022-06-22,12:15:03,3.8,
1062,2022-06-22,12:30:03,3.2,
1063,2022-06-22,12:45:03,3.4,
1064,2022-06-22,13:00:03,3.1,
1065,2022-06-22,13:15:03,3.9,
1066,2022-06-22,13:30:03,4.6,
1067,2022-06-22,13:45:03,5.7,
1068,2022-06-22,14:00:03,4.9,
1069,2022-06-22,14:15:03,5.1,
1070,2022-06-22,14:30:03,4.2,
1071,2022-06-22,14:45:03,3.8,
1072,2022-06-22,15:00:03,3.6,
1073,2022-06-22,15:15:03,4.7,
1074,2022-06-22,15:30:03,4.7,
1075,2022-06-22,15:45:03,4.2,
1076,2022-06-22,16:00:03,4.9,
1077,2022-06-22,16:15:03,5.3,
1078,2022-06-22,16:30:03,4.2,
1079,2022-06-22,16:45:03,4.3,
1080,2022-06-22,17:00:03,4.9,
1081,2022-06-22,17:15:03,4.8,
1082,2022-06-22,17:30:03,3.4,
1083,2022-06-22,17:45:03,4.0,
1084,2022-06-22,18:00:03,5.3,
1085,2022-06-22,18:15:03,5.0,
1086,2022-06-22,18:30:03,4.6,
1087,2022-06-22,18:45:03,3.8,
1088,2022-06-22,19:00:03,4.1,
1089,2022-06-22,19:15:03,5.5,
1090,2022-06-22,19:30:03,2.9,
1091,2022-06-22,19:45:03,3.4,
1092,2022-06-22,20:00:03,4.7,
1093,2022-06-22,20:15:03,5.5,
1094,2022-06-22,20:30:03,5.6,
1095,2022-06-22,20:45:03,5.8,
1096,2022-06-22,21:00:03,6.7,
1097,2022-06-22,21:15:03,6.7,
1098,2022-06-22,21:30:03,7.2,
1099,2022-06-22,21:45:03,7.0,
1100,2022-06-22,22:00:03,6.8,
1101,2022-06-22,22:15:03,8.0,
1102,2022-06-22,22:30:03,8.3,
1103,2022-06-22,22:45:03,8.7,
1104,2022-06-22,23:00:03,8.8,
1105,2022-06-22,23:15:03,8.8,
1106,2022-06-22,23:30:03,8.9,
1107,2022-06-22,23:45:03,9.6,
1108,2022-06-23,00:00:03,9.4,
1109,2022-06-23,00:15:03,9.9,
1110,2022-06-23,00:30:03,9.8,
1111,2022-06-23,00:45:03,9.8,
1112,2022-06-23,01:00:03,9.9,
1113,2022-06-23,01:15:03,9.9,
1114,2022-06-23,01:30:03,9.6,
1115,2022-06-23,01:45:03,9.8,
1116,2022-06-23,02:00:03,9.8,
1117,2022-06-23,02:15:03,9.7,
1118,2022-06-23,02:30:03,9.7,
1119,2022-06-23,02:45:03,9.3,
1120,2022-06-23,03:00:03,8.9,
1121,2022-06-23,03:15:03,8.7,
1122,2022-06-23,03:30:03,8.5,
1123,2022-06-23,03:45:03,9.1,
1124,2022-06-23,04:00:03,8.4,
1125,2022-06-23,04:15:03,8.5,
1126,2022-06-23,04:30:03,9.0,
1127,2022-06-23,04:45:03,8.9,
1128,2022-06-23,05:00:03,9.2,
1129,2022-06-23,05:15:03,9.3,
1130,2022-06-23,05:30:03,9.7,
1131,2022-06-23,05:45:03,9.7,
1132,2022-06-23,06:00:03,10.1,
1133,2022-06-23,06:15:03,9.4,
1134,2022-06-23,06:30:03,9.5,
1135,2022-06-23,06:45:03,9.7,
1136,2022-06-23,07:00:03,9.4,
1137,2022-06-23,07:15:03,8.8,
1138,2022-06-23,07:30:03,8.2,
1139,2022-06-23,07:45:03,8.1,
1140,2022-06-23,08:00:03,8.2,
1141,2022-06-23,08:15:03,8.4,
1142,2022-06-23,08:30:03,9.2,
1143,2022-06-23,08:45:03,9.1,
1144,2022-06-23,09:00:03,9.5,
1145,2022-06-23,09:15:03,9.4,
1146,2022-06-23,09:30:03,9.3,
1147,2022-06-23,09:45:03,9.8,
1148,2022-06-23,10:00:03,9.8,
1149,2022-06-23,10:15:03,10.0,
1150,2022-06-23,10:30:03,10.7,
1151,2022-06-23,10:45:03,10.7,
1152,2022-06-23,11:00:03,11.0,
1153,2022-06-23,11:15:03,11.0,
1154,2022-06-23,11:30:03,10.5,
1155,2022-06-23,11:45:03,11.2,
1156,2022-06-23,12:00:03,10.8,
1157,2022-06-23,12:15:03,10.4,
1158,2022-06-23,12:30:03,11.5,
1159,2022-06-23,12:45:03,11.0,
1160,2022-06-23,13:00:03,12.2,
1161,2022-06-23,13:15:03,12.2,
1162,2022-06-23,13:30:03,12.8,
1163,2022-06-23,13:45:03,12.6,
1164,2022-06-23,14:00:03,13.6,
1165,2022-06-23,14:15:03,13.2,
1166,2022-06-23,14:30:03,12.4,
1167,2022-06-23,14:45:03,13.5,
1168,2022-06-23,15:00:03,14.0,
1169,2022-06-23,15:15:03,14.0,
1170,2022-06-23,15:30:03,15.7,
1171,2022-06-23,15:45:03,15.9,
1172,2022-06-23,16:00:03,15.8,
1173,2022-06-23,16:15:03,16.1,
1174,2022-06-23,16:30:03,15.3,
1175,2022-06-23,16:45:03,14.8,
1176,2022-06-23,17:00:03,15.4,
1177,2022-06-23,17:15:03,12.7,
1178,2022-06-23,17:30:03,12.4,
1179,2022-06-23,17:45:03,13.0,
1180,2022-06-23,18:00:03,13.0,
1181,2022-06-23,18:15:03,12.0,
1182,2022-06-23,18:30:03,12.0,
1183,2022-06-23,18:45:03,12.5,
1184,2022-06-23,19:00:03,12.9,
1185,2022-06-23,19:15:03,11.7,
1186,2022-06-23,19:30:03,10.7,
1187,2022-06-23,19:45:03,10.5,
1188,2022-06-23,20:00:03,9.9,
1189,2022-06-23,20:15:03,9.5,
1190,2022-06-23,20:30:03,9.4,
1191,2022-06-23,20:45:03,9.5,
1192,2022-06-23,21:00:03,9.5,
1193,2022-06-23,21:15:03,9.3,
1194,2022-06-23,21:30:03,9.1,
1195,2022-06-23,21:45:03,9.0,
1196,2022-06-23,22:00:03,8.8,
1197,2022-06-23,22:15:03,8.6,
1198,2022-06-23,22:30:03,8.8,
1199,2022-06-23,22:45:03,8.6,
1200,2022-06-23,23:00:03,8.6,
1201,2022-06-23,23:15:03,8.5,
1202,2022-06-23,23:30:03,8.2,
1203,2022-06-23,23:45:03,8.2,
1204,2022-06-24,00:00:03,8.6,
1205,2022-06-24,00:15:03,8.6,
1206,2022-06-24,00:30:03,8.5,
1207,2022-06-24,00:45:03,8.8,
1208,2022-06-24,01:00:03,8.9,
1209,2022-06-24,01:15:03,9.0,
1210,2022-06-24,01:30:03,8.8,
1211,2022-06-24,01:45:03,8.6,
1212,2022-06-24,02:00:03,8.4,
1213,2022-06-24,02:15:03,8.0,
1214,2022-06-24,02:30:03,8.0,
1215,2022-06-24,02:45:03,8.3,
1216,2022-06-24,03:00:03,8.4,
1217,2022-06-24,03:15:03,8.5,
1218,2022-06-24,03:30:03,8.3,
1219,2022-06-24,03:45:03,8.1,
1220,2022-06-24,04:00:03,8.1,
1221,2022-06-24,04:15:03,8.4,
1222,2022-06-24,04:30:03,9.4,
1223,2022-06-24,04:45:03,9.9,
1224,2022-06-24,05:00:03,10.5,
1225,2022-06-24,05:15:03,10.9,
1226,2022-06-24,05:30:03,10.8,
1227,2022-06-24,05:45:03,11.5,
1228,2022-06-24,06:00:03,12.0,
1229,2022-06-24,06:15:03,11.5,
1230,2022-06-24,06:30:03,10.9,
1231,2022-06-24,06:45:03,10.6,
1232,2022-06-24,07:00:03,13.0,
1233,2022-06-24,07:15:03,11.0,
1234,2022-06-24,07:30:03,13.0,
1235,2022-06-24,07:45:03,13.0,
1236,2022-06-24,08:00:03,13.0,
1237,2022-06-24,08:15:03,12.6,
1238,2022-06-24,08:30:03,14.8,
1239,2022-06-24,08:45:03,15.2,
1240,2022-06-24,09:00:03,14.3,
1241,2022-06-24,09:15:03,15.2,
1242,2022-06-24,09:30:03,16.2,
1243,2022-06-24,09:45:03,16.1,
1244,2022-06-24,10:00:03,16.6,
1245,2022-06-24,10:15:03,14.1,
1246,2022-06-24,10:30:03,14.8,
1247,2022-06-24,10:45:03,14.4,
1248,2022-06-24,11:00:03,13.5,
1249,2022-06-24,11:15:03,14.7,
1250,2022-06-24,11:30:03,16.6,
1251,2022-06-24,11:45:03,16.2,
1252,2022-06-24,12:00:03,15.5,
1253,2022-06-24,12:15:03,15.8,
1254,2022-06-24,12:30:03,15.8,
1255,2022-06-24,12:45:03,15.5,
1256,2022-06-24,13:00:03,15.5,
1257,2022-06-24,13:15:03,15.7,
1258,2022-06-24,13:30:03,14.5,
1259,2022-06-24,13:45:03,13.4,
1260,2022-06-24,14:00:03,15.3,
1261,2022-06-24,14:15:03,15.0,
1262,2022-06-24,14:30:03,13.2,
1263,2022-06-24,14:45:03,13.1,
1264,2022-06-24,15:00:03,13.9,
1265,2022-06-24,15:15:03,12.6,
1266,2022-06-24,15:30:03,13.1,
1267,2022-06-24,15:45:03,13.5,
1268,2022-06-24,16:00:03,13.8,
1269,2022-06-24,16:15:03,13.5,
1270,2022-06-24,16:30:03,12.7,
1271,2022-06-24,16:45:03,14.4,
1272,2022-06-24,17:00:03,13.5,
1273,2022-06-24,17:15:03,13.7,
1274,2022-06-24,17:30:03,12.5,
1275,2022-06-24,17:45:03,11.6,
1276,2022-06-24,18:00:03,11.9,
1277,2022-06-24,18:15:03,13.3,
1278,2022-06-24,18:30:03,13.9,
1279,2022-06-24,18:45:03,13.3,
1280,2022-06-24,19:00:03,12.8,
1281,2022-06-24,19:15:03,12.9,
1282,2022-06-24,19:30:03,12.6,
1283,2022-06-24,19:45:03,12.8,
1284,2022-06-24,20:00:03,12.7,
1285,2022-06-24,20:15:03,13.2,
1286,2022-06-24,20:30:03,12.2,
1287,2022-06-24,20:45:03,11.4,
1288,2022-06-24,21:00:03,11.2,
1289,2022-06-24,21:15:03,10.9,
1290,2022-06-24,21:30:03,10.7,
1291,2022-06-24,21:45:03,9.9,
1292,2022-06-24,22:00:03,9.7,
1293,2022-06-24,22:15:03,9.7,
1294,2022-06-24,22:30:03,9.7,
1295,2022-06-24,22:45:03,9.7,
1296,2022-06-24,23:00:03,9.6,
1297,2022-06-24,23:15:03,9.5,
1298,2022-06-24,23:30:03,9.5,
1299,2022-06-24,23:45:03,9.5,
1300,2022-06-25,00:00:03,9.8,
1301,2022-06-25,00:15:03,10.0,
1302,2022-06-25,00:30:03,9.7,
1303,2022-06-25,00:45:03,9.7,
1304,2022-06-25,01:00:03,9.6,
1305,2022-06-25,01:15:03,9.5,
1306,2022-06-25,01:30:03,9.8,
1307,2022-06-25,01:45:03,10.1,
1308,2022-06-25,02:00:03,10.3,
1309,2022-06-25,02:15:03,10.2,
1310,2022-06-25,02:30:03,10.1,
1311,2022-06-25,02:45:03,9.9,
1312,2022-06-25,03:00:03,9.7,
1313,2022-06-25,03:15:03,9.9,
1314,2022-06-25,03:30:03,9.8,
1315,2022-06-25,03:45:03,9.3,
1316,2022-06-25,04:00:03,9.2,
1317,2022-06-25,04:15:03,9.4,
1318,2022-06-25,04:30:03,9.7,
1319,2022-06-25,04:45:03,9.5,
1320,2022-06-25,05:00:03,9.6,
1321,2022-06-25,05:15:03,9.7,
1322,2022-06-25,05:30:03,10.2,
1323,2022-06-25,05:45:03,10.6,
1324,2022-06-25,06:00:03,10.5,
1325,2022-06-25,06:15:03,10.5,
1326,2022-06-25,06:30:03,10.1,
1327,2022-06-25,06:45:03,10.4,
1328,2022-06-25,07:00:03,13.1,
1329,2022-06-25,07:15:03,12.6,
1330,2022-06-25,07:30:03,11.6,
1331,2022-06-25,07:45:03,13.8,
1332,2022-06-25,08:00:03,13.6,
1333,2022-06-25,08:15:03,12.6,
1334,2022-06-25,08:30:03,13.4,
1335,2022-06-25,08:45:03,15.0,
1336,2022-06-25,09:00:03,14.8,
1337,2022-06-25,09:15:03,14.0,
1338,2022-06-25,09:30:03,13.9,
1339,2022-06-25,09:45:03,14.0,
1340,2022-06-25,10:00:03,14.8,
1341,2022-06-25,10:15:03,14.2,
1342,2022-06-25,10:30:03,13.7,
1343,2022-06-25,10:45:03,14.1,
1344,2022-06-25,11:00:03,14.3,
1345,2022-06-25,11:15:03,14.6,
1346,2022-06-25,11:30:03,14.1,
1347,2022-06-25,11:45:03,13.9,
1348,2022-06-25,12:00:03,14.5,
1349,2022-06-25,12:15:03,13.9,
1350,2022-06-25,12:30:03,14.1,
1351,2022-06-25,12:45:03,14.4,
1352,2022-06-25,13:00:03,14.4,
1353,2022-06-25,13:15:03,14.3,
1354,2022-06-25,13:30:03,14.5,
1355,2022-06-25,13:45:03,14.2,
1356,2022-06-25,14:00:03,14.2,
1357,2022-06-25,14:15:03,13.8,
1358,2022-06-25,14:30:03,13.9,
1359,2022-06-25,14:45:03,13.9,
1360,2022-06-25,15:00:03,14.0,
1361,2022-06-25,15:15:03,14.2,
1362,2022-06-25,15:30:03,14.4,
1363,2022-06-25,15:45:03,15.4,
1364,2022-06-25,16:00:03,16.8,
1365,2022-06-25,16:15:03,18.5,
1366,2022-06-25,16:30:03,19.6,
1367,2022-06-25,16:45:03,20.3,
1368,2022-06-25,17:00:03,20.7,
1369,2022-06-25,17:15:03,20.8,
1370,2022-06-25,17:30:03,20.7,
1371,2022-06-25,17:45:03,20.5,
1372,2022-06-25,18:00:03,20.1,
1373,2022-06-25,18:15:03,19.6,
1374,2022-06-25,18:30:03,19.2,
1375,2022-06-25,18:45:03,18.8,
1376,2022-06-25,19:00:03,18.4,
1377,2022-06-25,19:15:03,18.1,
1378,2022-06-25,19:30:03,17.7,
1379,2022-06-25,19:45:03,17.2,
1380,2022-06-25,20:00:03,16.8,
1381,2022-06-25,20:15:03,16.4,
1382,2022-06-25,20:30:03,16.0,
1383,2022-06-25,20:45:03,15.6,
1384,2022-06-25,21:00:03,15.2,
1385,2022-06-25,21:15:03,14.8,
1386,2022-06-25,21:30:03,14.4,
1387,2022-06-25,21:45:03,13.9,
1388,2022-06-25,22:00:03,13.3,
1389,2022-06-25,22:15:03,12.7,
1390,2022-06-25,22:30:03,12.1,
1391,2022-06-25,22:45:03,11.5,
1392,2022-06-25,23:00:03,11.0,
1393,2022-06-25,23:15:03,10.6,
1394,2022-06-25,23:30:03,10.2,
1395,2022-06-25,23:45:03,9.8,
1396,2022-06-26,00:00:03,9.6,
1397,2022-06-26,00:15:03,9.3,
1398,2022-06-26,00:30:03,9.1,
1399,2022-06-26,00:45:03,8.9,
1400,2022-06-26,01:00:03,8.7,
1401,2022-06-26,01:15:03,8.4,
1402,2022-06-26,01:30:03,8.2,
1403,2022-06-26,01:45:03,8.1,
1404,2022-06-26,02:00:03,8.0,
1405,2022-06-26,02:15:03,8.0,
1406,2022-06-26,02:30:03,7.9,
1407,2022-06-26,02:45:03,7.8,
1408,2022-06-26,03:00:03,7.8,
1409,2022-06-26,03:15:03,7.8,
1410,2022-06-26,03:30:03,7.8,
1411,2022-06-26,03:45:03,7.8,
1412,2022-06-26,04:00:03,7.7,
1413,2022-06-26,04:15:03,7.6,
1414,2022-06-26,04:30:03,7.6,
1415,2022-06-26,04:45:03,7.8,
1416,2022-06-26,05:00:03,8.5,
1417,2022-06-26,05:15:03,9.3,
1418,2022-06-26,05:30:03,10.4,
1419,2022-06-26,05:45:03,11.7,
1420,2022-06-26,06:00:03,12.7,
1421,2022-06-26,06:15:03,13.6,
1422,2022-06-26,06:30:03,14.7,
1423,2022-06-26,06:45:03,15.6,
1424,2022-06-26,07:00:03,16.1,
1425,2022-06-26,07:15:03,16.9,
1426,2022-06-26,07:30:03,17.6,
1427,2022-06-26,07:45:03,18.4,
1428,2022-06-26,08:00:03,19.0,
1429,2022-06-26,08:15:03,19.3,
1430,2022-06-26,08:30:03,19.9,
1431,2022-06-26,08:45:03,20.6,
1432,2022-06-26,09:00:03,21.3,
1433,2022-06-26,09:15:03,22.0,
1434,2022-06-26,09:30:03,22.9,
1435,2022-06-26,09:45:03,23.6,
1436,2022-06-26,10:00:03,24.2,
1437,2022-06-26,10:15:03,24.4,
1438,2022-06-26,10:30:03,24.3,
1439,2022-06-26,10:45:03,23.1,
1440,2022-06-26,11:00:03,21.4,
1441,2022-06-26,11:15:03,19.6,
1442,2022-06-26,11:30:03,18.1,
1443,2022-06-26,11:45:03,16.8,
1444,2022-06-26,12:00:03,15.8,
1445,2022-06-26,12:15:03,15.0,
1446,2022-06-26,12:30:03,14.3,
1447,2022-06-26,12:45:03,13.9,
1448,2022-06-26,13:00:03,13.6,
1449,2022-06-26,13:15:03,13.5,
1450,2022-06-26,13:30:03,14.1,
1451,2022-06-26,13:45:03,14.8,
1452,2022-06-26,14:00:03,15.4,
1453,2022-06-26,14:15:03,16.0,
1454,2022-06-26,14:30:03,16.6,
1455,2022-06-26,14:45:03,17.3,
1456,2022-06-26,15:00:03,17.9,
1457,2022-06-26,15:15:03,18.6,
1458,2022-06-26,15:30:03,19.1,
1459,2022-06-26,15:45:03,19.5,
1460,2022-06-26,16:00:03,19.9,
1461,2022-06-26,16:15:03,20.3,
1462,2022-06-26,16:30:03,20.5,
1463,2022-06-26,16:45:03,20.8,
1464,2022-06-26,17:00:03,20.9,
1465,2022-06-26,17:15:03,21.1,
1466,2022-06-26,17:30:03,21.2,
1467,2022-06-26,17:45:03,21.3,
1468,2022-06-26,18:00:03,21.3,
1469,2022-06-26,18:15:03,21.4,
1470,2022-06-26,18:30:03,21.5,
1471,2022-06-26,18:45:03,21.5,
1472,2022-06-26,19:00:03,21.6,
1473,2022-06-26,19:15:03,21.6,
1474,2022-06-26,19:30:03,21.6,
1475,2022-06-26,19:45:03,21.6,
1476,2022-06-26,20:00:03,21.5,
1477,2022-06-26,20:15:03,21.3,
1478,2022-06-26,20:30:03,21.0,
1479,2022-06-26,20:45:03,20.5,
1480,2022-06-26,21:00:03,19.6,
1481,2022-06-26,21:15:03,18.5,
1482,2022-06-26,21:30:03,17.6,
1483,2022-06-26,21:45:03,16.9,
1484,2022-06-26,22:00:03,16.4,
1485,2022-06-26,22:15:03,16.0,
1486,2022-06-26,22:30:03,15.6,
1487,2022-06-26,22:45:03,15.3,
1488,2022-06-26,23:00:03,15.0,
1489,2022-06-26,23:15:03,14.8,
1490,2022-06-26,23:30:03,14.6,
1491,2022-06-26,23:45:03,14.4,
1492,2022-06-27,00:00:03,14.3,
1493,2022-06-27,00:15:03,14.1,
1494,2022-06-27,00:30:03,13.9,
1495,2022-06-27,00:45:03,13.8,
1496,2022-06-27,01:00:03,13.7,
1497,2022-06-27,01:15:03,13.6,
1498,2022-06-27,01:30:03,13.5,
1499,2022-06-27,01:45:03,13.3,
1500,2022-06-27,02:00:03,13.2,
1501,2022-06-27,02:15:03,13.1,
1502,2022-06-27,02:30:03,13.0,
1503,2022-06-27,02:45:03,13.0,
1504,2022-06-27,03:00:03,12.9,
1505,2022-06-27,03:15:03,12.8,
1506,2022-06-27,03:30:03,12.7,
1507,2022-06-27,03:45:03,12.6,
1508,2022-06-27,04:00:03,12.5,
1509,2022-06-27,04:15:03,12.5,
1510,2022-06-27,04:30:03,12.4,
1511,2022-06-27,04:45:03,12.3,
1512,2022-06-27,05:00:03,12.3,
1513,2022-06-27,05:15:03,12.2,
1514,2022-06-27,05:30:03,12.2,
1515,2022-06-27,05:45:03,12.2,
1516,2022-06-27,06:00:03,12.2,
1517,2022-06-27,06:15:03,12.2,
1518,2022-06-27,06:30:03,12.3,
1519,2022-06-27,06:45:03,12.6,
1520,2022-06-27,07:00:03,13.1,
1521,2022-06-27,07:15:03,13.8,
1522,2022-06-27,07:30:03,14.8,
1523,2022-06-27,07:45:03,15.9,
1524,2022-06-27,08:00:03,16.9,
1525,2022-06-27,08:15:03,17.5,
1526,2022-06-27,08:30:03,17.6,
1527,2022-06-27,08:45:03,17.5,
1528,2022-06-27,09:00:03,17.2,
1529,2022-06-27,09:15:03,16.9,
1530,2022-06-27,09:30:03,16.6,
1531,2022-06-27,09:45:03,16.3,
1532,2022-06-27,10:00:03,16.1,
1533,2022-06-27,10:15:03,16.0,
1534,2022-06-27,10:30:03,15.8,
1535,2022-06-27,10:45:03,15.7,
1536,2022-06-27,11:00:03,15.6,
1537,2022-06-27,11:15:03,15.5,
1538,2022-06-27,11:30:03,15.5,
1539,2022-06-27,11:45:03,15.4,
1540,2022-06-27,12:00:03,15.4,
1541,2022-06-27,12:15:03,15.4,
1542,2022-06-27,12:30:03,15.4,
1543,2022-06-27,12:45:03,15.5,
1544,2022-06-27,13:00:03,15.5,
1545,2022-06-27,13:15:03,15.5,
1546,2022-06-27,13:30:03,15.6,
1547,2022-06-27,13:45:03,15.7,
1548,2022-06-27,14:00:03,15.8,
1549,2022-06-27,14:15:03,15.8,
1550,2022-06-27,14:30:03,15.9,
1551,2022-06-27,14:45:03,16.0,
1552,2022-06-27,15:00:03,16.1,
1553,2022-06-27,15:15:03,16.2,
1554,2022-06-27,15:30:03,16.3,
1555,2022-06-27,15:45:03,16.4,
1556,2022-06-27,16:00:03,16.5,
1557,2022-06-27,16:15:03,16.6,
1558,2022-06-27,16:30:03,16.8,
1559,2022-06-27,16:45:03,16.9,
1560,2022-06-27,17:00:03,17.0,
1561,2022-06-27,17:15:03,17.1,
1562,2022-06-27,17:30:03,17.2,
1563,2022-06-27,17:45:03,17.3,
1564,2022-06-27,18:00:03,17.4,
1565,2022-06-27,18:15:03,17.6,
1566,2022-06-27,18:30:03,17.7,
1567,2022-06-27,18:45:03,17.8,
1568,2022-06-27,19:00:03,17.9,
1569,2022-06-27,19:15:03,17.9,
1570,2022-06-27,19:30:03,17.9,
1571,2022-06-27,19:45:03,18.0,
1572,2022-06-27,20:00:03,18.0,
1573,2022-06-27,20:15:03,18.0,
1574,2022-06-27,20:30:03,18.0,
1575,2022-06-27,20:45:03,18.0,
1576,2022-06-27,21:00:03,18.0,
1577,2022-06-27,21:15:03,18.1,
1578,2022-06-27,21:30:03,18.1,
1579,2022-06-27,21:45:03,18.1,
1580,2022-06-27,22:00:03,18.0,
1581,2022-06-27,22:15:03,18.0,
1582,2022-06-27,22:30:03,17.9,
1583,2022-06-27,22:45:03,17.8,
1584,2022-06-27,23:00:03,17.8,
1585,2022-06-27,23:15:03,17.7,
1586,2022-06-27,23:30:03,17.6,
1587,2022-06-27,23:45:03,17.5,
1588,2022-06-28,00:00:03,17.4,
1589,2022-06-28,00:15:03,17.3,
1590,2022-06-28,00:30:03,17.2,
1591,2022-06-28,00:45:03,17.1,
1592,2022-06-28,01:00:03,17.0,
1593,2022-06-28,01:15:03,16.9,
1594,2022-06-28,01:30:03,16.8,
1595,2022-06-28,01:45:03,16.7,
1596,2022-06-28,02:00:03,16.6,
1597,2022-06-28,02:15:03,16.5,
1598,2022-06-28,02:30:03,16.4,
1599,2022-06-28,02:45:03,16.3,
1600,2022-06-28,03:00:03,16.2,
1601,2022-06-28,03:15:03,16.1,
1602,2022-06-28,03:30:03,16.0,
1603,2022-06-28,03:45:03,15.9,
1604,2022-06-28,04:00:03,15.9,
1605,2022-06-28,04:15:03,15.8,
1606,2022-06-28,04:30:03,15.7,
1607,2022-06-28,04:45:03,15.7,
1608,2022-06-28,05:00:03,15.6,
1609,2022-06-28,05:15:03,15.5,
1610,2022-06-28,05:30:03,15.5,
1611,2022-06-28,05:45:03,15.5,
1612,2022-06-28,06:00:03,15.5,
1613,2022-06-28,06:15:03,15.4,
1614,2022-06-28,06:30:03,15.5,
1615,2022-06-28,06:45:03,15.7,
1616,2022-06-28,07:00:03,16.0,
1617,2022-06-28,07:15:03,16.5,
1618,2022-06-28,07:30:03,17.3,
1619,2022-06-28,07:45:03,18.4,
1620,2022-06-28,08:00:03,19.3,
1621,2022-06-28,08:15:03,19.9,
1622,2022-06-28,08:30:03,20.0,
1623,2022-06-28,08:45:03,19.9,
1624,2022-06-28,09:00:03,19.7,
1625,2022-06-28,09:15:03,19.4,
1626,2022-06-28,09:30:03,18.9,
1627,2022-06-28,09:45:03,18.7,
1628,2022-06-28,10:00:03,18.5,
1629,2022-06-28,10:15:03,18.4,
1630,2022-06-28,10:30:03,18.2,
1631,2022-06-28,10:45:03,18.2,
1632,2022-06-28,11:00:03,18.1,
1633,2022-06-28,11:15:03,18.0,
1634,2022-06-28,11:30:03,18.0,
1635,2022-06-28,11:45:03,17.9,
1636,2022-06-28,12:00:03,17.9,
1637,2022-06-28,12:15:03,17.9,
1638,2022-06-28,12:30:03,17.8,
1639,2022-06-28,12:45:03,17.8,
1640,2022-06-28,13:00:03,17.8,
1641,2022-06-28,13:15:03,17.8,
1642,2022-06-28,13:30:03,17.8,
1643,2022-06-28,13:45:03,17.8,
1644,2022-06-28,14:00:03,17.8,
1645,2022-06-28,14:15:03,17.8,
1646,2022-06-28,14:30:03,17.8,
1647,2022-06-28,14:45:03,17.8,
1648,2022-06-28,15:00:03,17.9,
1649,2022-06-28,15:15:03,17.9,
1650,2022-06-28,15:30:03,17.9,
1651,2022-06-28,15:45:03,18.0,
1652,2022-06-28,16:00:03,18.1,
1653,2022-06-28,16:15:03,18.1,
1654,2022-06-28,16:30:03,18.1,
1655,2022-06-28,16:45:03,18.2,
1656,2022-06-28,17:00:03,18.2,
1657,2022-06-28,17:15:03,18.3,
1658,2022-06-28,17:30:03,18.4,
1659,2022-06-28,17:45:03,18.4,
1660,2022-06-28,18:00:03,18.4,
1661,2022-06-28,18:15:03,18.5,
1662,2022-06-28,18:30:03,18.5,
1663,2022-06-28,18:45:03,18.5,
1664,2022-06-28,19:00:03,18.5,
1665,2022-06-28,19:15:03,18.5,
1666,2022-06-28,19:30:03,18.5,
1667,2022-06-28,19:45:03,18.5,
1668,2022-06-28,20:00:03,18.4,
1669,2022-06-28,20:15:03,18.3,
1670,2022-06-28,20:30:03,18.1,
1671,2022-06-28,20:45:03,18.0,
1672,2022-06-28,21:00:03,17.9,
1673,2022-06-28,21:15:03,18.0,
1674,2022-06-28,21:30:03,18.1,
1675,2022-06-28,21:45:03,18.2,
1676,2022-06-28,22:00:03,18.3,
1677,2022-06-28,22:15:03,18.3,
1678,2022-06-28,22:30:03,18.3,
1679,2022-06-28,22:45:03,18.2,
1680,2022-06-28,23:00:03,18.1,
1681,2022-06-28,23:15:03,17.9,
1682,2022-06-28,23:30:03,17.7,
1683,2022-06-28,23:45:03,17.6,
1684,2022-06-29,00:00:03,17.4,
1685,2022-06-29,00:15:03,17.3,
1686,2022-06-29,00:30:03,17.1,
1687,2022-06-29,00:45:03,16.9,
1688,2022-06-29,01:00:03,16.7,
1689,2022-06-29,01:15:03,16.5,
1690,2022-06-29,01:30:03,16.3,
1691,2022-06-29,01:45:03,16.2,
1692,2022-06-29,02:00:03,16.0,
1693,2022-06-29,02:15:03,15.9,
1694,2022-06-29,02:30:03,15.7,
1695,2022-06-29,02:45:03,15.6,
1696,2022-06-29,03:00:03,15.5,
1697,2022-06-29,03:15:03,15.3,
1698,2022-06-29,03:30:03,15.2,
1699,2022-06-29,03:45:03,15.1,
1700,2022-06-29,04:00:03,15.0,
1701,2022-06-29,04:15:03,14.9,
1702,2022-06-29,04:30:03,14.8,
1703,2022-06-29,04:45:03,14.7,
1704,2022-06-29,05:00:03,14.6,
1705,2022-06-29,05:15:03,14.6,
1706,2022-06-29,05:30:03,14.5,
1707,2022-06-29,05:45:03,14.4,
1708,2022-06-29,06:00:03,14.4,
1709,2022-06-29,06:15:03,14.3,
1710,2022-06-29,06:30:03,14.2,
1711,2022-06-29,06:45:03,14.2,
1712,2022-06-29,07:00:03,14.1,
1713,2022-06-29,07:15:03,14.1,
1714,2022-06-29,07:30:03,14.1,
1715,2022-06-29,07:45:03,14.1,
1716,2022-06-29,08:00:03,14.1,
1717,2022-06-29,08:15:03,14.1,
1718,2022-06-29,08:30:03,14.1,
1719,2022-06-29,08:45:03,14.0,
1720,2022-06-29,09:00:03,14.0,
1721,2022-06-29,09:15:03,14.1,
1722,2022-06-29,09:30:03,14.1,
1723,2022-06-29,09:45:03,14.1,
1724,2022-06-29,10:00:03,14.1,
1725,2022-06-29,10:15:03,14.2,
1726,2022-06-29,10:30:03,14.2,
1727,2022-06-29,10:45:03,14.3,
1728,2022-06-29,11:00:03,14.4,
1729,2022-06-29,11:15:03,14.5,
1730,2022-06-29,11:30:03,14.6,
1731,2022-06-29,11:45:03,14.9,
1732,2022-06-29,12:00:03,15.1,
1733,2022-06-29,12:15:03,15.2,
1734,2022-06-29,12:30:03,15.3,
1735,2022-06-29,12:45:03,15.4,
1736,2022-06-29,13:00:03,15.5,
1737,2022-06-29,13:15:03,15.5,
1738,2022-06-29,13:30:03,15.6,
1739,2022-06-29,13:45:03,15.6,
1740,2022-06-29,14:00:03,15.7,
1741,2022-06-29,14:15:03,15.8,
1742,2022-06-29,14:30:03,15.9,
1743,2022-06-29,14:45:03,16.0,
1744,2022-06-29,15:00:03,16.1,
1745,2022-06-29,15:15:03,16.3,
1746,2022-06-29,15:30:03,16.5,
1747,2022-06-29,15:45:03,16.6,
1748,2022-06-29,16:00:03,16.6,
1749,2022-06-29,16:15:03,16.6,
1750,2022-06-29,16:30:03,16.6,
1751,2022-06-29,16:45:03,16.6,
1752,2022-06-29,17:00:03,16.7,
1753,2022-06-29,17:15:03,16.8,
1754,2022-06-29,17:30:03,17.0,
1755,2022-06-29,17:45:03,17.0,
1756,2022-06-29,18:00:03,17.1,
1757,2022-06-29,18:15:03,17.0,
1758,2022-06-29,18:30:03,17.0,
1759,2022-06-29,18:45:03,16.9,
1760,2022-06-29,19:00:03,16.8,
1761,2022-06-29,19:15:03,16.7,
1762,2022-06-29,19:30:03,16.6,
1763,2022-06-29,19:45:03,16.6,
1764,2022-06-29,20:00:03,16.5,
1765,2022-06-29,20:15:03,16.4,
1766,2022-06-29,20:30:03,16.4,
1767,2022-06-29,20:45:03,16.3,
1768,2022-06-29,21:00:03,16.3,
1769,2022-06-29,21:15:03,16.4,
1770,2022-06-29,21:30:03,16.6,
1771,2022-06-29,21:45:03,16.7,
1772,2022-06-29,22:00:03,16.8,
1773,2022-06-29,22:15:03,16.7,
1774,2022-06-29,22:30:03,16.6,
1775,2022-06-29,22:45:03,16.5,
1776,2022-06-29,23:00:03,16.3,
1777,2022-06-29,23:15:03,16.2,
1778,2022-06-29,23:30:03,16.0,
1779,2022-06-29,23:45:03,15.8,
1780,2022-06-30,00:00:03,15.7,
1781,2022-06-30,00:15:03,15.5,
1782,2022-06-30,00:30:03,15.3,
1783,2022-06-30,00:45:03,15.2,
1784,2022-06-30,01:00:03,15.0,
1785,2022-06-30,01:15:03,14.8,
1786,2022-06-30,01:30:03,14.7,
1787,2022-06-30,01:45:03,14.5,
1788,2022-06-30,02:00:03,14.4,
1789,2022-06-30,02:15:03,14.2,
1790,2022-06-30,02:30:03,14.0,
1791,2022-06-30,02:45:03,13.9,
1792,2022-06-30,03:00:03,13.7,
1793,2022-06-30,03:15:03,13.6,
1794,2022-06-30,03:30:03,13.5,
1795,2022-06-30,03:45:03,13.3,
1796,2022-06-30,04:00:03,13.2,
1797,2022-06-30,04:15:03,13.1,
1798,2022-06-30,04:30:03,13.0,
1799,2022-06-30,04:45:03,12.9,
1800,2022-06-30,05:00:03,12.7,
1801,2022-06-30,05:15:03,12.7,
1802,2022-06-30,05:30:03,12.6,
1803,2022-06-30,05:45:03,12.5,
1804,2022-06-30,06:00:03,12.4,
1805,2022-06-30,06:15:03,12.3,
1806,2022-06-30,06:30:03,12.3,
1807,2022-06-30,06:45:03,12.2,
1808,2022-06-30,07:00:03,12.2,
1809,2022-06-30,07:15:03,12.3,
1810,2022-06-30,07:30:03,12.9,
1811,2022-06-30,07:45:03,13.4,
1812,2022-06-30,08:00:03,14.8,
1813,2022-06-30,08:15:03,16.0,
1814,2022-06-30,08:30:03,16.6,
1815,2022-06-30,08:45:03,16.4,
1816,2022-06-30,09:00:03,16.1,
1817,2022-06-30,09:15:03,15.7,
1818,2022-06-30,09:30:03,15.4,
1819,2022-06-30,09:45:03,14.8,
1820,2022-06-30,10:00:03,14.6,
1821,2022-06-30,10:15:03,14.4,
1822,2022-06-30,10:30:03,14.4,
1823,2022-06-30,10:45:03,14.5,
1824,2022-06-30,11:00:03,14.6,
1825,2022-06-30,11:15:03,14.8,
1826,2022-06-30,11:30:03,14.7,
1827,2022-06-30,11:45:03,14.7,
1828,2022-06-30,12:00:03,14.9,
1829,2022-06-30,12:15:03,15.3,
1830,2022-06-30,12:30:03,15.9,
1831,2022-06-30,12:45:03,16.5,
1832,2022-06-30,13:00:03,17.0,
1833,2022-06-30,13:15:03,17.3,
1834,2022-06-30,13:30:03,17.3,
1835,2022-06-30,13:45:03,17.4,
1836,2022-06-30,14:00:03,17.6,
1837,2022-06-30,14:15:03,17.9,
1838,2022-06-30,14:30:03,17.9,
1839,2022-06-30,14:45:03,17.9,
1840,2022-06-30,15:00:03,18.0,
1841,2022-06-30,15:15:03,18.1,
1842,2022-06-30,15:30:03,18.0,
1843,2022-06-30,15:45:03,17.9,
1844,2022-06-30,16:00:03,17.9,
1845,2022-06-30,16:15:03,18.0,
1846,2022-06-30,16:30:03,18.1,
1847,2022-06-30,16:45:03,18.1,
1848,2022-06-30,17:00:03,18.1,
1849,2022-06-30,17:15:03,18.1,
1850,2022-06-30,17:30:03,18.1,
1851,2022-06-30,17:45:03,18.1,
1852,2022-06-30,18:00:03,18.1,
1853,2022-06-30,18:15:03,18.4,
1854,2022-06-30,18:30:03,18.7,
1855,2022-06-30,18:45:03,19.1,
1856,2022-06-30,19:00:03,19.5,
1857,2022-06-30,19:15:03,19.8,
1858,2022-06-30,19:30:03,20.0,
1859,2022-06-30,19:45:03,20.3,
1860,2022-06-30,20:00:03,20.5,
1861,2022-06-30,20:15:03,20.8,
1862,2022-06-30,20:30:03,20.9,
1863,2022-06-30,20:45:03,21.1,
1864,2022-06-30,21:00:03,21.2,
1865,2022-06-30,21:15:03,21.3,
1866,2022-06-30,21:30:03,21.3,
1867,2022-06-30,21:45:03,21.2,
1868,2022-06-30,22:00:03,20.4,
1869,2022-06-30,22:15:03,19.6,
1870,2022-06-30,22:30:03,19.2,
1871,2022-06-30,22:45:03,19.0,
1872,2022-06-30,23:00:03,18.6,
1873,2022-06-30,23:15:03,18.4,
1874,2022-06-30,23:30:03,18.1,
1875,2022-06-30,23:45:03,17.7,
1876,2022-07-01,00:00:03,17.4,
1877,2022-07-01,00:15:03,17.0,
1878,2022-07-01,00:30:03,16.6,
1879,2022-07-01,00:45:03,16.3,
1880,2022-07-01,01:00:03,15.9,
1881,2022-07-01,01:15:03,15.6,
1882,2022-07-01,01:30:03,15.2,
1883,2022-07-01,01:45:03,14.9,
1884,2022-07-01,02:00:03,14.6,
1885,2022-07-01,02:15:03,14.3,
1886,2022-07-01,02:30:03,14.0,
1887,2022-07-01,02:45:03,13.7,
1888,2022-07-01,03:00:03,13.5,
1889,2022-07-01,03:15:03,13.2,
1890,2022-07-01,03:30:03,13.0,
1891,2022-07-01,03:45:03,12.7,
1892,2022-07-01,04:00:03,12.5,
1893,2022-07-01,04:15:03,12.3,
1894,2022-07-01,04:30:03,12.1,
1895,2022-07-01,04:45:03,11.9,
1896,2022-07-01,05:00:03,11.7,
1897,2022-07-01,05:15:03,11.6,
1898,2022-07-01,05:30:03,11.4,
1899,2022-07-01,05:45:03,11.3,
1900,2022-07-01,06:00:03,11.2,
1901,2022-07-01,06:15:03,11.1,
1902,2022-07-01,06:30:03,11.0,
1903,2022-07-01,06:45:03,11.0,
1904,2022-07-01,07:00:03,11.1,
1905,2022-07-01,07:15:03,11.3,
1906,2022-07-01,07:30:03,11.5,
1907,2022-07-01,07:45:03,11.7,
1908,2022-07-01,08:00:03,12.0,
1909,2022-07-01,08:15:03,12.3,
1910,2022-07-01,08:30:03,12.6,
1911,2022-07-01,08:45:03,13.1,
1912,2022-07-01,09:00:03,13.4,
1913,2022-07-01,09:15:03,13.7,
1914,2022-07-01,09:30:03,16.7,
1915,2022-07-01,09:45:03,34.1,
1916,2022-07-01,10:00:03,23.5,
1917,2022-07-01,10:15:03,21.9,
1918,2022-07-01,10:30:03,20.9,
1919,2022-07-01,10:45:03,20.3,
1920,2022-07-01,11:00:03,19.9,
1921,2022-07-01,11:15:03,19.7,
1922,2022-07-01,11:30:03,19.6,
1923,2022-07-01,11:45:03,19.6,
1924,2022-07-01,12:00:03,19.6,
1925,2022-07-01,12:15:03,19.6,
1926,2022-07-01,12:30:03,19.9,
1927,2022-07-01,12:45:03,20.2,
1928,2022-07-01,13:00:03,20.6,
1929,2022-07-01,13:15:03,21.0,
1930,2022-07-01,13:30:03,21.4,
1931,2022-07-01,13:45:03,21.7,
1932,2022-07-01,14:00:03,22.1,
1933,2022-07-01,14:15:03,22.4,
1934,2022-07-01,14:30:03,22.8,
1935,2022-07-01,14:45:03,22.9,
1936,2022-07-01,15:00:03,22.9,
1937,2022-07-01,15:15:03,23.0,
1938,2022-07-01,15:30:03,23.6,
1939,2022-07-01,15:45:03,24.1,
1940,2022-07-01,16:00:03,24.4,
1941,2022-07-01,16:15:03,24.6,
1942,2022-07-01,16:30:03,24.7,
1943,2022-07-01,16:45:03,24.9,
1944,2022-07-01,17:00:03,25.1,
1945,2022-07-01,17:15:03,25.3,
1946,2022-07-01,17:30:03,25.4,
1947,2022-07-01,17:45:03,25.4,
1948,2022-07-01,18:00:03,25.4,
1949,2022-07-01,18:15:03,24.7,
1950,2022-07-01,18:30:03,23.4,
1951,2022-07-01,18:45:03,22.3,
1952,2022-07-01,19:00:03,21.5,
1953,2022-07-01,19:15:03,21.4,
1954,2022-07-01,19:30:03,21.5,
1955,2022-07-01,19:45:03,21.5,
1956,2022-07-01,20:00:03,20.9,
1957,2022-07-01,20:15:03,20.3,
1958,2022-07-01,20:30:03,19.8,
1959,2022-07-01,20:45:03,19.3,
1960,2022-07-01,21:00:03,19.0,
1961,2022-07-01,21:15:03,19.2,
1962,2022-07-01,21:30:03,19.3,
1963,2022-07-01,21:45:03,19.4,
1964,2022-07-01,22:00:03,19.3,
1965,2022-07-01,22:15:03,19.4,
1966,2022-07-01,22:30:03,19.3,
1967,2022-07-01,22:45:03,19.2,
1968,2022-07-01,23:00:03,18.9,
1969,2022-07-01,23:15:03,18.6,
1970,2022-07-01,23:30:03,18.2,
1971,2022-07-01,23:45:03,17.9,
1972,2022-07-02,00:00:03,17.5,
1973,2022-07-02,00:15:03,17.2,
1974,2022-07-02,00:30:03,16.9,
1975,2022-07-02,00:45:03,16.6,
1976,2022-07-02,01:00:03,16.3,
1977,2022-07-02,01:15:03,16.1,
1978,2022-07-02,01:30:03,15.8,
1979,2022-07-02,01:45:03,15.5,
1980,2022-07-02,02:00:03,15.3,
1981,2022-07-02,02:15:03,15.1,
1982,2022-07-02,02:30:03,14.9,
1983,2022-07-02,02:45:03,14.7,
1984,2022-07-02,03:00:03,14.5,
1985,2022-07-02,03:15:03,14.3,
1986,2022-07-02,03:30:03,14.1,
1987,2022-07-02,03:45:03,13.9,
1988,2022-07-02,04:00:03,13.7,
1989,2022-07-02,04:15:03,13.5,
1990,2022-07-02,04:30:03,13.4,
1991,2022-07-02,04:45:03,13.2,
1992,2022-07-02,05:00:03,13.1,
1993,2022-07-02,05:15:03,13.0,
1994,2022-07-02,05:30:03,12.9,
1995,2022-07-02,05:45:03,12.8,
1996,2022-07-02,06:00:03,12.7,
1997,2022-07-02,06:15:03,12.8,
1998,2022-07-02,06:30:03,13.1,
1999,2022-07-02,06:45:03,13.7,
2000,2022-07-02,07:00:03,14.4,
2001,2022-07-02,07:15:03,15.0,
2002,2022-07-02,07:30:03,15.8,
2003,2022-07-02,07:45:03,16.7,
2004,2022-07-02,08:00:03,17.7,
2005,2022-07-02,08:15:03,18.7,
2006,2022-07-02,08:30:03,19.5,
2007,2022-07-02,08:45:03,20.2,
2008,2022-07-02,09:00:03,20.7,
2009,2022-07-02,09:15:03,20.6,
2010,2022-07-02,09:30:03,20.2,
2011,2022-07-02,09:45:03,19.9,
2012,2022-07-02,10:00:03,21.6,
2013,2022-07-02,10:15:03,23.0,
2014,2022-07-02,10:30:03,21.8,
2015,2022-07-02,10:45:03,21.7,
2016,2022-07-02,11:00:03,21.6,
2017,2022-07-02,11:15:03,21.7,
2018,2022-07-02,11:30:03,21.8,
2019,2022-07-02,11:45:03,21.9,
2020,2022-07-02,12:00:03,22.0,
2021,2022-07-02,12:15:03,22.2,
2022,2022-07-02,12:30:03,22.4,
2023,2022-07-02,12:45:03,22.7,
2024,2022-07-02,13:00:03,23.0,
2025,2022-07-02,13:15:03,23.2,
2026,2022-07-02,13:30:03,23.4,
