1-Wire/iButton Part Number: DS1921G-F5,,
1-Wire/iButton Registration Number: B700000062636221,,
Is Mission Active?  true,,
Mission Start:  Fri Jul 21 15:01:00 AKDT 2023,,
Sample Rate:  Every 1 minute(s),,
Number of Mission Samples:  1593,,
Total Samples:  2502,,
Roll Over Enabled?  false,,
Roll Over Occurred?  Roll over has NOT occurred,,
Active Alarms:  None fired,,
Next Clock Alarm At:  Disabled,,
High Temperature Alarm:  85 �C,,
Low Temperature Alarm:  -40 �C,,
,,
Date/Time,Unit,Value
7/21/23 16:00,C,5
7/21/23 16:01,C,5
7/21/23 16:02,C,5
7/21/23 16:03,C,5
7/21/23 16:04,C,4.5
7/21/23 16:05,C,4.5
7/21/23 16:06,C,4.5
7/21/23 16:07,C,4.5
7/21/23 16:08,C,4.5
7/21/23 16:09,C,4.5
7/21/23 16:10,C,5
7/21/23 16:11,C,5
7/21/23 16:12,C,5
7/21/23 16:13,C,5
7/21/23 16:14,C,5
7/21/23 16:15,C,5
7/21/23 16:16,C,5
7/21/23 16:17,C,5
7/21/23 16:18,C,5
7/21/23 16:19,C,5.5
7/21/23 16:20,C,5.5
7/21/23 16:21,C,5.5
7/21/23 16:22,C,5.5
7/21/23 16:23,C,5.5
7/21/23 16:24,C,5.5
7/21/23 16:25,C,5.5
7/21/23 16:26,C,6
7/21/23 16:27,C,6
7/21/23 16:28,C,6
7/21/23 16:29,C,6
7/21/23 16:30,C,6
7/21/23 16:31,C,6
7/21/23 16:32,C,6
7/21/23 16:33,C,6
7/21/23 16:34,C,6
7/21/23 16:35,C,6
7/21/23 16:36,C,6
7/21/23 16:37,C,6
7/21/23 16:38,C,6
7/21/23 16:39,C,6
7/21/23 16:40,C,6
7/21/23 16:41,C,6
7/21/23 16:42,C,6
7/21/23 16:43,C,6
7/21/23 16:44,C,6
7/21/23 16:45,C,6
7/21/23 16:46,C,6
7/21/23 16:47,C,6.5
7/21/23 16:48,C,6.5
7/21/23 16:49,C,6.5
7/21/23 16:50,C,6.5
7/21/23 16:51,C,6.5
7/21/23 16:52,C,6.5
7/21/23 16:53,C,6.5
7/21/23 16:54,C,6.5
7/21/23 16:55,C,6.5
7/21/23 16:56,C,6.5
7/21/23 16:57,C,6.5
7/21/23 16:58,C,7
7/21/23 16:59,C,7
7/21/23 17:00,C,7
7/21/23 17:01,C,7
7/21/23 17:02,C,7.5
7/21/23 17:03,C,7.5
7/21/23 17:04,C,7.5
7/21/23 17:05,C,7.5
7/21/23 17:06,C,8
7/21/23 17:07,C,8
7/21/23 17:08,C,8
7/21/23 17:09,C,8
7/21/23 17:10,C,8
7/21/23 17:11,C,8
7/21/23 17:12,C,8
7/21/23 17:13,C,8.5
7/21/23 17:14,C,8.5
7/21/23 17:15,C,8.5
7/21/23 17:16,C,8.5
7/21/23 17:17,C,8.5
7/21/23 17:18,C,8.5
7/21/23 17:19,C,8.5
7/21/23 17:20,C,8.5
7/21/23 17:21,C,8.5
7/21/23 17:22,C,8.5
7/21/23 17:23,C,8
7/21/23 17:24,C,8
7/21/23 17:25,C,7.5
7/21/23 17:26,C,7.5
7/21/23 17:27,C,7.5
7/21/23 17:28,C,7.5
7/21/23 17:29,C,7
7/21/23 17:30,C,7
7/21/23 17:31,C,7
7/21/23 17:32,C,7
7/21/23 17:33,C,7
7/21/23 17:34,C,7
7/21/23 17:35,C,6.5
7/21/23 17:36,C,6.5
7/21/23 17:37,C,6.5
7/21/23 17:38,C,6
7/21/23 17:39,C,6
7/21/23 17:40,C,6
7/21/23 17:41,C,6
7/21/23 17:42,C,5.5
7/21/23 17:43,C,5.5
7/21/23 17:44,C,5.5
7/21/23 17:45,C,5.5
7/21/23 17:46,C,5.5
7/21/23 17:47,C,5.5
7/21/23 17:48,C,5.5
7/21/23 17:49,C,5.5
7/21/23 17:50,C,5.5
7/21/23 17:51,C,5.5
7/21/23 17:52,C,5.5
7/21/23 17:53,C,5.5
7/21/23 17:54,C,5.5
7/21/23 17:55,C,5.5
7/21/23 17:56,C,5.5
7/21/23 17:57,C,5.5
7/21/23 17:58,C,5.5
7/21/23 17:59,C,5.5
7/21/23 18:00,C,5.5
7/21/23 18:01,C,5.5
7/21/23 18:02,C,5.5
7/21/23 18:03,C,5.5
7/21/23 18:04,C,5.5
7/21/23 18:05,C,5.5
7/21/23 18:06,C,5.5
7/21/23 18:07,C,5.5
7/21/23 18:08,C,5.5
7/21/23 18:09,C,5.5
7/21/23 18:10,C,5.5
7/21/23 18:11,C,5.5
7/21/23 18:12,C,5.5
7/21/23 18:13,C,5.5
7/21/23 18:14,C,5.5
7/21/23 18:15,C,5.5
7/21/23 18:16,C,5.5
7/21/23 18:17,C,5.5
7/21/23 18:18,C,5.5
7/21/23 18:19,C,5
7/21/23 18:20,C,5
7/21/23 18:21,C,5
7/21/23 18:22,C,5
7/21/23 18:23,C,5
7/21/23 18:24,C,5
7/21/23 18:25,C,5
7/21/23 18:26,C,5
7/21/23 18:27,C,5
7/21/23 18:28,C,5
7/21/23 18:29,C,5
7/21/23 18:30,C,5
7/21/23 18:31,C,5
7/21/23 18:32,C,5.5
7/21/23 18:33,C,5.5
7/21/23 18:34,C,5.5
7/21/23 18:35,C,5.5
7/21/23 18:36,C,5.5
7/21/23 18:37,C,5.5
7/21/23 18:38,C,5.5
7/21/23 18:39,C,5.5
7/21/23 18:40,C,5.5
7/21/23 18:41,C,5.5
7/21/23 18:42,C,5.5
7/21/23 18:43,C,5.5
7/21/23 18:44,C,5.5
7/21/23 18:45,C,5.5
7/21/23 18:46,C,5.5
7/21/23 18:47,C,5.5
7/21/23 18:48,C,5.5
7/21/23 18:49,C,5.5
7/21/23 18:50,C,5.5
7/21/23 18:51,C,5.5
7/21/23 18:52,C,5.5
7/21/23 18:53,C,5.5
7/21/23 18:54,C,5.5
7/21/23 18:55,C,5.5
7/21/23 18:56,C,5.5
7/21/23 18:57,C,5.5
7/21/23 18:58,C,5.5
7/21/23 18:59,C,5.5
7/21/23 19:00,C,5.5
7/21/23 19:01,C,5.5
7/21/23 19:02,C,5.5
7/21/23 19:03,C,5.5
7/21/23 19:04,C,5.5
7/21/23 19:05,C,5.5
7/21/23 19:06,C,5.5
7/21/23 19:07,C,5.5
7/21/23 19:08,C,5.5
7/21/23 19:09,C,5.5
7/21/23 19:10,C,5.5
7/21/23 19:11,C,5.5
7/21/23 19:12,C,5.5
7/21/23 19:13,C,5.5
7/21/23 19:14,C,5.5
7/21/23 19:15,C,5.5
7/21/23 19:16,C,5.5
7/21/23 19:17,C,5
7/21/23 19:18,C,5
7/21/23 19:19,C,5
7/21/23 19:20,C,5
7/21/23 19:21,C,5
7/21/23 19:22,C,5
7/21/23 19:23,C,5
7/21/23 19:24,C,5
7/21/23 19:25,C,5
7/21/23 19:26,C,5
7/21/23 19:27,C,5
7/21/23 19:28,C,5
7/21/23 19:29,C,4.5
7/21/23 19:30,C,4.5
7/21/23 19:31,C,4.5
7/21/23 19:32,C,4.5
7/21/23 19:33,C,4
7/21/23 19:34,C,4
7/21/23 19:35,C,4
7/21/23 19:36,C,4
7/21/23 19:37,C,4
7/21/23 19:38,C,4
7/21/23 19:39,C,4
7/21/23 19:40,C,4
7/21/23 19:41,C,4
7/21/23 19:42,C,4
7/21/23 19:43,C,4
7/21/23 19:44,C,3.5
7/21/23 19:45,C,3.5
7/21/23 19:46,C,3.5
7/21/23 19:47,C,3.5
7/21/23 19:48,C,3.5
7/21/23 19:49,C,3.5
7/21/23 19:50,C,3.5
7/21/23 19:51,C,3.5
7/21/23 19:52,C,3.5
7/21/23 19:53,C,3.5
7/21/23 19:54,C,3.5
7/21/23 19:55,C,4
7/21/23 19:56,C,3.5
7/21/23 19:57,C,3.5
7/21/23 19:58,C,3.5
7/21/23 19:59,C,3.5
7/21/23 20:00,C,3.5
7/21/23 20:01,C,3.5
7/21/23 20:02,C,3.5
7/21/23 20:03,C,3.5
7/21/23 20:04,C,3.5
7/21/23 20:05,C,3.5
7/21/23 20:06,C,3.5
7/21/23 20:07,C,3.5
7/21/23 20:08,C,3.5
7/21/23 20:09,C,3.5
7/21/23 20:10,C,3.5
7/21/23 20:11,C,3.5
7/21/23 20:12,C,3.5
7/21/23 20:13,C,4
7/21/23 20:14,C,4
7/21/23 20:15,C,4
7/21/23 20:16,C,4
7/21/23 20:17,C,4
7/21/23 20:18,C,4
7/21/23 20:19,C,4
7/21/23 20:20,C,4
7/21/23 20:21,C,4
7/21/23 20:22,C,4
7/21/23 20:23,C,4
7/21/23 20:24,C,4
7/21/23 20:25,C,4
7/21/23 20:26,C,4
7/21/23 20:27,C,4
7/21/23 20:28,C,4
7/21/23 20:29,C,4
7/21/23 20:30,C,4
7/21/23 20:31,C,4
7/21/23 20:32,C,4
7/21/23 20:33,C,4
7/21/23 20:34,C,4
7/21/23 20:35,C,4
7/21/23 20:36,C,4
7/21/23 20:37,C,3.5
7/21/23 20:38,C,3.5
7/21/23 20:39,C,3.5
7/21/23 20:40,C,3.5
7/21/23 20:41,C,3.5
7/21/23 20:42,C,3.5
7/21/23 20:43,C,3.5
7/21/23 20:44,C,3.5
7/21/23 20:45,C,3.5
7/21/23 20:46,C,3.5
7/21/23 20:47,C,3.5
7/21/23 20:48,C,3.5
7/21/23 20:49,C,3.5
7/21/23 20:50,C,3.5
7/21/23 20:51,C,3.5
7/21/23 20:52,C,3.5
7/21/23 20:53,C,3.5
7/21/23 20:54,C,3.5
7/21/23 20:55,C,3.5
7/21/23 20:56,C,3.5
7/21/23 20:57,C,3.5
7/21/23 20:58,C,3.5
7/21/23 20:59,C,3.5
7/21/23 21:00,C,3.5
7/21/23 21:01,C,3.5
7/21/23 21:02,C,3.5
7/21/23 21:03,C,4
7/21/23 21:04,C,4
7/21/23 21:05,C,4
7/21/23 21:06,C,4
7/21/23 21:07,C,4
7/21/23 21:08,C,4
7/21/23 21:09,C,4
7/21/23 21:10,C,4
7/21/23 21:11,C,4
7/21/23 21:12,C,4
7/21/23 21:13,C,4
7/21/23 21:14,C,4
7/21/23 21:15,C,3.5
7/21/23 21:16,C,3.5
7/21/23 21:17,C,3.5
7/21/23 21:18,C,3.5
7/21/23 21:19,C,3.5
7/21/23 21:20,C,3
7/21/23 21:21,C,3
7/21/23 21:22,C,3
7/21/23 21:23,C,3
7/21/23 21:24,C,3
7/21/23 21:25,C,3
7/21/23 21:26,C,3
7/21/23 21:27,C,3
7/21/23 21:28,C,3
7/21/23 21:29,C,3
7/21/23 21:30,C,3
7/21/23 21:31,C,3
7/21/23 21:32,C,3
7/21/23 21:33,C,3
7/21/23 21:34,C,3.5
7/21/23 21:35,C,3.5
7/21/23 21:36,C,3.5
7/21/23 21:37,C,3.5
7/21/23 21:38,C,3.5
7/21/23 21:39,C,3.5
7/21/23 21:40,C,3.5
7/21/23 21:41,C,3.5
7/21/23 21:42,C,3.5
7/21/23 21:43,C,3.5
7/21/23 21:44,C,3.5
7/21/23 21:45,C,3.5
7/21/23 21:46,C,3.5
7/21/23 21:47,C,3.5
7/21/23 21:48,C,3.5
7/21/23 21:49,C,3.5
7/21/23 21:50,C,3.5
7/21/23 21:51,C,3.5
7/21/23 21:52,C,3.5
7/21/23 21:53,C,3.5
7/21/23 21:54,C,3.5
7/21/23 21:55,C,3.5
7/21/23 21:56,C,3.5
7/21/23 21:57,C,3.5
7/21/23 21:58,C,3.5
7/21/23 21:59,C,3.5
7/21/23 22:00,C,3.5
7/21/23 22:01,C,3.5
7/21/23 22:02,C,3.5
7/21/23 22:03,C,3.5
7/21/23 22:04,C,3.5
7/21/23 22:05,C,3.5
7/21/23 22:06,C,3.5
7/21/23 22:07,C,3.5
7/21/23 22:08,C,3.5
7/21/23 22:09,C,3.5
7/21/23 22:10,C,3.5
7/21/23 22:11,C,3.5
7/21/23 22:12,C,3.5
7/21/23 22:13,C,3.5
7/21/23 22:14,C,3.5
7/21/23 22:15,C,3.5
7/21/23 22:16,C,3.5
7/21/23 22:17,C,3.5
7/21/23 22:18,C,3.5
7/21/23 22:19,C,3.5
7/21/23 22:20,C,3.5
7/21/23 22:21,C,3.5
7/21/23 22:22,C,3.5
7/21/23 22:23,C,3.5
7/21/23 22:24,C,3.5
7/21/23 22:25,C,3.5
7/21/23 22:26,C,3.5
7/21/23 22:27,C,3.5
7/21/23 22:28,C,3.5
7/21/23 22:29,C,3.5
7/21/23 22:30,C,3.5
7/21/23 22:31,C,3.5
7/21/23 22:32,C,3.5
7/21/23 22:33,C,3.5
7/21/23 22:34,C,3.5
7/21/23 22:35,C,3.5
7/21/23 22:36,C,3.5
7/21/23 22:37,C,3.5
7/21/23 22:38,C,3.5
7/21/23 22:39,C,3.5
7/21/23 22:40,C,3
7/21/23 22:41,C,3
7/21/23 22:42,C,3.5
7/21/23 22:43,C,3
7/21/23 22:44,C,3
7/21/23 22:45,C,3
7/21/23 22:46,C,3
7/21/23 22:47,C,3
7/21/23 22:48,C,3
7/21/23 22:49,C,3
7/21/23 22:50,C,3
7/21/23 22:51,C,3
7/21/23 22:52,C,3.5
7/21/23 22:53,C,3.5
7/21/23 22:54,C,3.5
7/21/23 22:55,C,3.5
7/21/23 22:56,C,3
7/21/23 22:57,C,3
7/21/23 22:58,C,3
7/21/23 22:59,C,3
7/21/23 23:00,C,3
7/21/23 23:01,C,3
7/21/23 23:02,C,3
7/21/23 23:03,C,3
7/21/23 23:04,C,3
7/21/23 23:05,C,3
7/21/23 23:06,C,3
7/21/23 23:07,C,3
7/21/23 23:08,C,3
7/21/23 23:09,C,3
7/21/23 23:10,C,3
7/21/23 23:11,C,3
7/21/23 23:12,C,3
7/21/23 23:13,C,3
7/21/23 23:14,C,3
7/21/23 23:15,C,3
7/21/23 23:16,C,3
7/21/23 23:17,C,3
7/21/23 23:18,C,3
7/21/23 23:19,C,3
7/21/23 23:20,C,3.5
7/21/23 23:21,C,3.5
7/21/23 23:22,C,3.5
7/21/23 23:23,C,3.5
7/21/23 23:24,C,3.5
7/21/23 23:25,C,3.5
7/21/23 23:26,C,4
7/21/23 23:27,C,4
7/21/23 23:28,C,4
7/21/23 23:29,C,4
7/21/23 23:30,C,4
7/21/23 23:31,C,4
7/21/23 23:32,C,4
7/21/23 23:33,C,4.5
7/21/23 23:34,C,4.5
7/21/23 23:35,C,4.5
7/21/23 23:36,C,4.5
7/21/23 23:37,C,4.5
7/21/23 23:38,C,4.5
7/21/23 23:39,C,4.5
7/21/23 23:40,C,4.5
7/21/23 23:41,C,4.5
7/21/23 23:42,C,4.5
7/21/23 23:43,C,4.5
7/21/23 23:44,C,4.5
7/21/23 23:45,C,4.5
7/21/23 23:46,C,4.5
7/21/23 23:47,C,4.5
7/21/23 23:48,C,4.5
7/21/23 23:49,C,4.5
7/21/23 23:50,C,4.5
7/21/23 23:51,C,4.5
7/21/23 23:52,C,4.5
7/21/23 23:53,C,4.5
7/21/23 23:54,C,4.5
7/21/23 23:55,C,4.5
7/21/23 23:56,C,4.5
7/21/23 23:57,C,4
7/21/23 23:58,C,4
7/21/23 23:59,C,4
7/22/23 0:00,C,4
7/22/23 0:01,C,3.5
7/22/23 0:02,C,3.5
7/22/23 0:03,C,3.5
7/22/23 0:04,C,3.5
7/22/23 0:05,C,3.5
7/22/23 0:06,C,3.5
7/22/23 0:07,C,3.5
7/22/23 0:08,C,3.5
7/22/23 0:09,C,3.5
7/22/23 0:10,C,3.5
7/22/23 0:11,C,3.5
7/22/23 0:12,C,3.5
7/22/23 0:13,C,3.5
7/22/23 0:14,C,3.5
7/22/23 0:15,C,3.5
7/22/23 0:16,C,4
7/22/23 0:17,C,4
7/22/23 0:18,C,4
7/22/23 0:19,C,4
7/22/23 0:20,C,4
7/22/23 0:21,C,4
7/22/23 0:22,C,4
7/22/23 0:23,C,4
7/22/23 0:24,C,4
7/22/23 0:25,C,4
7/22/23 0:26,C,4
7/22/23 0:27,C,4
7/22/23 0:28,C,4
7/22/23 0:29,C,4
7/22/23 0:30,C,4
7/22/23 0:31,C,4
7/22/23 0:32,C,4
7/22/23 0:33,C,4
7/22/23 0:34,C,4
7/22/23 0:35,C,4
7/22/23 0:36,C,4
7/22/23 0:37,C,4
7/22/23 0:38,C,4
7/22/23 0:39,C,4
7/22/23 0:40,C,4
7/22/23 0:41,C,4
7/22/23 0:42,C,4
7/22/23 0:43,C,4
7/22/23 0:44,C,4
7/22/23 0:45,C,4
7/22/23 0:46,C,4
7/22/23 0:47,C,4
7/22/23 0:48,C,4
7/22/23 0:49,C,4
7/22/23 0:50,C,4
7/22/23 0:51,C,4
7/22/23 0:52,C,4
7/22/23 0:53,C,4
7/22/23 0:54,C,4
7/22/23 0:55,C,4
7/22/23 0:56,C,4
7/22/23 0:57,C,4
7/22/23 0:58,C,4
7/22/23 0:59,C,4
7/22/23 1:00,C,4
7/22/23 1:01,C,4
7/22/23 1:02,C,4
7/22/23 1:03,C,4
7/22/23 1:04,C,4
7/22/23 1:05,C,4
7/22/23 1:06,C,4
7/22/23 1:07,C,4
7/22/23 1:08,C,4
7/22/23 1:09,C,4
7/22/23 1:10,C,4
7/22/23 1:11,C,4
7/22/23 1:12,C,4
7/22/23 1:13,C,4
7/22/23 1:14,C,4
7/22/23 1:15,C,4
7/22/23 1:16,C,4
7/22/23 1:17,C,4
7/22/23 1:18,C,4
7/22/23 1:19,C,4
7/22/23 1:20,C,4
7/22/23 1:21,C,4
7/22/23 1:22,C,4
7/22/23 1:23,C,4
7/22/23 1:24,C,4
7/22/23 1:25,C,4
7/22/23 1:26,C,4
7/22/23 1:27,C,4
7/22/23 1:28,C,4
7/22/23 1:29,C,4
7/22/23 1:30,C,4
7/22/23 1:31,C,4
7/22/23 1:32,C,4
7/22/23 1:33,C,4
7/22/23 1:34,C,4
7/22/23 1:35,C,4
7/22/23 1:36,C,4
7/22/23 1:37,C,4
7/22/23 1:38,C,4.5
7/22/23 1:39,C,4.5
7/22/23 1:40,C,4.5
7/22/23 1:41,C,4.5
7/22/23 1:42,C,4.5
7/22/23 1:43,C,4.5
7/22/23 1:44,C,4.5
7/22/23 1:45,C,4.5
7/22/23 1:46,C,4.5
7/22/23 1:47,C,5
7/22/23 1:48,C,4.5
7/22/23 1:49,C,5
7/22/23 1:50,C,5
7/22/23 1:51,C,5
7/22/23 1:52,C,5
7/22/23 1:53,C,5
7/22/23 1:54,C,5
7/22/23 1:55,C,4.5
7/22/23 1:56,C,4.5
7/22/23 1:57,C,4.5
7/22/23 1:58,C,4.5
7/22/23 1:59,C,4.5
7/22/23 2:00,C,4
7/22/23 2:01,C,4
7/22/23 2:02,C,4
7/22/23 2:03,C,4
7/22/23 2:04,C,4
7/22/23 2:05,C,4
7/22/23 2:06,C,4
7/22/23 2:07,C,4
7/22/23 2:08,C,4
7/22/23 2:09,C,4
7/22/23 2:10,C,4
7/22/23 2:11,C,4
7/22/23 2:12,C,4
7/22/23 2:13,C,4
7/22/23 2:14,C,4
7/22/23 2:15,C,4
7/22/23 2:16,C,4
7/22/23 2:17,C,4
7/22/23 2:18,C,4
7/22/23 2:19,C,4
7/22/23 2:20,C,4
7/22/23 2:21,C,4
7/22/23 2:22,C,4
7/22/23 2:23,C,4
7/22/23 2:24,C,4
7/22/23 2:25,C,4.5
7/22/23 2:26,C,4.5
7/22/23 2:27,C,4.5
7/22/23 2:28,C,4.5
7/22/23 2:29,C,4.5
7/22/23 2:30,C,4.5
7/22/23 2:31,C,4.5
7/22/23 2:32,C,5
7/22/23 2:33,C,5
7/22/23 2:34,C,5
7/22/23 2:35,C,5
7/22/23 2:36,C,5
7/22/23 2:37,C,5
7/22/23 2:38,C,5
7/22/23 2:39,C,5.5
7/22/23 2:40,C,5.5
7/22/23 2:41,C,5.5
7/22/23 2:42,C,5.5
7/22/23 2:43,C,5.5
7/22/23 2:44,C,5.5
7/22/23 2:45,C,5.5
7/22/23 2:46,C,5
7/22/23 2:47,C,5
7/22/23 2:48,C,5
7/22/23 2:49,C,5
7/22/23 2:50,C,5
7/22/23 2:51,C,5
7/22/23 2:52,C,5
7/22/23 2:53,C,5
7/22/23 2:54,C,5
7/22/23 2:55,C,5
7/22/23 2:56,C,5
7/22/23 2:57,C,5
7/22/23 2:58,C,5
7/22/23 2:59,C,5
7/22/23 3:00,C,5
7/22/23 3:01,C,5
7/22/23 3:02,C,5
7/22/23 3:03,C,5
7/22/23 3:04,C,5
7/22/23 3:05,C,5
7/22/23 3:06,C,5.5
7/22/23 3:07,C,5.5
7/22/23 3:08,C,5.5
7/22/23 3:09,C,5.5
7/22/23 3:10,C,5.5
7/22/23 3:11,C,5.5
7/22/23 3:12,C,5.5
7/22/23 3:13,C,5.5
7/22/23 3:14,C,5.5
7/22/23 3:15,C,5.5
7/22/23 3:16,C,5.5
7/22/23 3:17,C,5.5
7/22/23 3:18,C,5.5
7/22/23 3:19,C,5.5
7/22/23 3:20,C,6
7/22/23 3:21,C,6
7/22/23 3:22,C,6
7/22/23 3:23,C,6
7/22/23 3:24,C,6
7/22/23 3:25,C,6
7/22/23 3:26,C,6
7/22/23 3:27,C,6
7/22/23 3:28,C,6
7/22/23 3:29,C,6
7/22/23 3:30,C,6
7/22/23 3:31,C,6
7/22/23 3:32,C,6
7/22/23 3:33,C,6
7/22/23 3:34,C,6
7/22/23 3:35,C,6
7/22/23 3:36,C,6
7/22/23 3:37,C,5.5
7/22/23 3:38,C,5.5
7/22/23 3:39,C,5.5
7/22/23 3:40,C,5.5
7/22/23 3:41,C,5.5
7/22/23 3:42,C,5
7/22/23 3:43,C,5
7/22/23 3:44,C,5
7/22/23 3:45,C,5
7/22/23 3:46,C,5
7/22/23 3:47,C,5
7/22/23 3:48,C,5
7/22/23 3:49,C,4.5
7/22/23 3:50,C,4.5
7/22/23 3:51,C,4.5
7/22/23 3:52,C,4.5
7/22/23 3:53,C,4.5
7/22/23 3:54,C,4.5
7/22/23 3:55,C,4.5
7/22/23 3:56,C,4.5
7/22/23 3:57,C,4.5
7/22/23 3:58,C,4.5
7/22/23 3:59,C,4.5
7/22/23 4:00,C,4.5
7/22/23 4:01,C,4.5
7/22/23 4:02,C,4.5
7/22/23 4:03,C,4.5
7/22/23 4:04,C,4.5
7/22/23 4:05,C,4.5
7/22/23 4:06,C,4.5
7/22/23 4:07,C,4.5
7/22/23 4:08,C,4.5
7/22/23 4:09,C,4.5
7/22/23 4:10,C,4.5
7/22/23 4:11,C,4.5
7/22/23 4:12,C,4.5
7/22/23 4:13,C,4.5
7/22/23 4:14,C,4.5
7/22/23 4:15,C,4.5
7/22/23 4:16,C,4.5
7/22/23 4:17,C,4.5
7/22/23 4:18,C,4.5
7/22/23 4:19,C,4.5
7/22/23 4:20,C,4.5
7/22/23 4:21,C,4.5
7/22/23 4:22,C,4.5
7/22/23 4:23,C,4.5
7/22/23 4:24,C,4.5
7/22/23 4:25,C,5
7/22/23 4:26,C,5
7/22/23 4:27,C,5
7/22/23 4:28,C,5
7/22/23 4:29,C,5
7/22/23 4:30,C,5
7/22/23 4:31,C,5
7/22/23 4:32,C,5
7/22/23 4:33,C,5
7/22/23 4:34,C,5
7/22/23 4:35,C,5
7/22/23 4:36,C,5
7/22/23 4:37,C,5
7/22/23 4:38,C,5
7/22/23 4:39,C,5
7/22/23 4:40,C,5
7/22/23 4:41,C,5
7/22/23 4:42,C,5
7/22/23 4:43,C,5
7/22/23 4:44,C,5
7/22/23 4:45,C,5
7/22/23 4:46,C,5
7/22/23 4:47,C,5
7/22/23 4:48,C,5
7/22/23 4:49,C,5
7/22/23 4:50,C,5
7/22/23 4:51,C,5
7/22/23 4:52,C,5
7/22/23 4:53,C,5
7/22/23 4:54,C,5
7/22/23 4:55,C,5
7/22/23 4:56,C,5
7/22/23 4:57,C,5
7/22/23 4:58,C,5
7/22/23 4:59,C,5
7/22/23 5:00,C,5
7/22/23 5:01,C,5.5
7/22/23 5:02,C,5.5
7/22/23 5:03,C,5.5
7/22/23 5:04,C,5.5
7/22/23 5:05,C,5.5
7/22/23 5:06,C,5.5
7/22/23 5:07,C,5.5
7/22/23 5:08,C,5.5
7/22/23 5:09,C,5.5
7/22/23 5:10,C,5.5
7/22/23 5:11,C,6
7/22/23 5:12,C,6
7/22/23 5:13,C,6
7/22/23 5:14,C,6
7/22/23 5:15,C,6
7/22/23 5:16,C,6
7/22/23 5:17,C,6.5
7/22/23 5:18,C,6.5
7/22/23 5:19,C,6.5
7/22/23 5:20,C,6.5
7/22/23 5:21,C,6.5
7/22/23 5:22,C,6.5
7/22/23 5:23,C,6.5
7/22/23 5:24,C,6
7/22/23 5:25,C,6
7/22/23 5:26,C,6
7/22/23 5:27,C,6
7/22/23 5:28,C,6
7/22/23 5:29,C,6
7/22/23 5:30,C,6
7/22/23 5:31,C,6
7/22/23 5:32,C,6
7/22/23 5:33,C,6
7/22/23 5:34,C,6
7/22/23 5:35,C,6
7/22/23 5:36,C,6
7/22/23 5:37,C,6
7/22/23 5:38,C,6
7/22/23 5:39,C,6
7/22/23 5:40,C,6.5
7/22/23 5:41,C,6.5
7/22/23 5:42,C,6.5
7/22/23 5:43,C,6.5
7/22/23 5:44,C,6.5
7/22/23 5:45,C,6.5
7/22/23 5:46,C,6.5
7/22/23 5:47,C,6.5
7/22/23 5:48,C,6
7/22/23 5:49,C,6
7/22/23 5:50,C,6
7/22/23 5:51,C,6
7/22/23 5:52,C,6
7/22/23 5:53,C,6
7/22/23 5:54,C,6
7/22/23 5:55,C,6
7/22/23 5:56,C,6
7/22/23 5:57,C,6
7/22/23 5:58,C,6
7/22/23 5:59,C,6
7/22/23 6:00,C,6
7/22/23 6:01,C,6
7/22/23 6:02,C,6
7/22/23 6:03,C,6
7/22/23 6:04,C,6
7/22/23 6:05,C,6
7/22/23 6:06,C,6
7/22/23 6:07,C,6.5
7/22/23 6:08,C,6.5
7/22/23 6:09,C,6.5
7/22/23 6:10,C,6.5
7/22/23 6:11,C,6.5
7/22/23 6:12,C,6
7/22/23 6:13,C,6
7/22/23 6:14,C,6
7/22/23 6:15,C,6
7/22/23 6:16,C,6
7/22/23 6:17,C,6
7/22/23 6:18,C,6
7/22/23 6:19,C,6
7/22/23 6:20,C,6
7/22/23 6:21,C,5.5
7/22/23 6:22,C,5.5
7/22/23 6:23,C,5.5
7/22/23 6:24,C,5.5
7/22/23 6:25,C,5.5
7/22/23 6:26,C,5.5
7/22/23 6:27,C,5.5
7/22/23 6:28,C,5.5
7/22/23 6:29,C,5.5
7/22/23 6:30,C,5.5
7/22/23 6:31,C,5.5
7/22/23 6:32,C,5.5
7/22/23 6:33,C,5.5
7/22/23 6:34,C,5.5
7/22/23 6:35,C,5.5
7/22/23 6:36,C,5.5
7/22/23 6:37,C,5.5
7/22/23 6:38,C,5.5
7/22/23 6:39,C,5.5
7/22/23 6:40,C,5.5
7/22/23 6:41,C,5.5
7/22/23 6:42,C,5.5
7/22/23 6:43,C,6
7/22/23 6:44,C,6
7/22/23 6:45,C,6
7/22/23 6:46,C,6
7/22/23 6:47,C,6
7/22/23 6:48,C,6
7/22/23 6:49,C,6
7/22/23 6:50,C,6
7/22/23 6:51,C,6
7/22/23 6:52,C,6
7/22/23 6:53,C,6
7/22/23 6:54,C,6
7/22/23 6:55,C,6
7/22/23 6:56,C,6
7/22/23 6:57,C,6
7/22/23 6:58,C,6
7/22/23 6:59,C,6
7/22/23 7:00,C,6
7/22/23 7:01,C,6.5
7/22/23 7:02,C,6.5
7/22/23 7:03,C,6.5
7/22/23 7:04,C,6.5
7/22/23 7:05,C,6.5
7/22/23 7:06,C,6.5
7/22/23 7:07,C,6.5
7/22/23 7:08,C,6.5
7/22/23 7:09,C,6.5
7/22/23 7:10,C,6.5
7/22/23 7:11,C,6.5
7/22/23 7:12,C,6.5
7/22/23 7:13,C,6.5
7/22/23 7:14,C,6.5
7/22/23 7:15,C,6.5
7/22/23 7:16,C,6.5
7/22/23 7:17,C,6.5
7/22/23 7:18,C,6.5
7/22/23 7:19,C,6.5
7/22/23 7:20,C,6.5
7/22/23 7:21,C,6.5
7/22/23 7:22,C,6.5
7/22/23 7:23,C,6.5
7/22/23 7:24,C,6.5
7/22/23 7:25,C,6.5
7/22/23 7:26,C,6.5
7/22/23 7:27,C,6.5
7/22/23 7:28,C,6.5
7/22/23 7:29,C,6.5
7/22/23 7:30,C,6.5
7/22/23 7:31,C,6.5
7/22/23 7:32,C,6.5
7/22/23 7:33,C,6.5
7/22/23 7:34,C,6.5
7/22/23 7:35,C,7
7/22/23 7:36,C,7
7/22/23 7:37,C,7
7/22/23 7:38,C,7
7/22/23 7:39,C,7
7/22/23 7:40,C,7
7/22/23 7:41,C,7
7/22/23 7:42,C,7
7/22/23 7:43,C,7
7/22/23 7:44,C,7
7/22/23 7:45,C,7
7/22/23 7:46,C,7
7/22/23 7:47,C,7
7/22/23 7:48,C,7
7/22/23 7:49,C,7
7/22/23 7:50,C,7
7/22/23 7:51,C,7
7/22/23 7:52,C,7
7/22/23 7:53,C,7
7/22/23 7:54,C,7
7/22/23 7:55,C,7
7/22/23 7:56,C,7
7/22/23 7:57,C,7
7/22/23 7:58,C,7
7/22/23 7:59,C,7
7/22/23 8:00,C,7
7/22/23 8:01,C,7
7/22/23 8:02,C,7
7/22/23 8:03,C,7
7/22/23 8:04,C,7
7/22/23 8:05,C,7
7/22/23 8:06,C,7
7/22/23 8:07,C,7
7/22/23 8:08,C,7
7/22/23 8:09,C,7
7/22/23 8:10,C,7
7/22/23 8:11,C,7
7/22/23 8:12,C,7
7/22/23 8:13,C,7
7/22/23 8:14,C,7
7/22/23 8:15,C,7
7/22/23 8:16,C,7
7/22/23 8:17,C,7
7/22/23 8:18,C,7
7/22/23 8:19,C,7
7/22/23 8:20,C,7
7/22/23 8:21,C,7
7/22/23 8:22,C,6.5
7/22/23 8:23,C,6.5
7/22/23 8:24,C,6.5
7/22/23 8:25,C,6.5
7/22/23 8:26,C,6.5
7/22/23 8:27,C,6.5
7/22/23 8:28,C,6.5
7/22/23 8:29,C,6.5
7/22/23 8:30,C,6.5
7/22/23 8:31,C,6.5
7/22/23 8:32,C,6.5
7/22/23 8:33,C,6.5
7/22/23 8:34,C,6.5
7/22/23 8:35,C,6.5
7/22/23 8:36,C,6.5
7/22/23 8:37,C,6.5
7/22/23 8:38,C,6.5
7/22/23 8:39,C,6.5
7/22/23 8:40,C,6.5
7/22/23 8:41,C,6.5
7/22/23 8:42,C,6.5
7/22/23 8:43,C,6.5
7/22/23 8:44,C,6
7/22/23 8:45,C,6
7/22/23 8:46,C,6
7/22/23 8:47,C,6
7/22/23 8:48,C,6
7/22/23 8:49,C,6
7/22/23 8:50,C,6
7/22/23 8:51,C,6
7/22/23 8:52,C,6
7/22/23 8:53,C,6
7/22/23 8:54,C,6
7/22/23 8:55,C,6
7/22/23 8:56,C,6
7/22/23 8:57,C,6
7/22/23 8:58,C,6
7/22/23 8:59,C,6.5
7/22/23 9:00,C,6.5
7/22/23 9:01,C,6.5
7/22/23 9:02,C,6.5
7/22/23 9:03,C,6.5
7/22/23 9:04,C,6.5
7/22/23 9:05,C,6.5
7/22/23 9:06,C,6.5
7/22/23 9:07,C,6.5
7/22/23 9:08,C,6.5
7/22/23 9:09,C,6.5
7/22/23 9:10,C,6.5
7/22/23 9:11,C,6.5
7/22/23 9:12,C,6.5
7/22/23 9:13,C,6.5
7/22/23 9:14,C,6.5
7/22/23 9:15,C,6.5
7/22/23 9:16,C,6.5
7/22/23 9:17,C,6.5
7/22/23 9:18,C,6.5
7/22/23 9:19,C,6.5
7/22/23 9:20,C,6
7/22/23 9:21,C,6
7/22/23 9:22,C,6
7/22/23 9:23,C,6
7/22/23 9:24,C,6
7/22/23 9:25,C,6
7/22/23 9:26,C,6
7/22/23 9:27,C,6
7/22/23 9:28,C,6
7/22/23 9:29,C,6
7/22/23 9:30,C,6
7/22/23 9:31,C,6
7/22/23 9:32,C,6
7/22/23 9:33,C,6
7/22/23 9:34,C,6
7/22/23 9:35,C,5.5
7/22/23 9:36,C,5.5
7/22/23 9:37,C,5.5
7/22/23 9:38,C,5.5
7/22/23 9:39,C,5.5
7/22/23 9:40,C,6
7/22/23 9:41,C,6
7/22/23 9:42,C,6
7/22/23 9:43,C,6
7/22/23 9:44,C,6
7/22/23 9:45,C,6
7/22/23 9:46,C,6
7/22/23 9:47,C,6
7/22/23 9:48,C,6
7/22/23 9:49,C,6.5
7/22/23 9:50,C,6.5
7/22/23 9:51,C,6.5
7/22/23 9:52,C,6.5
7/22/23 9:53,C,6.5
7/22/23 9:54,C,6.5
7/22/23 9:55,C,6.5
7/22/23 9:56,C,6.5
7/22/23 9:57,C,6.5
7/22/23 9:58,C,6.5
7/22/23 9:59,C,6.5
7/22/23 10:00,C,6.5
7/22/23 10:01,C,6.5
7/22/23 10:02,C,6.5
7/22/23 10:03,C,6.5
7/22/23 10:04,C,6.5
7/22/23 10:05,C,6.5
7/22/23 10:06,C,6.5
7/22/23 10:07,C,6.5
7/22/23 10:08,C,6.5
7/22/23 10:09,C,6.5
7/22/23 10:10,C,6
7/22/23 10:11,C,6
7/22/23 10:12,C,6
7/22/23 10:13,C,6
7/22/23 10:14,C,6
7/22/23 10:15,C,6
7/22/23 10:16,C,6.5
7/22/23 10:17,C,6.5
7/22/23 10:18,C,6.5
7/22/23 10:19,C,6.5
7/22/23 10:20,C,6.5
7/22/23 10:21,C,6.5
7/22/23 10:22,C,7
7/22/23 10:23,C,7
7/22/23 10:24,C,7
7/22/23 10:25,C,7
7/22/23 10:26,C,7
7/22/23 10:27,C,7
7/22/23 10:28,C,7
7/22/23 10:29,C,7
7/22/23 10:30,C,7
7/22/23 10:31,C,7
7/22/23 10:32,C,7
7/22/23 10:33,C,7
7/22/23 10:34,C,7
7/22/23 10:35,C,7
7/22/23 10:36,C,7
7/22/23 10:37,C,7
7/22/23 10:38,C,7
7/22/23 10:39,C,7
7/22/23 10:40,C,7
7/22/23 10:41,C,7
7/22/23 10:42,C,7
7/22/23 10:43,C,7
7/22/23 10:44,C,7
7/22/23 10:45,C,7
7/22/23 10:46,C,7
7/22/23 10:47,C,7
7/22/23 10:48,C,7
7/22/23 10:49,C,7.5
7/22/23 10:50,C,7
7/22/23 10:51,C,7
7/22/23 10:52,C,7
7/22/23 10:53,C,7
7/22/23 10:54,C,7
7/22/23 10:55,C,7
7/22/23 10:56,C,7
7/22/23 10:57,C,7
7/22/23 10:58,C,7
7/22/23 10:59,C,7
7/22/23 11:00,C,7
7/22/23 11:01,C,7
7/22/23 11:02,C,7
7/22/23 11:03,C,7
7/22/23 11:04,C,7
7/22/23 11:05,C,7
7/22/23 11:06,C,7
7/22/23 11:07,C,7
7/22/23 11:08,C,7
7/22/23 11:09,C,7
7/22/23 11:10,C,7
7/22/23 11:11,C,7
7/22/23 11:12,C,7
7/22/23 11:13,C,7
7/22/23 11:14,C,7
7/22/23 11:15,C,7
7/22/23 11:16,C,7
7/22/23 11:17,C,7
7/22/23 11:18,C,6.5
7/22/23 11:19,C,6.5
7/22/23 11:20,C,6.5
7/22/23 11:21,C,6.5
7/22/23 11:22,C,6.5
7/22/23 11:23,C,6.5
7/22/23 11:24,C,6.5
7/22/23 11:25,C,6.5
7/22/23 11:26,C,6.5
7/22/23 11:27,C,6
7/22/23 11:28,C,6
7/22/23 11:29,C,6
7/22/23 11:30,C,6
7/22/23 11:31,C,6
7/22/23 11:32,C,6.5
7/22/23 11:33,C,6.5
7/22/23 11:34,C,6.5
7/22/23 11:35,C,6.5
7/22/23 11:36,C,6
7/22/23 11:37,C,6
7/22/23 11:38,C,6
7/22/23 11:39,C,6
7/22/23 11:40,C,6
7/22/23 11:41,C,6
7/22/23 11:42,C,6
7/22/23 11:43,C,6
7/22/23 11:44,C,6
7/22/23 11:45,C,6
7/22/23 11:46,C,6
7/22/23 11:47,C,6
7/22/23 11:48,C,6
7/22/23 11:49,C,6
7/22/23 11:50,C,6
7/22/23 11:51,C,6
7/22/23 11:52,C,6
7/22/23 11:53,C,6
7/22/23 11:54,C,6
7/22/23 11:55,C,6
7/22/23 11:56,C,6
7/22/23 11:57,C,6
7/22/23 11:58,C,6
7/22/23 11:59,C,6
7/22/23 12:00,C,6
7/22/23 12:01,C,6
7/22/23 12:02,C,6
7/22/23 12:03,C,6
7/22/23 12:04,C,6
7/22/23 12:05,C,6
7/22/23 12:06,C,6
7/22/23 12:07,C,6.5
7/22/23 12:08,C,6.5
7/22/23 12:09,C,6.5
7/22/23 12:10,C,6.5
7/22/23 12:11,C,6.5
7/22/23 12:12,C,6.5
7/22/23 12:13,C,6.5
7/22/23 12:14,C,6.5
7/22/23 12:15,C,6.5
7/22/23 12:16,C,6.5
7/22/23 12:17,C,6.5
7/22/23 12:18,C,6.5
7/22/23 12:19,C,6.5
7/22/23 12:20,C,6.5
7/22/23 12:21,C,6.5
7/22/23 12:22,C,6.5
7/22/23 12:23,C,6
7/22/23 12:24,C,6
7/22/23 12:25,C,6
7/22/23 12:26,C,6
7/22/23 12:27,C,6
7/22/23 12:28,C,6
7/22/23 12:29,C,6
7/22/23 12:30,C,6
7/22/23 12:31,C,6.5
7/22/23 12:32,C,6.5
7/22/23 12:33,C,6.5
7/22/23 12:34,C,6.5
7/22/23 12:35,C,6.5
7/22/23 12:36,C,6.5
7/22/23 12:37,C,6.5
7/22/23 12:38,C,6
7/22/23 12:39,C,6
7/22/23 12:40,C,6
7/22/23 12:41,C,6
7/22/23 12:42,C,6
7/22/23 12:43,C,6
7/22/23 12:44,C,6
7/22/23 12:45,C,6
7/22/23 12:46,C,6
7/22/23 12:47,C,6
7/22/23 12:48,C,6
7/22/23 12:49,C,6
7/22/23 12:50,C,6
7/22/23 12:51,C,6
7/22/23 12:52,C,6
7/22/23 12:53,C,6
7/22/23 12:54,C,6
7/22/23 12:55,C,6
7/22/23 12:56,C,6
7/22/23 12:57,C,6
7/22/23 12:58,C,6
7/22/23 12:59,C,6
7/22/23 13:00,C,6
7/22/23 13:01,C,6
7/22/23 13:02,C,6
7/22/23 13:03,C,6
7/22/23 13:04,C,6.5
7/22/23 13:05,C,6.5
7/22/23 13:06,C,6.5
7/22/23 13:07,C,6.5
7/22/23 13:08,C,6.5
7/22/23 13:09,C,7
7/22/23 13:10,C,7
7/22/23 13:11,C,7
7/22/23 13:12,C,7
7/22/23 13:13,C,7
7/22/23 13:14,C,7
7/22/23 13:15,C,7
7/22/23 13:16,C,7
7/22/23 13:17,C,7
7/22/23 13:18,C,7
7/22/23 13:19,C,7
7/22/23 13:20,C,7
7/22/23 13:21,C,7
7/22/23 13:22,C,7
7/22/23 13:23,C,7
7/22/23 13:24,C,7
7/22/23 13:25,C,7
7/22/23 13:26,C,7
7/22/23 13:27,C,7
7/22/23 13:28,C,7
7/22/23 13:29,C,7
7/22/23 13:30,C,7
7/22/23 13:31,C,7
7/22/23 13:32,C,7
7/22/23 13:33,C,7
7/22/23 13:34,C,7
7/22/23 13:35,C,7
7/22/23 13:36,C,7
7/22/23 13:37,C,7
7/22/23 13:38,C,7
7/22/23 13:39,C,7
7/22/23 13:40,C,7
7/22/23 13:41,C,7
7/22/23 13:42,C,7
7/22/23 13:43,C,7
7/22/23 13:44,C,7
7/22/23 13:45,C,7
7/22/23 13:46,C,6.5
7/22/23 13:47,C,6.5
7/22/23 13:48,C,6.5
7/22/23 13:49,C,6.5
7/22/23 13:50,C,6.5
7/22/23 13:51,C,7
7/22/23 13:52,C,7
7/22/23 13:53,C,7
7/22/23 13:54,C,7
7/22/23 13:55,C,7
7/22/23 13:56,C,7
7/22/23 13:57,C,7
7/22/23 13:58,C,7
7/22/23 13:59,C,7
7/22/23 14:00,C,7
7/22/23 14:01,C,7
7/22/23 14:02,C,7
7/22/23 14:03,C,7
7/22/23 14:04,C,7
7/22/23 14:05,C,7
7/22/23 14:06,C,7
7/22/23 14:07,C,7
7/22/23 14:08,C,6.5
7/22/23 14:09,C,6.5
7/22/23 14:10,C,6.5
7/22/23 14:11,C,6.5
7/22/23 14:12,C,6.5
7/22/23 14:13,C,6.5
7/22/23 14:14,C,6.5
7/22/23 14:15,C,6.5
7/22/23 14:16,C,6.5
7/22/23 14:17,C,6.5
7/22/23 14:18,C,6.5
7/22/23 14:19,C,6.5
7/22/23 14:20,C,6
7/22/23 14:21,C,6
7/22/23 14:22,C,6
7/22/23 14:23,C,6
7/22/23 14:24,C,6
7/22/23 14:25,C,6
7/22/23 14:26,C,6
7/22/23 14:27,C,6
7/22/23 14:28,C,6
7/22/23 14:29,C,6
7/22/23 14:30,C,6
7/22/23 14:31,C,6
7/22/23 14:32,C,6
7/22/23 14:33,C,6
7/22/23 14:34,C,6
7/22/23 14:35,C,6
7/22/23 14:36,C,6
7/22/23 14:37,C,6
7/22/23 14:38,C,6
7/22/23 14:39,C,6
7/22/23 14:40,C,6
7/22/23 14:41,C,6
7/22/23 14:42,C,6
7/22/23 14:43,C,6
7/22/23 14:44,C,5.5
7/22/23 14:45,C,5.5
7/22/23 14:46,C,5.5
7/22/23 14:47,C,5.5
7/22/23 14:48,C,5.5
7/22/23 14:49,C,5.5
7/22/23 14:50,C,5.5
7/22/23 14:51,C,5.5
7/22/23 14:52,C,5.5
7/22/23 14:53,C,5.5
7/22/23 14:54,C,5.5
7/22/23 14:55,C,5.5
7/22/23 14:56,C,5.5
7/22/23 14:57,C,5.5
7/22/23 14:58,C,5.5
7/22/23 14:59,C,5.5
7/22/23 15:00,C,5.5
7/22/23 15:01,C,5.5
7/22/23 15:02,C,5.5
7/22/23 15:03,C,5.5
7/22/23 15:04,C,6
7/22/23 15:05,C,6
7/22/23 15:06,C,6
7/22/23 15:07,C,6
7/22/23 15:08,C,6
7/22/23 15:09,C,6.5
7/22/23 15:10,C,6.5
7/22/23 15:11,C,6.5
7/22/23 15:12,C,6.5
7/22/23 15:13,C,6.5
7/22/23 15:14,C,6.5
7/22/23 15:15,C,6.5
7/22/23 15:16,C,6.5
7/22/23 15:17,C,6.5
7/22/23 15:18,C,6.5
7/22/23 15:19,C,6.5
7/22/23 15:20,C,6.5
7/22/23 15:21,C,6.5
7/22/23 15:22,C,6.5
7/22/23 15:23,C,6.5
7/22/23 15:24,C,6.5
7/22/23 15:25,C,6.5
7/22/23 15:26,C,6.5
7/22/23 15:27,C,6.5
7/22/23 15:28,C,7
7/22/23 15:29,C,7
7/22/23 15:30,C,7
7/22/23 15:31,C,7
7/22/23 15:32,C,7.5
7/22/23 15:33,C,7.5
7/22/23 15:34,C,7.5
7/22/23 15:35,C,7.5
7/22/23 15:36,C,7.5
7/22/23 15:37,C,7.5
7/22/23 15:38,C,7.5
7/22/23 15:39,C,8
7/22/23 15:40,C,8
7/22/23 15:41,C,8
7/22/23 15:42,C,8
7/22/23 15:43,C,8
7/22/23 15:44,C,8
7/22/23 15:45,C,8
7/22/23 15:46,C,8
7/22/23 15:47,C,8
7/22/23 15:48,C,7.5
7/22/23 15:49,C,7.5
7/22/23 15:50,C,7.5
7/22/23 15:51,C,7.5
7/22/23 15:52,C,7.5
7/22/23 15:53,C,7
7/22/23 15:54,C,7
7/22/23 15:55,C,7
7/22/23 15:56,C,7
7/22/23 15:57,C,7
7/22/23 15:58,C,7
7/22/23 15:59,C,7
7/22/23 16:00,C,7
7/22/23 16:01,C,6.5
7/22/23 16:02,C,6.5
7/22/23 16:03,C,6
7/22/23 16:04,C,6
7/22/23 16:05,C,6
7/22/23 16:06,C,5.5
7/22/23 16:07,C,5.5
7/22/23 16:08,C,5.5
7/22/23 16:09,C,5.5
7/22/23 16:10,C,5.5
7/22/23 16:11,C,5.5
7/22/23 16:12,C,5.5
7/22/23 16:13,C,6
7/22/23 16:14,C,6
7/22/23 16:15,C,6
7/22/23 16:16,C,6
7/22/23 16:17,C,6
7/22/23 16:18,C,6
7/22/23 16:19,C,5.5
7/22/23 16:20,C,5.5
7/22/23 16:21,C,5
7/22/23 16:22,C,5
7/22/23 16:23,C,5
7/22/23 16:24,C,5
7/22/23 16:25,C,5.5
7/22/23 16:26,C,5.5
7/22/23 16:27,C,5.5
7/22/23 16:28,C,5.5
7/22/23 16:29,C,6
7/22/23 16:30,C,6
7/22/23 16:31,C,6
7/22/23 16:32,C,6
7/22/23 16:33,C,6
7/22/23 16:34,C,6
7/22/23 16:35,C,6
7/22/23 16:36,C,6
7/22/23 16:37,C,6
7/22/23 16:38,C,6
7/22/23 16:39,C,6
7/22/23 16:40,C,6.5
7/22/23 16:41,C,6.5
7/22/23 16:42,C,6.5
7/22/23 16:43,C,6.5
7/22/23 16:44,C,7
7/22/23 16:45,C,7
7/22/23 16:46,C,7
7/22/23 16:47,C,7
7/22/23 16:48,C,7
7/22/23 16:49,C,7
7/22/23 16:50,C,7
7/22/23 16:51,C,7
7/22/23 16:52,C,7
7/22/23 16:53,C,7
7/22/23 16:54,C,7
7/22/23 16:55,C,7
7/22/23 16:56,C,7
7/22/23 16:57,C,7
7/22/23 16:58,C,7
7/22/23 16:59,C,7
7/22/23 17:00,C,7
7/22/23 17:01,C,7
7/22/23 17:02,C,7
7/22/23 17:03,C,7
7/22/23 17:04,C,6.5
7/22/23 17:05,C,6.5
7/22/23 17:06,C,6.5
7/22/23 17:07,C,7
7/22/23 17:08,C,7
7/22/23 17:09,C,7.5
7/22/23 17:10,C,7.5
7/22/23 17:11,C,8
7/22/23 17:12,C,8
7/22/23 17:13,C,8.5
7/22/23 17:14,C,8.5
7/22/23 17:15,C,8.5
7/22/23 17:16,C,10
7/22/23 17:17,C,11.5
7/22/23 17:18,C,12
7/22/23 17:19,C,12.5
7/22/23 17:20,C,12.5
7/22/23 17:21,C,13
7/22/23 17:22,C,13
7/22/23 17:23,C,13
7/22/23 17:24,C,13.5
7/22/23 17:25,C,13.5
7/22/23 17:26,C,13.5
7/22/23 17:27,C,13.5
7/22/23 17:28,C,14
7/22/23 17:29,C,14.5
7/22/23 17:30,C,14.5
7/22/23 17:31,C,14.5
7/22/23 17:32,C,14.5
7/22/23 17:33,C,14.5