sensor_key,site_name,sensor_height,sensor_id,column_index,PC1_loading,PC2_loading,PC3_loading,PC4_loading,PC5_loading,PC6_loading,PC7_loading,PC8_loading,PC9_loading,PC10_loading,PC11_loading,PC12_loading,PC13_loading,PC14_loading,PC15_loading,PC16_loading,PC17_loading,PC18_loading,PC19_loading,PC20_loading,PC21_loading,PC22_loading,PC23_loading,PC24_loading,PC25_loading,PC26_loading,PC27_loading,PC28_loading,PC29_loading,PC30_loading,PC31_loading,PC32_loading
B02_2m_22133680,B02,2m,22133680,0,0.7046071750471079,0.5931367683518226,-0.3014148513350313,0.0938739970168253,-0.09853389095687129,0.06292761374529215,0.007843285010778307,-0.02965378649549187,0.01840425170838146,-0.016554859104926562,-0.01369650915599552,-0.005745097863198367,0.04185935859057449,0.0004553352482082812,-0.044862586966648105,-0.026996504632725706,0.06274023709168096,0.08819756844818749,-0.14531073038269376,0.0002551726127753442,0.010261146126030646,0.007143266475500396,0.010255758169509412,-0.014104267255422739,0.025193033279996203,-0.006394413909758165,0.004436826396524002,0.0006313370044381904,-0.0239827915518005,0.004804009547079598,-0.0035115597967166467,0.003429685446651158
E03_1m_22133626,E03,1m,22133626,1,0.7976194463005569,-0.3245279617446925,-0.29494384190995704,-0.30957871967628114,-0.030562198736609824,-0.10200390538321331,-0.030388816708486147,-0.12812295924777567,0.023288177082039504,-0.03990830597060939,0.09233389361078065,-0.09477579197822256,-0.053385759855056364,-0.030755753159075548,-0.1352778382367057,0.06497959444011667,0.03270831631812523,-0.022987730292625297,0.013371312168833178,-0.022819910397681303,0.006618932861200767,-0.010337801705638782,0.003216587917002516,0.002138779702918769,0.00679526306661968,-0.006738624366577801,0.0009232461550237968,0.007968957140922954,-0.004679196377018186,-0.022323967917312847,-0.007724854505959995,-0.014960741103981033
C02_1m_22133625,C02,1m,22133625,2,0.878104132871461,0.04138229028810209,0.23006790125673407,-0.07242598422195622,0.08756063662837349,-0.18384578868643248,0.28334941755256116,0.05324214623283729,0.1589102410736903,0.03911424556937471,0.07496480021423904,0.07470134075213829,-0.018851621799484825,-0.048407013560663945,0.0003716086115756312,-0.05194618393968774,0.0022107748415602464,0.0014453296261776817,-0.0162064289821773,-0.025539840551065337,0.013164711972568183,-0.035143549360137374,-0.004079546353717908,-0.007939568271185403,-0.0076008728267915274,0.01956348378011708,0.00563554908641712,0.02369693494537058,-0.006604321513254924,0.008605454967083483,0.0013831588090564765,0.0026376484034706083
TKG4_2m_22133650,TKG4,2m,22133650,3,0.8583469865028085,0.16024501409221753,0.3449411073818801,-0.16519201288884727,0.03064650780257066,-0.021901451898690423,0.12612051216364756,-0.02314313284552619,-0.12787270919173224,-0.11421842485539348,-0.08257155624370625,-0.08713564585590504,0.05354757953510981,0.03448581555854651,-0.018253697785706895,0.06854062931397689,-0.13447988792249646,0.005406352333187184,-0.03489033928200767,0.04156017538671585,0.018515573708046983,0.010589899056428046,0.020261824451114605,0.018546898224155676,-0.0005533085648317414,0.016693829416879177,0.019683483710056515,0.006525295685229319,-0.0013197634485101466,-0.006363563794299233,-0.002192114071779782,0.001395935212663301
E04_1m_22133657,E04,1m,22133657,4,0.7947910706314535,-0.3826635435998365,-0.32230185342349377,-0.22319251850103583,-0.029103945651140502,-0.1309680946305686,-0.09037475214760993,0.05357490653974576,-0.022968215775312297,-0.10852947582201197,0.013875460311666987,-0.009761956398273802,0.023858653275094274,0.02037853775505732,0.1329239368794032,-0.08853862485137655,-0.025015690660790738,0.02060437281598918,-0.015559420221648934,-0.01605976884593682,0.005831807694395076,-0.008762146941115682,0.002169078750244158,0.000742628229654237,0.0062354717408735815,-0.007267419265006873,0.003766155486938896,0.003467071975531569,0.00640335323745736,-0.014885763417952337,-0.003294780816705509,0.0036465665938721988
B03_2m_22133635,B03,2m,22133635,5,0.670223432814265,0.6108107646947397,-0.3129097965303163,0.08464881093036458,-0.08681680715334114,-0.011636768983651404,-0.021254847478323617,0.017536924068380005,0.07956985951403026,-0.08458990441342719,-0.019433127010377364,0.11044295925692518,-0.01960842274121969,0.1475963560437579,-0.029116379101836974,0.0021263382680357765,0.010628623099359353,-0.1078712197647898,-0.06576313743167479,-0.0007534024299954831,-0.007320892852101067,0.0017834245999899855,0.013497200650184319,-0.009877157853923152,-0.00572932004213775,0.017884983749752406,-0.011641576643096358,0.003443486694662792,0.02517719099110583,-0.006602544649585127,0.0030882352112016416,-0.0032854336832416797
G01_2m_22133648,G01,2m,22133648,6,0.8827899299040564,0.034081688503666364,0.2836581267178583,-0.060078731918092494,-0.10227239801370716,0.051441346582917165,-0.24013062238554353,-0.0483630480348361,0.018484485494821207,0.020665679548675323,0.04675602044835558,0.1855685918981968,-0.09995767691530125,-0.09429533604533134,-0.0010490860202952456,0.01710608224033913,-0.06501248263912676,0.025675659990911256,-0.021863991877189615,0.029867568690966798,0.005125504246143745,-0.019026424761410105,-0.017087260503232803,-0.020203193735559462,0.00028773014627656517,0.015792216042381815,0.006064771764649907,-0.02230446594549012,-0.003417424617938744,-0.01119316577547096,-0.0015141230894219913,-0.0005998250655408196
TKG4_1m_22133682,TKG4,1m,22133682,7,0.8746214675829052,0.1615973382772228,0.3342503476207228,-0.17207443597319133,0.016394421948161195,-0.03674947927235355,0.08070879923755857,-0.032851645401038534,-0.11518392598352224,-0.09222044920284693,-0.08179862187693976,-0.07708596017634299,0.05549985849759029,0.026747586105231227,-0.012219906346739091,0.046594324285958645,-0.11640792601236177,-0.0042676070039188675,-0.052956983566423574,-0.03470464312181783,-0.023490539617631177,-0.01056876047332459,-0.02406883902175552,-0.023636404585564798,0.00013432881281427695,-0.020046764745988068,-0.021725522980660317,-0.005899467017613377,0.0023246879900552433,0.00703742744716005,0.0016375057093334035,-0.002226600833410472
E01_1m_22133647,E01,1m,22133647,8,0.8406369390517457,-0.2810140554244559,-0.07186330307282861,0.2748419188207923,0.05424681200082788,0.2537933745315854,0.13615599983023993,-0.004706507159119484,-0.05197214220994063,-0.1463420956385173,0.0589122088514638,-0.02150658656857453,-0.14052144580243833,0.00039826818546082385,0.0013006209658049269,-0.020850841407552192,-0.011565349975982898,0.009493581351326377,0.008151926020885826,-0.019917231895638543,0.006782242567173079,-0.011768250918206121,0.003011133480940984,0.002898376808477226,0.010830017769832494,-0.008208741737401362,0.004366446041084142,-0.004556265746596283,0.009185706687723514,-0.009337253626047717,0.0077191902971460976,0.023829631737995897
G04_2m_22133651,G04,2m,22133651,9,0.8710148549838573,-0.1819529105879441,0.06813252061400503,0.05918286780423309,0.0019478599315119623,-0.11105779615666511,-0.02177880650691949,0.319044688382608,-0.029612503380323927,-0.0012242016927732835,-0.0754316537433449,0.0265880209242248,-0.06616793590397943,0.033493498876931614,0.07173654021203894,0.2359299923256192,0.11062569196004898,0.04292793028280847,-0.015507254726060874,-0.006563379638447506,0.0025238072559736094,-0.0031217216266849587,-0.0004862820497366331,0.002110858858302045,0.0010468285799787099,-0.00010025633638695087,-0.0003119452638969503,-0.0013434672966503975,-0.0002621476809477535,0.00037390220850249013,-0.0009532378661288012,0.00030539202115021746
B01_1m_22133671,B01,1m,22133671,10,0.7822429060108544,0.4973652915070618,-0.215584322993605,0.017411226815869377,-0.0676370983560584,-0.02899052103111382,0.056878610839024124,-0.006553023398431141,-0.11030676886845689,0.09391243991999955,0.046179883213609406,-0.10588219521795983,-0.029978544130909623,-0.15745281016417695,0.1068557646803234,0.03538458843610396,-0.02414760669351733,-0.047281782904015794,0.10167088998781688,0.0008171659133725146,-0.009151378983683114,0.009642503035189947,0.022778387445717207,-0.026834488266394493,0.017697927598867142,0.010510144272400618,-0.005851980345314438,0.0038021602863108264,0.0021272499792874414,0.0014654763566370951,0.0015023818208321064,-0.00019001943278993568
D01_1m_22133652,D01,1m,22133652,11,0.860102013723535,-0.11793443448234896,0.1430984697180965,0.34855229689172224,0.08134721910851642,-0.08518378614070361,-0.06538677836265204,-0.019246970113621566,-0.1361148026011719,0.00908785813795172,0.21131797022837534,0.016780262873560416,0.1412532410839373,0.027182706595429998,-0.022517118121444205,-0.000834627790514886,0.00039106714471684906,-0.018460007513953196,0.009147580909586955,-0.02787505543823452,0.018389161122931343,0.0010905692853360233,-0.0017476832248840592,0.023488744928974258,0.014828279106883299,0.021638284809185733,-0.022691651551128435,-0.014561649138824765,-0.0057895394641578075,0.0022940625197063608,-0.004959418281958989,-0.0004538788806372992
G02_1m_22133666,G02,1m,22133666,12,0.8476729614417498,0.17796178355630352,0.3632566557562274,-0.2072646873875135,-0.08956043043008881,0.0672319943005605,-0.009249312527441442,-0.05142527182227559,-0.0640607341842873,-0.12042363255167023,-0.09585183316075266,0.02645738712929117,0.05865674501042612,0.0021648142636893327,0.0045853701930986465,-0.06137290211154849,0.1390060874145668,-0.010439062065856888,0.05018980121947209,-0.03276708271068531,-0.04939211913402294,0.011575593041886078,-0.005749256574863501,0.006870443710239842,0.0004755869095997796,0.01754201452961088,0.01650310780226149,-0.004049784860744716,-0.007575433909792392,-0.0050432616347539285,0.0007163990001182428,0.001858164712636656
A03_2m_22133661,A03,2m,22133661,13,0.8846163110153429,-0.027132942299621557,0.2071615012657311,0.13980198718367484,-0.040754274651058894,0.0795178819762062,-0.14408486285186473,0.0920133069943592,0.2800740193269801,0.00121429014555371,0.0053889863508953815,-0.18446350906331688,0.044383982753420356,0.012710646889317582,-0.0035555940731656524,-0.01274144686710263,-0.017203307105288848,-0.005660990770214528,0.011484094058915451,0.03826041811629545,-0.0360031861702193,-0.028197344718129395,0.0042604470040780475,0.014956427131899576,0.019200434822544393,-0.0008641706480684458,-0.00858937686724228,0.004881209106003847,-0.0002312754315232136,0.0007978161161904127,0.003068285894834103,-0.0006253517806744394
A02__22038780,A02,,22038780,14,0.45702224194071855,0.44437874523706633,-0.1059509031759739,-0.21402296045681082,0.709032189328905,0.08700418085167361,-0.16092845418491825,0.009668404432549344,0.005251857524254487,-0.015829454438207376,-0.0203545978300132,0.003606539095030788,-0.011918752999011755,-0.031227609709654932,0.006454009622829429,-0.004868631310744149,0.027861572965663006,-0.010576426465555068,-0.006993674931661717,0.0022935660247612867,0.0002665199096470518,-0.0007913507728489241,0.000378121368822351,0.0006599584443047453,-0.000540262477547526,-0.0008396019041942102,-7.255217566339311e-06,-9.905816723988135e-06,0.00015723032096616905,0.00020180458858762255,0.0001902185177767511,4.1481171211153285e-05
G02_2m_22133628,G02,2m,22133628,15,0.8717075367225828,0.14543337960364164,0.3585034809886694,-0.14658850367524726,-0.09330560587050848,0.06383268586272625,-0.015427287229436903,-0.025105968377924462,-0.05008780769776398,-0.1136930386862907,-0.08416299839887662,0.01830470178271954,0.062182011982280364,-0.008312467321247474,-0.022969753389240077,-0.055675288010498654,0.1292056659321287,-0.010117535277279679,0.07597877630435516,0.03399188024627522,0.05287204334446783,-0.01334869262296192,0.005623135241727724,-0.0077025621809208465,-0.0004473954071682529,-0.015908290274212665,-0.01596130685909307,0.003216884994545636,0.007635999552640689,0.0047008330636848185,0.0001283179722420048,-0.0015471034865960234
D01_2m_22133646,D01,2m,22133646,16,0.8511568741403142,-0.15547979147251137,0.12173473561515734,0.35684633043320146,0.06945171079222864,-0.10370561163751327,-0.07272668667730121,-0.003768600639078962,-0.11868459651716223,0.014703092659043663,0.21920963618776024,0.03788533329586319,0.1472337309889996,0.03006075580500095,-0.01968630492417725,0.0076759678825795595,0.029299931970274768,-0.007801432444052683,-0.005223772136117471,0.027157632182060434,-0.020718614725259415,0.0018517932855098204,0.00043846332033165854,-0.02286720567446189,-0.011518403061441907,-0.019944429502637362,0.022863011939908195,0.01542333624265588,0.005628882586726901,-0.0029309122889117807,0.004329396834148468,-0.0005135943616168586
D02_2m_22133659,D02,2m,22133659,17,0.8314224764657848,-0.24095521399450195,-0.021506074433882222,0.33980144909415816,0.06913254567515625,-0.16968282362382336,-0.025810669331618744,-0.2223950591737764,0.020609190678142895,0.04740614935828811,-0.20807772409104003,-0.004567745028426066,-0.06283796445730384,-0.004055224760526645,0.01694755212858822,-0.0031753300651271832,0.0156122275879979,0.0005539022060019505,-0.0009222375866975848,0.011378894400527327,0.009085759703225,0.02092976759863514,-0.03724197547423042,0.0016518760082555649,0.023311227716946097,0.00649063718164624,0.0023647847512590337,0.01768377972043899,0.010174405516025449,0.00023138747609151398,0.0010539754025799147,-0.001127950828301332
E03_2m_22133674,E03,2m,22133674,18,0.7958182249608778,-0.3458708534862794,-0.30225110886621287,-0.299550031865948,-0.033136503536590464,-0.10701620971968376,-0.030095386985779578,-0.11924324634120291,0.023771264555416623,-0.0448294642529135,0.09390282082215934,-0.07177359050899484,-0.04516337354229976,-0.01945176264459596,-0.11891469516064691,0.06224669399057105,0.04050520290737746,-0.015788241274992933,-0.0007667812509238725,0.02191940431484441,-0.008186195061740958,0.009608698063655078,-0.0036714687954213588,-0.002758539082777598,-0.009462958147907515,0.009223298176806491,-0.0001623327257339928,-0.009945471267286482,0.004316101343274909,0.02374975352152555,0.007731361342837362,0.015789978177305795
D04_1m_22133636,D04,1m,22133636,19,0.8184884275650246,-0.3689103981873424,-0.24619631979796575,-0.05171612553322833,0.00769120030881052,0.2538874799203069,0.08931842262822363,-0.04650417375782968,0.0765357724227865,0.06949488931061285,-0.07242921317254923,0.09963624945436637,0.16028038094071026,-0.023972078879041715,0.0028209684567048914,0.05414470041114428,-0.02655857266383636,-0.019471223015938996,0.01202226151981633,-0.020646783933718375,0.005690896458936768,-0.01235075465466814,0.005496049107985706,0.0013068093580750066,0.015862863108765928,-0.0035664628298695818,0.02219007795083633,-0.012550009921095872,0.017001277122395148,0.015412013821400105,-0.007122097243210958,-0.0100531172122262
G01_1m_22133675,G01,1m,22133675,20,0.8955227498383066,0.0579528699908659,0.2792074606095155,-0.07594724978969035,-0.10747810052458505,0.04973117824782005,-0.2255430925612882,-0.025686925276200864,0.006190158521734159,0.014178247504928018,0.035731024648715845,0.15102737752343964,-0.092914924026211,-0.08593558553292936,-0.014518682857120059,0.009828140728433302,-0.056670307678390125,0.006286748398470471,-0.022283087585473826,-0.030683885503823078,-0.005879760089181029,0.019152672529603492,0.021892507932967615,0.024299663555163827,-0.0006685077575417516,-0.0163981761348566,-0.0059863321172291635,0.02498304732337955,0.003960926681340654,0.011675342482553329,0.0014191340144831784,0.0007325121584758006
G03_1m_22133655,G03,1m,22133655,21,0.9198299923186118,-0.16416160717622766,-0.08454880675028933,-0.015101927498375405,-0.004577706212969087,0.02145976935630042,-0.008888009830368422,0.2163815687245391,-0.12723058708952356,0.16644995594174308,-0.0941608792396453,-0.01698485502639091,-0.038131027526210136,0.018908079699002642,-0.10204147659546216,-0.08516528460479443,-0.022242677991012913,-0.018032450888425398,0.0026248433765483892,-0.007569698343957133,0.008444981934210767,0.0005967725535685398,0.0008603411335468226,0.002095366750177738,0.004289438824212875,0.0008838106583535821,0.005026154028976411,-0.005331107472939764,-0.005120786387491804,-0.0023943508505102477,0.03150416549069622,-0.010317554605368647
A03_1m_22133634,A03,1m,22133634,22,0.9055229898939965,-0.0019649435609334215,0.2155065831432247,0.1065612165189076,-0.027098303733961108,0.079338614498529,-0.12999051959075242,0.0874715181858586,0.23833789057420154,-0.005671942138138944,0.02667979519594994,-0.1685517289230519,0.022235480958457187,0.016910327394432118,0.012927985282137776,-0.015534711880610258,-0.027046913918042474,-0.01369356194148575,0.012068602057534536,-0.038189167580955904,0.03488104122903654,0.036313682403394894,-0.00570839410053892,-0.018717510734204364,-0.019724260452656094,0.0034212257570820953,0.010133364025659185,-0.006055782219117889,-0.001297316780669819,-0.0010113905774498694,-0.002958912616862353,0.0007071147110580884
G03_2m_22133670,G03,2m,22133670,23,0.9118637179165188,-0.18624108065521952,-0.10481863621244615,-0.02916996759200994,-0.006500253615985195,0.01116682138065528,-0.023421235458084836,0.21793829796009517,-0.12506179295368772,0.16925359949535201,-0.0989852963249286,-0.013971940926949993,-0.03135568433379276,0.019996612122775752,-0.09585056777193694,-0.09704570878457168,-0.01879073866280196,-0.010853966515867975,0.009446840729955646,0.011116613477778401,-0.011923552250201499,0.0010024442753673514,-0.0017538800381868454,-0.004789189732911528,-0.004980617850303255,0.0021678095187794783,-0.0037286611721516223,0.004404482955785264,0.0037022525698817404,0.001570686878959171,-0.030772468273269026,0.010276056663111674
D04_2m_22133630,D04,2m,22133630,24,0.8101787628317391,-0.3952783733061289,-0.24828996724073377,-0.09843067558406302,0.005906972805270033,0.213681649620339,0.08173329971642461,-0.04701534670312578,0.07643622206406285,0.08198582336758835,-0.0675384762264659,0.1101717057469308,0.16488312988242762,-0.02016868841074373,0.022078978843881412,0.0618737915881415,-0.016742189560958007,-0.01485353821636788,0.011119018615769206,0.015849351547834373,-0.004837618768797461,0.014485251549758752,-0.004656814495020713,-0.002905140831889388,-0.014929695827276936,0.003299712114783858,-0.022649703143619776,0.013677642712648447,-0.01780299994337675,-0.01543107662303502,0.006638175544185492,0.009616884676827765
E04_2m_22133643,E04,2m,22133643,25,0.7763286268976007,-0.4041429361218761,-0.33951484486147915,-0.21773464433879466,-0.03438793846739959,-0.1295822839026885,-0.0933158708753002,0.05344787993085085,-0.025009800890117395,-0.11002627456059005,0.01156758276466048,0.008673783141738157,0.033315964624898234,0.01955142460108555,0.1391721774695134,-0.08778146174628382,-0.02393792101334311,0.01713777940528553,-0.027582425936175357,0.017257157046307026,0.0008056911664888763,0.004551867242760024,-0.0010393600045547201,0.003542733618590622,-0.0033144691221004795,0.004885893877677213,-0.002253673387451634,-0.0031845859509117827,-0.0052243094380768915,0.014018747877845652,0.004055106109428837,-0.004830778511336092
C02_2m_22133637,C02,2m,22133637,26,0.8793728696477425,0.020487262433768284,0.21225570644603795,-0.08910960887420342,0.0768037099822765,-0.18661292599777457,0.2891455579182888,0.057355807132456166,0.15545552833819964,0.03800070932101436,0.07179361803600483,0.08654161787244871,-0.02702731286392266,-0.056327458902896047,0.0011421169910892184,-0.046876857307524084,0.017733246143429977,-0.004124219000548521,-0.02011762431240984,0.022924436981594597,-0.012129620502695252,0.03324497445330215,0.004970088888951817,0.009709610290063602,0.008299695390930773,-0.01923488288225413,-0.005800084722469046,-0.023896115936496525,0.007186908761051506,-0.008489770686028731,-0.0018556726835441712,-0.0024891774873752465
E01_2m_22133653,E01,2m,22133653,27,0.8245344918794303,-0.30904897193568254,-0.08589111867751763,0.2696233166704173,0.053295859398584784,0.25363736892438715,0.1436576142533328,0.003003986303591587,-0.04770062747744285,-0.16000121602749803,0.060848897675684306,-0.008744740197815383,-0.15788536667870048,0.002875027715710228,0.01278299875790997,-0.021610160478166072,0.0068695529542257,0.01579181401113005,0.0032466116945861294,0.019396813082332275,-0.012745882140773473,0.008396261147205073,-0.002175667125336296,-0.0037333582098914016,-0.01395493076899672,0.005944167891716762,-0.007332569195777706,0.00461768136322573,-0.009726120707839486,0.008334752211329169,-0.007152691419972037,-0.021901036334498337
B02_1m_22133663,B02,1m,22133663,28,0.7648362527940347,0.5264184344379854,-0.2779704374031232,0.05097603598667572,-0.04139727112392407,-0.0032789665087607136,0.028472781580645725,-0.025845033572131235,0.0015187983589374982,0.03284614173142729,0.013113377628569785,-0.030641132400175807,0.051174418705160034,-0.027265944974976947,-0.028515143072776823,-0.005021916644499906,-0.013466292488892286,0.2169919990035143,0.05037963176090282,-0.004596359279543766,-0.005366510560175182,-0.0027899946817839206,-0.007582721503142844,0.012148876382708089,-0.01992621802202842,0.005318518578424426,-0.004983348681774987,-0.00045876898495666725,0.019603496107810776,-0.004186372258817315,0.0030310809148070246,-0.0030860179646734747
A01_1m_22133645,A01,1m,22133645,29,0.7991715774350656,0.05501732319140332,0.23035071432209003,-0.2968294190943524,-0.019543139662213865,0.13849964939561196,0.03699928851547026,-0.19428982464744182,-0.04434731300745055,0.28223912755043,0.12796177545307388,-0.05623600195919861,-0.09866231023631188,0.19089216566911094,0.10648196159012546,0.005013386352382043,0.03910347708310989,0.019123741353252257,-0.017537022850887173,0.0031851274316707545,0.002823554206365426,-0.0027996850722533124,0.00018200013689863965,0.0025586407268428073,0.0006502554238432577,-0.002111449270923359,1.8725671945359354e-05,1.9612087605788544e-05,0.0007151588442291048,0.0006434845728105706,-0.0002784331340684564,-0.00040101824865751483
B01_2m_22133687,B01,2m,22133687,30,0.7488916819657268,0.556064728157165,-0.2304005971770169,0.09885359233381533,-0.12228844240162254,0.04433422914139832,0.02807601264695375,-0.0017457759598396815,-0.06421454058918273,0.0508585021195085,0.011730550256586116,-0.07880678573811417,0.005835654419231198,-0.11903816377082248,0.05773210227835827,0.007549985876098231,0.032669242963829524,-0.1145382982504012,-0.06615740945694054,0.005836475685789386,0.007658246586240242,-0.013502255662536763,-0.027261652203305828,0.030332443132664463,-0.022430835005406886,-0.011501306291923955,0.008014671557110898,-0.0041219039224989545,-0.002161378602376252,-0.0008125049176008957,-0.001688989940124433,0.0005339829795606338
D02_1m_22133686,D02,1m,22133686,31,0.8291572027292637,-0.2133663175141008,0.003373260611851612,0.35780359726861827,0.06543535508710824,-0.18878696475418158,-0.03601365239047474,-0.22145809444194764,0.019843634578052403,0.05587763787697489,-0.20758836690134413,-0.014561093290002313,-0.029348578573720165,0.005625644837808402,0.017732740626773498,-0.007742668765786989,0.007942669812034443,-0.00044286725967309883,-0.0020972101960258127,-0.01205257061656357,-0.006475815227097306,-0.018775726524241868,0.03833867074057681,-0.0009860601644617148,-0.024009529957570334,-0.006273748374472653,-0.0014912064866747952,-0.017034253026579543,-0.009613505129841606,-0.0001238767985264931,-0.000928769761494908,0.0009553422320331215
B03_1m_22133624,B03,1m,22133624,32,0.7202503744475129,0.5637128179382527,-0.28371067215966883,0.042771674709380064,-0.024683672382186814,-0.09652347802104058,0.002908336554441139,0.015903034916884988,0.06488772540475972,-0.059730108118392786,0.008235991183982057,0.11119394576065444,-0.041476415106542756,0.13963462592975762,-0.017054343065773185,0.02526241447251392,-0.07996430525994211,-0.0216050959074451,0.15223123344023495,0.0014504020185242984,0.002711482220125282,-0.0018570200930768613,-0.012437776861812244,0.0075607340024581565,0.0047955033327164625,-0.015283279831677848,0.009374236914737584,-0.0028603387784345955,-0.02100959696621105,0.005166510624819972,-0.0024776030802526397,0.002620266819144662
